order_id,customer_id,customer_name,customer_email,order_date,product_id,product_name,product_category,quantity,unit_price,discount_percentage,shipping_cost,total_amount,payment_method,order_status,shipping_address,city,country,postal_code,is_priority_order
ORD000001,CUST9935,Allison Hill,jillrhodes@miller.com,2025-11-24 03:01:00,PROD189,Early Phone,Books,5,493.56,0.04,5.12,2374.21,Credit Card,Returned,"386 Shane Harbors, Port Lindachester, KY 20880",Port Matthew,India,12657,True
ORD000002,CUST7873,Ian Cooper,blairamanda@yahoo.com,2025-04-22 07:32:00,PROD325,Bar Watch,Sports,10,57.94,0.06,32.49,577.13,UPI,Cancelled,"310 Kendra Common Apt. 164, Reidstad, MN 47067",Lake Joseph,India,90094,True
ORD000003,CUST7224,Lisa Jackson,stevennelson@watts.com,2025-12-24 13:21:00,PROD199,Drop Book,Groceries,5,315.18,0.29,16.83,1135.72,UPI,Pending,"4139 Lewis Parks Suite 724, East Julie, KS 98413",Hurstfurt,Canada,47948,False
ORD000004,CUST5803,Zachary Hicks,callahaneric@conner.org,2026-02-18 01:46:00,PROD949,Attack Bag,Sports,8,1074.78,0.29,18.93,6123.68,UPI,Cancelled,"480 Erin Plain Suite 514, Mooretown, VA 35023",New Rita,Canada,82460,True
ORD000005,CUST7227,Mark Lynch,kathryn88@george.com,2025-12-27 02:02:00,PROD384,Brother Watch,Beauty,4,1547.27,0.3,42.77,4375.13,UPI,Pending,"USNV Allen, FPO AE 74865",North Jessicaland,USA,70323,False
ORD000006,CUST3803,Betty Alvarez,allison96@hickman.com,2025-07-01 06:42:00,PROD646,Sell Bag,Fashion,5,1405.13,0.21,3.57,5553.83,Debit Card,Returned,"8713 Caleb Brooks Apt. 930, Lake Crystalbury, AZ 43810",New Johnfort,UK,28581,False
ORD000007,CUST4752,Miranda Khan,kristenaguirre@gmail.com,2025-05-19 20:44:00,PROD941,Between Laptop,Groceries,9,443.13,0.1,38.42,3627.77,UPI,Pending,"6670 Bruce Stream Suite 133, New Shane, HI 37010",Wrightland,UK,58583,False
ORD000008,CUST8517,Savannah Garcia,housemelinda@russell.com,2025-02-03 06:58:00,PROD246,Treatment Book,Fashion,10,1753.35,0.09,32.77,15988.26,Debit Card,Delivered,"60647 Henderson Street, Mooreport, AR 76415",Lake Leeton,Australia,77070,False
ORD000009,CUST9085,Thomas Schmidt,yorkcasey@leonard.biz,2026-01-18 18:27:00,PROD193,Call Chair,Electronics,10,801.8,0.07,49.88,7506.62,Credit Card,Cancelled,"USNS Riley, FPO AE 81684",South Dianeshire,USA,69023,True
ORD000010,CUST5119,Dean Santiago,josephanderson@hotmail.com,2026-02-10 21:27:00,PROD666,First Chair,Electronics,10,131.74,0.11,49.81,1222.3,Cash on Delivery,Cancelled,"79911 William Curve, Nicolebury, LA 21177",Bassport,Australia,80674,True
ORD000011,CUST8433,Dr. Kendra Contreras,mcmillandennis@gmail.com,2025-12-16 17:48:00,PROD103,Voice Bag,Beauty,5,1538.35,0.1,14.68,6937.25,UPI,Processing,"4935 Grace Walk, Williamview, AR 12598",Calderonton,Canada,00965,True
ORD000012,CUST3646,Carlos Whitney,barnold@smith.com,2025-09-17 03:55:00,PROD652,Offer Chair,Sports,5,1684.13,0.15,9.95,7167.5,Credit Card,Shipped,"826 Bobby Lakes Apt. 533, West Kimberlychester, WA 20758",Port Francisco,Canada,23707,False
ORD000013,CUST4946,Allison Doyle,vpham@gmail.com,2025-09-08 00:07:00,PROD999,Example Phone,Electronics,6,1758.05,0.25,15.38,7926.61,Credit Card,Pending,"0733 Bailey View, East Andrew, MO 43526",Michelleview,Australia,46526,False
ORD000014,CUST3705,Jennifer Zavala,wilsontara@gmail.com,2026-02-22 02:48:00,PROD371,Partner Phone,Groceries,9,1532.84,0.04,23.76,13267.5,Wallet,Cancelled,"USNV Johnson, FPO AP 57460",Jessicamouth,UK,57700,True
ORD000015,CUST8177,Kayla Cruz,bradley60@frost.com,2026-04-21 17:48:00,PROD629,Himself Watch,Electronics,4,1427.33,0.12,33.58,5057.78,Debit Card,Shipped,"514 Estrada Islands Suite 482, South Elizabeth, TX 98560",New Ashley,USA,53726,True
ORD000016,CUST1964,April Mitchell,steven73@hotmail.com,2025-06-23 00:37:00,PROD334,Material Laptop,Electronics,9,464.08,0.07,3.55,3887.9,UPI,Returned,"148 Davis Terrace, Lake Lance, ID 19814",North Johnfort,India,80621,True
ORD000017,CUST8744,Angel Perry,psnyder@douglas.com,2025-05-23 21:31:00,PROD348,Start Chair,Books,4,1080.77,0.22,44.12,3416.12,Net Banking,Cancelled,"870 Samantha Crossing, Andersonmouth, NC 73760",Stephaniemouth,USA,80802,True
ORD000018,CUST2612,Stephanie Simmons,juliawells@yahoo.com,2025-02-19 21:27:00,PROD162,Society Watch,Beauty,6,850.04,0.14,36.45,4422.66,UPI,Returned,"734 Jones Heights Apt. 455, East Edwardfurt, FL 93092",North Robert,India,43870,True
ORD000019,CUST8260,Jennifer Clark,lstein@hotmail.com,2025-04-09 06:34:00,PROD927,Again Chair,Groceries,8,284.66,0.06,23.13,2163.77,Wallet,Pending,"0546 Medina Street Apt. 734, Tuckerfurt, TN 89517",Ramseymouth,India,17229,True
ORD000020,CUST7658,Ms. Susan Vargas,dayderek@white-green.com,2025-11-30 17:53:00,PROD597,Development Watch,Fashion,1,1938.15,0.28,42.43,1437.9,Net Banking,Processing,"4641 Smith Plains Apt. 531, Port Anthonybury, AK 81940",East David,India,88248,True
ORD000021,CUST8973,Travis Marshall,gary91@gmail.com,2025-07-14 00:24:00,PROD258,Foreign Shoes,Home,5,1853.4,0.24,14.26,7057.18,Debit Card,Returned,"9663 Brittany Village, North Heidi, TX 79198",Port Tonyaton,India,46009,True
ORD000022,CUST1931,Mary Jones,atkinsonlynn@gmail.com,2026-01-18 10:03:00,PROD620,Lead Laptop,Groceries,1,1170.43,0.15,42.64,1037.51,Debit Card,Processing,"USCGC Zimmerman, FPO AA 23587",Christinaside,India,63873,True
ORD000023,CUST2343,Roger Vargas,mariahmiller@yahoo.com,2025-12-12 07:25:00,PROD529,Either Bag,Sports,2,1883.48,0.17,28.95,3155.53,Wallet,Pending,"0752 Lewis Union Suite 549, Angelahaven, CO 32136",Freemanbury,Canada,91020,False
ORD000024,CUST8491,Michael West,phillipsrichard@torres.com,2026-04-24 08:13:00,PROD423,Material Chair,Electronics,6,481.18,0.12,33.58,2574.21,Credit Card,Shipped,"8557 Parker Fort Apt. 351, East Javier, KY 95473",Tinaborough,UK,39330,True
ORD000025,CUST7054,Christopher Smith,brandon08@terry-martinez.info,2025-02-07 17:13:00,PROD391,Board Shoes,Books,9,534.07,0.28,44.04,3504.81,Wallet,Processing,"7752 Johnny Wall Suite 116, Joneston, FL 74273",Christopherbury,Australia,16026,False
ORD000026,CUST3200,Jennifer Carlson,chayes@dalton-branch.com,2025-11-10 20:33:00,PROD370,Outside Laptop,Electronics,1,1337.39,0.17,46.59,1156.62,Cash on Delivery,Pending,"34123 Andrea Estate, South Shannonfort, AZ 30841",Jasminemouth,Canada,09830,True
ORD000027,CUST9280,Tammy French,owilson@hernandez.com,2025-05-20 09:38:00,PROD600,Company Book,Groceries,4,1436.64,0.06,31.71,5433.48,Credit Card,Shipped,"1746 Mason Park Suite 190, Navarroview, CO 30506",Port Emilyview,India,76030,False
ORD000028,CUST8239,Peter Ruiz,howard96@hotmail.com,2026-03-01 08:02:00,PROD664,Teach Bag,Books,1,670.45,0.04,48.99,692.62,Wallet,Processing,"5655 Mia Isle, Steeleport, MO 72603",South Christopherview,India,42873,True
ORD000029,CUST8041,Raymond Hancock,mgutierrez@cox.com,2025-02-08 22:57:00,PROD230,Democrat Laptop,Home,3,1093.45,0.25,29.13,2489.39,UPI,Processing,"7710 Jennifer Inlet, New Rickybury, DE 60983",Lake Marilynfort,India,94427,False
ORD000030,CUST3532,Michael Perry,jsanchez@gmail.com,2025-04-18 21:15:00,PROD342,Identify Chair,Fashion,2,710.59,0.17,43.74,1223.32,Debit Card,Cancelled,"46584 Justin Hills, Grimesmouth, NJ 45737",Andreaside,UK,49942,True
ORD000031,CUST5065,Frank Lopez,xhall@williams-garner.biz,2025-04-02 23:59:00,PROD373,Imagine Shoes,Groceries,6,1565.86,0.12,33.5,8301.24,Cash on Delivery,Returned,"Unit 2702 Box 8951, DPO AA 13570",Smithberg,India,54237,False
ORD000032,CUST4728,Tracy Jones,cindy61@yahoo.com,2026-03-23 01:54:00,PROD328,Together Laptop,Beauty,8,448.76,0.24,23.02,2751.48,Debit Card,Shipped,"7809 Jimmy Spur Suite 316, Port Cynthiaville, GA 91465",Rebeccaton,UK,43017,False
ORD000033,CUST6425,Elaine Brooks,amandaknight@jackson.org,2025-05-23 02:49:00,PROD128,Truth Laptop,Home,5,705.54,0.15,33.98,3032.53,Debit Card,Cancelled,"9237 Stevens Shores, Port Stevenport, ND 21207",South Sierrashire,Canada,39711,False
ORD000034,CUST2894,Jessica Wright,yvonnecastaneda@gmail.com,2025-01-20 03:38:00,PROD494,Economic Phone,Fashion,7,694.65,0.24,21.82,3717.36,UPI,Cancelled,"440 Hill Port Apt. 974, New Laurie, SC 25421",Ericaberg,India,82846,False
ORD000035,CUST6967,Mark Williams,rileyjessica@gmail.com,2025-01-01 16:59:00,PROD541,Where Laptop,Beauty,9,1375.28,0.28,36.85,8948.66,UPI,Processing,"32858 Rivas Glens Suite 451, Mccartyberg, IN 89148",Coffeyside,Canada,48443,False
ORD000036,CUST5844,James Baker,vrichardson@baker.com,2025-12-06 03:46:00,PROD667,Box Shoes,Fashion,5,1016.71,0.2,16.31,4083.15,Net Banking,Returned,"98593 Cynthia Mountain Suite 612, North Kevinfort, CT 31276",South Shawn,Australia,88382,False
ORD000037,CUST5978,Melissa Fernandez,fpena@russell.com,2025-12-13 23:57:00,PROD393,Director Shoes,Books,3,1232.95,0.09,27.4,3393.35,Wallet,Pending,"1585 Raymond Field, Port Madisonland, IL 84610",North Kristinbury,Canada,17006,False
ORD000038,CUST3780,Christine Gallegos,lisahall@kramer.com,2025-08-27 14:28:00,PROD774,Factor Laptop,Home,4,1024.79,0.24,47.99,3163.35,Wallet,Returned,"84210 Alexis Turnpike, New Mario, KS 07369",Lake Robert,Australia,15397,False
ORD000039,CUST8784,Karen Strickland,ngordon@acosta.net,2025-02-17 07:43:00,PROD725,Fish Chair,Groceries,5,453.16,0.06,1.22,2131.07,Credit Card,Processing,"76617 Jones Common, Charleneland, KY 82331",Oscarhaven,UK,39153,False
ORD000040,CUST1090,Larry Garcia,russellbeasley@morgan-chavez.biz,2026-03-30 20:36:00,PROD868,Show Chair,Groceries,4,1438.1,0.12,19.98,5082.09,Credit Card,Processing,"4527 Christopher Corner Apt. 615, New Brian, OH 43708",South Michaelchester,UK,95011,True
ORD000041,CUST3184,Dwayne Edwards,ericolson@bell.com,2025-04-01 22:33:00,PROD920,Building Watch,Beauty,8,105.19,0.07,42.42,825.03,Wallet,Delivered,"8998 Chelsea Shoals, Anthonyview, WV 41000",Michaelburgh,Canada,19277,False
ORD000042,CUST8777,Jennifer Thomas,reesejason@chavez-moore.com,2026-05-02 14:39:00,PROD560,Set Book,Groceries,9,856.35,0.27,22.3,5648.52,Debit Card,Processing,"22901 Ramos Manors, Lawsonchester, IL 99452",West Russellport,Australia,89396,False
ORD000043,CUST6502,Katelyn Estrada,randallgreene@harris.com,2026-01-28 16:31:00,PROD427,South Phone,Electronics,4,552.82,0.02,14.29,2181.34,Debit Card,Shipped,"07622 Patel Forks Suite 160, Smithland, MD 75966",Berrychester,USA,38448,True
ORD000044,CUST2020,Alex Nguyen,christopher13@yahoo.com,2025-07-16 22:09:00,PROD311,Perform Chair,Books,4,133.14,0.12,27.13,495.78,Net Banking,Delivered,"4535 Charles Roads, New Williamstad, VA 85100",East Curtis,Canada,34051,True
ORD000045,CUST9818,Lance Wolf,stephanieburton@webster-wolf.info,2026-03-15 18:24:00,PROD865,Responsibility Bag,Sports,8,16.76,0.11,37.67,157.0,Wallet,Delivered,"PSC 9955, Box 2717, APO AA 83257",Laurashire,USA,07863,False
ORD000046,CUST3704,Benjamin Murray,woodjustin@lin.net,2025-04-23 08:27:00,PROD960,If Watch,Fashion,8,62.9,0.1,33.96,486.84,Wallet,Delivered,"9359 Mason Circle, Garciamouth, CO 66633",North John,Canada,57878,True
ORD000047,CUST3977,Kelly Bishop MD,vortiz@hotmail.com,2026-04-10 12:37:00,PROD151,Piece Book,Books,10,1327.68,0.03,21.43,12899.93,UPI,Delivered,"51864 Cummings Shoals Apt. 519, West Kyle, UT 87288",Andersonland,USA,41078,False
ORD000048,CUST8705,Maria Murphy,lucasrodney@smith-parker.com,2025-06-17 10:48:00,PROD119,Growth Bag,Sports,7,560.12,0.29,21.08,2804.88,Credit Card,Pending,"USCGC Lee, FPO AE 20809",West Meganville,Germany,67044,True
ORD000049,CUST3496,Sandy Stephenson,nancy92@bennett.org,2025-11-29 02:49:00,PROD344,Table Shoes,Books,1,1509.7,0.28,9.97,1096.95,Cash on Delivery,Pending,"PSC 7065, Box 3794, APO AP 59342",New John,India,61975,True
ORD000050,CUST3683,Cheyenne Gregory,xhammond@yahoo.com,2025-08-27 22:16:00,PROD418,Morning Laptop,Sports,6,339.74,0.18,37.4,1708.92,Credit Card,Pending,"92407 Spencer Cove, West Christopherburgh, NV 67787",Port Samuel,Germany,29603,False
ORD000051,CUST5941,Stacey Arias,sandersnathaniel@yahoo.com,2025-07-23 22:12:00,PROD970,Beat Bag,Sports,2,1186.24,0.25,12.14,1791.5,Credit Card,Returned,"1522 Justin Village, Hortonberg, VT 61988",Gilbertland,Canada,02991,True
ORD000052,CUST9031,Ruben Dunn,parsonsjohn@gmail.com,2025-06-27 17:27:00,PROD208,Anyone Watch,Home,6,142.57,0.19,0.63,693.52,Cash on Delivery,Delivered,"17980 Jennifer Highway Suite 095, New Robert, TN 11722",Carloshaven,UK,71814,True
ORD000053,CUST8921,Virginia Spencer,ywilliams@yahoo.com,2025-08-11 05:46:00,PROD576,Environment Watch,Groceries,9,1931.12,0.08,40.41,16030.08,Cash on Delivery,Cancelled,"53195 Bradley Plains Suite 277, Port Dennis, WI 60489",West Jamesborough,Canada,05993,False
ORD000054,CUST7209,Eric Sanders,benjamin34@yahoo.com,2025-06-15 07:53:00,PROD444,Training Laptop,Books,2,561.46,0.14,37.52,1003.23,UPI,Cancelled,"1566 Kline Lights Suite 277, Sandrahaven, CO 95801",Millerburgh,USA,71997,False
ORD000055,CUST1166,Brian Murphy,sean62@hotmail.com,2025-04-19 11:51:00,PROD629,Life Shoes,Electronics,5,683.98,0.26,35.06,2565.79,Debit Card,Shipped,"596 Fowler Turnpike, North Emilyfurt, NY 98791",North Douglas,Australia,80136,False
ORD000056,CUST2524,Jessica Martinez,michael90@hernandez.info,2025-09-08 17:48:00,PROD401,Source Shoes,Books,4,1382.77,0.19,24.54,4504.71,Cash on Delivery,Pending,"565 Wright Crescent, Lake Jacobhaven, OH 15936",Kimberlymouth,USA,28625,False
ORD000057,CUST6419,Donna Hendricks DDS,melissahayes@wallace.com,2025-12-06 18:23:00,PROD460,Region Bag,Books,8,1109.18,0.1,49.83,8035.93,UPI,Cancelled,"844 Jennifer Squares, Port Michael, DE 26843",East Kristy,Germany,03946,False
ORD000058,CUST4033,Kenneth Mcdonald,jonesraymond@higgins.org,2025-04-29 03:46:00,PROD296,Back Shoes,Beauty,4,634.52,0.22,47.54,2027.24,Net Banking,Returned,"177 Anderson Village Apt. 268, Port Davidberg, GA 21730",Sarahbury,Germany,45854,False
ORD000059,CUST5494,Kelly Campbell,james84@weber.net,2025-02-21 06:18:00,PROD146,Better Laptop,Sports,4,724.96,0.09,35.4,2674.25,UPI,Processing,"922 Kirby Port, Port Michelleland, SD 76099",Debrashire,Australia,55103,True
ORD000060,CUST1841,Amanda Small,timothy64@yahoo.com,2025-11-23 15:06:00,PROD358,Baby Chair,Books,1,1150.26,0.14,22.02,1011.24,Credit Card,Processing,"6773 Lawson Island, Jessicastad, DC 49068",West Johnville,India,35559,False
ORD000061,CUST5066,Charles Williams,kwright@yahoo.com,2025-09-09 02:36:00,PROD221,World Phone,Groceries,1,307.7,0.24,47.46,281.31,Net Banking,Pending,"27877 Jimenez Course Suite 873, New Michael, LA 65367",Mitchelltown,Canada,14590,True
ORD000062,CUST6003,Stephen Luna,brandon09@hotmail.com,2026-02-02 16:24:00,PROD682,Day Phone,Electronics,8,1817.47,0.09,29.43,13260.61,Wallet,Delivered,"68784 David Court Suite 558, Kariborough, NY 53111",North Benjaminmouth,Australia,62595,True
ORD000063,CUST2229,Brittany Barry,sarah52@ewing-stevenson.com,2026-05-01 06:40:00,PROD260,Personal Laptop,Books,4,532.97,0.02,11.99,2101.23,Net Banking,Cancelled,"947 Micheal Spring Apt. 694, New Thomasshire, IN 95056",New Timothyhaven,Australia,82948,False
ORD000064,CUST4824,Patricia James,armstrongjackie@smith.biz,2025-05-30 01:14:00,PROD370,Civil Chair,Groceries,5,1415.38,0.21,22.7,5613.45,Cash on Delivery,Returned,"8970 April Points, Whitneyfort, MS 41625",South Rhonda,Canada,45370,True
ORD000065,CUST1977,Megan Dillon,plee@yahoo.com,2025-08-06 03:34:00,PROD269,Open Chair,Home,4,1297.03,0.27,41.33,3828.66,Wallet,Pending,"3757 Castro Underpass Suite 419, Huangfurt, MI 19699",Bobbyland,Australia,45899,False
ORD000066,CUST8172,Mary Burgess,marianelson@horton.org,2025-08-13 03:29:00,PROD182,Education Phone,Electronics,5,1400.97,0.28,25.02,5068.51,Net Banking,Delivered,"301 Rivera Mountains, Lake Kellitown, GA 53835",Woodsborough,Australia,99579,False
ORD000067,CUST1339,Erica Brewer,amandasharp@gentry.biz,2025-11-06 08:01:00,PROD883,Us Bag,Groceries,2,461.7,0.2,43.03,781.75,UPI,Cancelled,"7240 Kenneth Rapids, West Justinside, NM 18090",Nelsonville,Canada,43844,True
ORD000068,CUST8141,Jimmy Scott,doylekrystal@craig.biz,2026-01-26 05:30:00,PROD750,The Chair,Books,9,1304.76,0.27,9.07,8581.34,Credit Card,Cancelled,"61227 Boyle Avenue Suite 637, Stephanieport, VA 75589",West Desireebury,UK,08643,False
ORD000069,CUST7561,Julie Moore,fowlershelia@yahoo.com,2025-07-29 10:20:00,PROD933,Possible Chair,Sports,2,1716.18,0.1,34.68,3123.8,Credit Card,Shipped,"2795 Miles Mountains, Port John, PA 11231",Ricestad,UK,10738,True
ORD000070,CUST9889,Ashley Poole,franklinbond@wilson-harris.org,2025-06-11 08:20:00,PROD573,Middle Watch,Electronics,2,1940.52,0.12,25.73,3441.05,Debit Card,Pending,"72867 Angelica Spring Suite 064, Lake Jefferyland, NE 45659",New Virginialand,Canada,62376,False
ORD000071,CUST8178,Jason Mack,victoria67@yahoo.com,2025-11-15 15:40:00,PROD815,How Watch,Electronics,8,1521.18,0.06,27.46,11466.73,Credit Card,Shipped,"512 Rice Stream, Port Adam, ME 61187",Patelbury,Australia,32942,True
ORD000072,CUST8560,Christopher Lopez,pachecorobert@allen.com,2025-12-30 05:19:00,PROD220,Phone Bag,Groceries,9,32.28,0.12,11.24,266.9,Debit Card,Pending,"06738 Karen Trail, East Williamport, VA 76012",Barbaramouth,UK,31552,False
ORD000073,CUST3369,Charles Keller,dturner@fry.biz,2025-09-18 22:17:00,PROD492,Only Shoes,Sports,7,1670.27,0.29,12.19,8313.43,Wallet,Cancelled,"685 Russell Hills Suite 287, Port Jeremiah, VT 19421",Melendezside,Australia,54591,True
ORD000074,CUST5634,Kristin Anderson,james17@davis-hardy.com,2026-03-19 02:17:00,PROD843,Approach Book,Groceries,7,683.05,0.24,13.36,3647.19,Wallet,Pending,"39837 Molly Isle, Susantown, ID 97687",Lake Yvonnefort,Canada,32298,False
ORD000075,CUST8460,Michele Sanders,kimberly67@wong.info,2026-03-20 04:28:00,PROD429,Man Chair,Fashion,9,971.26,0.1,38.14,7905.35,Cash on Delivery,Delivered,"3556 Anna Forges Apt. 048, Phillipsborough, IN 50287",South Andrea,USA,90265,False
ORD000076,CUST3492,Phillip Burns,yjackson@yahoo.com,2025-04-30 13:02:00,PROD607,Condition Laptop,Fashion,6,1490.69,0.21,40.57,7106.44,Wallet,Delivered,"80801 Kathy Loop Apt. 312, East Williamstad, RI 84089",Hopkinstown,Canada,01367,False
ORD000077,CUST7717,Jennifer Smith,andre62@gmail.com,2026-03-22 03:55:00,PROD991,Why Bag,Fashion,8,203.92,0.27,0.77,1191.66,Credit Card,Processing,"39845 Norton Common, Susanmouth, IA 91889",West Gabriella,UK,11067,False
ORD000078,CUST7226,Shannon Malone,jgray@brown-smith.com,2025-06-23 19:44:00,PROD424,Beautiful Bag,Beauty,7,1301.42,0.26,42.62,6783.98,Net Banking,Cancelled,"591 Jerry Ways Suite 401, Rachelshire, AZ 24009",Alexisborough,Canada,77444,True
ORD000079,CUST2646,Robert Nicholson,francisco39@rhodes-fernandez.biz,2025-11-13 02:15:00,PROD554,Someone Shoes,Beauty,5,1994.86,0.22,21.7,7801.65,UPI,Pending,"501 Hall Club, Cassiefurt, MD 04384",Kristenmouth,India,64805,True
ORD000080,CUST3950,Juan Bennett,nmiller@yates-marquez.com,2025-06-16 01:18:00,PROD274,Executive Shoes,Electronics,6,752.81,0.04,26.56,4362.75,Wallet,Cancelled,"655 Christopher Inlet, Wardview, DC 11943",South Shane,UK,73211,True
ORD000081,CUST8622,Ashley Davis,michelle04@hughes-miller.net,2025-09-12 18:09:00,PROD394,West Bag,Sports,4,924.99,0.08,12.77,3416.73,Debit Card,Pending,"Unit 3982 Box 6224, DPO AA 35681",Thomasburgh,India,57474,False
ORD000082,CUST4263,Elijah Patton,sheryl79@hotmail.com,2026-04-29 11:37:00,PROD493,Deal Chair,Books,5,1279.68,0.13,12.5,5579.11,Credit Card,Shipped,"0659 Brock Isle, Cookberg, MD 79565",South Leon,USA,52699,False
ORD000083,CUST7484,Doris Neal,markramirez@yahoo.com,2025-10-20 11:36:00,PROD381,His Laptop,Sports,5,1985.42,0.09,48.9,9082.56,Cash on Delivery,Returned,"828 Stephanie Mountain, South Lauren, UT 09565",Chambersberg,Australia,83513,True
ORD000084,CUST6772,David Moore,mjones@yahoo.com,2026-04-12 19:47:00,PROD324,Pass Bag,Fashion,8,1666.51,0.27,38.79,9771.21,Wallet,Processing,"058 Daniel Gateway Suite 290, Rasmussenmouth, NE 14387",North Jonathanhaven,Germany,98392,True
ORD000085,CUST3153,Lauren Johnston,peter98@gmail.com,2025-11-18 03:57:00,PROD192,Hair Book,Home,1,621.32,0.13,28.98,569.53,Cash on Delivery,Returned,"Unit 7146 Box 1125, DPO AA 45467",Muellerhaven,UK,63799,True
ORD000086,CUST3695,Brent Bowen,carlos01@gmail.com,2025-04-13 04:50:00,PROD363,Time Chair,Books,9,1753.54,0.11,25.09,14070.95,UPI,Shipped,"238 Andrea Isle, Mullenbury, MO 83044",East Danielle,Australia,57141,False
ORD000087,CUST7511,Omar Ware,tprice@gmail.com,2026-02-16 03:29:00,PROD966,Describe Chair,Sports,2,285.81,0.29,43.01,448.86,UPI,Returned,"182 Nguyen Mount, West Emilyfort, SC 41579",Carrshire,India,15473,False
ORD000088,CUST7242,Ryan Williamson,powerslawrence@gmail.com,2025-01-08 08:34:00,PROD942,Focus Bag,Home,2,912.3,0.2,33.62,1493.3,Credit Card,Cancelled,"286 Carlson Ports Suite 627, New Garrett, DC 25024",Meganton,Australia,47560,True
ORD000089,CUST8606,Kari Lee,fortiz@yahoo.com,2025-08-30 00:39:00,PROD817,See Book,Beauty,9,659.37,0.18,32.38,4898.53,Net Banking,Returned,"19034 Joshua Plain Suite 279, Dunnville, DE 35613",Amberton,India,94739,True
ORD000090,CUST8432,Daniel Coleman,nancy07@bailey-montoya.info,2025-01-24 01:19:00,PROD479,Tree Bag,Beauty,8,236.66,0.07,26.88,1787.63,Cash on Delivery,Delivered,"Unit 3395 Box 9629, DPO AE 27583",Port Brian,Canada,46483,False
ORD000091,CUST7686,Linda Jackson,ashley81@gmail.com,2025-10-28 23:46:00,PROD386,Social Laptop,Beauty,3,1771.4,0.2,41.68,4293.04,UPI,Cancelled,"2232 Poole Trace, Burnsshire, KY 82789",Brooksland,USA,83551,False
ORD000092,CUST6876,Patricia Powell,shawn75@hotmail.com,2025-08-16 07:54:00,PROD162,Able Watch,Home,6,203.21,0.21,27.22,990.44,Debit Card,Returned,"751 Robinson Meadow, South Joseph, LA 44771",New Melissa,India,45555,False
ORD000093,CUST4362,Pamela Williams,martinezmia@yahoo.com,2025-02-16 21:13:00,PROD170,Loss Chair,Groceries,10,1942.33,0.02,16.68,19051.51,Wallet,Processing,"24241 Wright Landing Apt. 064, South Diana, CT 00643",South Christian,USA,78315,True
ORD000094,CUST3129,Michael Smith,mcneilrobert@gmail.com,2026-02-21 07:21:00,PROD653,Mean Book,Groceries,3,1578.34,0.18,13.86,3896.58,Debit Card,Processing,"11554 Patrick Via Apt. 218, New Debramouth, VA 28426",South Christina,India,58485,True
ORD000095,CUST7897,Angelica Garcia,bbell@moody-wright.com,2025-03-09 00:22:00,PROD638,Energy Laptop,Beauty,4,1179.76,0.0,13.27,4732.31,Credit Card,Processing,"043 Julie Hill Apt. 376, East Victorland, AL 47830",Davidshire,UK,55664,False
ORD000096,CUST9543,Michael Farmer,matthewsalexander@williams.biz,2026-02-03 11:32:00,PROD408,Move Watch,Beauty,10,222.56,0.15,47.27,1939.03,Credit Card,Pending,"6188 Joshua Inlet Apt. 832, Peterland, UT 57843",North John,India,57449,False
ORD000097,CUST6277,Logan Brown,smithderrick@martin.net,2026-03-10 12:27:00,PROD722,Nation Shoes,Electronics,2,983.09,0.27,3.67,1438.98,Debit Card,Pending,"52410 Roman Groves Apt. 491, Gibsonstad, NM 74803",West Eric,Germany,13988,False
ORD000098,CUST2874,Megan Wilson,trevinoalexander@ruiz.com,2025-07-15 19:33:00,PROD973,Country Bag,Beauty,5,910.16,0.18,4.96,3736.62,Wallet,Returned,"USS Tran, FPO AP 97581",Walkerbury,Australia,55060,True
ORD000099,CUST2557,Erica Mckenzie,shawrachel@gmail.com,2025-08-09 14:56:00,PROD420,Dog Watch,Home,4,830.56,0.25,19.94,2511.62,Cash on Delivery,Returned,"1744 Miller Motorway, West Jamesshire, ME 97438",South Micheal,Germany,65166,False
ORD000100,CUST7105,Dr. Morgan Payne PhD,randolphandrew@reed.com,2026-05-04 04:43:00,PROD931,Ability Shoes,Sports,8,138.93,0.25,4.66,838.24,Credit Card,Pending,"413 Robert Circle Apt. 410, Port April, MN 60592",New Codyberg,Canada,84022,False
ORD000101,CUST1842,Angela Bradley,joelgreen@yahoo.com,2025-12-10 03:26:00,PROD394,With Phone,Home,6,1747.85,0.28,21.15,7571.86,UPI,Returned,"7431 Derek Trail Apt. 212, Owenschester, ND 47462",South Kyle,India,35236,True
ORD000102,CUST5564,Ann Aguirre,lewismelissa@gmail.com,2025-03-21 21:30:00,PROD687,Benefit Shoes,Groceries,4,1695.31,0.11,27.81,6063.11,Net Banking,Pending,"8044 Anthony Lodge Suite 883, South Curtisberg, AL 08584",East James,Canada,53006,True
ORD000103,CUST6751,Mark Newman,johnsoncaleb@hotmail.com,2025-11-08 21:53:00,PROD106,Life Shoes,Groceries,5,62.76,0.08,38.12,326.82,Debit Card,Shipped,"1070 Sandra Meadows, Crawfordfurt, NE 23151",Jasonburgh,Canada,36543,False
ORD000104,CUST6585,Stephen Johnson,victor87@miller.com,2025-02-05 04:47:00,PROD261,Kind Book,Home,1,188.06,0.16,18.81,176.78,Cash on Delivery,Delivered,"806 Castillo Tunnel, Coopershire, MD 51406",Hectormouth,Germany,78766,True
ORD000105,CUST7947,Steven Osborne,xmoreno@key.com,2026-03-29 01:09:00,PROD597,Exactly Phone,Books,3,1510.1,0.01,4.08,4489.08,Net Banking,Delivered,"96522 Brittany Valley, Robintown, UT 46596",New Stacy,Germany,65018,True
ORD000106,CUST9633,Casey Johnson,carolynsmith@smith-hardin.com,2026-01-22 16:07:00,PROD783,Sure Book,Electronics,6,862.68,0.08,33.92,4795.91,Debit Card,Delivered,"0029 Kim Vista, Susanstad, TN 52352",West Kevinberg,UK,21145,True
ORD000107,CUST1126,Jessica Fowler,grant89@yahoo.com,2025-01-04 06:19:00,PROD609,Dog Bag,Books,4,1535.86,0.23,14.47,4744.92,Debit Card,Pending,"4422 Stacy Ports, Rosalesshire, HI 79457",Samanthabury,USA,84340,False
ORD000108,CUST1693,Taylor Taylor,michaelflores@mcclure.com,2025-09-30 22:14:00,PROD546,Likely Laptop,Books,9,1119.65,0.2,17.71,8079.19,Credit Card,Delivered,"15410 Paul Street, Costachester, MS 46537",Garciafort,Germany,76267,False
ORD000109,CUST8538,Melissa Martin,phillipslucas@jones.biz,2025-10-21 12:45:00,PROD951,College Bag,Home,7,582.58,0.12,48.31,3637.0,Credit Card,Processing,"9970 Dunlap Expressway, Mooreville, IL 25402",Terryside,UK,35269,True
ORD000110,CUST4630,Elizabeth Davis,xhernandez@gmail.com,2025-05-05 13:37:00,PROD441,Late Chair,Fashion,7,1050.31,0.12,15.51,6485.42,Credit Card,Shipped,"10324 Thomas Crescent Suite 677, Christopherside, HI 49131",Woodmouth,Canada,06349,True
ORD000111,CUST4871,John Perez,hernandezheather@gmail.com,2025-09-29 16:12:00,PROD205,Bed Shoes,Home,6,705.44,0.29,32.27,3037.44,Debit Card,Processing,"380 Cardenas Manor Suite 937, Christianton, OK 68241",North Stacy,USA,59357,True
ORD000112,CUST8354,William Stanton,bradmiller@graham.org,2026-01-25 20:04:00,PROD797,Evening Phone,Beauty,3,1902.83,0.19,23.2,4647.08,Cash on Delivery,Cancelled,"68685 Stone Well, Port Isabellashire, WY 55498",South Edwardshire,Canada,77562,False
ORD000113,CUST1920,Traci Garcia,floydmikayla@humphrey-baker.info,2026-03-19 20:20:00,PROD460,Owner Phone,Electronics,3,882.33,0.14,31.57,2307.98,UPI,Shipped,"46299 Williams Isle, North Julie, KY 49317",West Lisaport,UK,41257,False
ORD000114,CUST9307,John Horton,dennismccann@schroeder-flores.biz,2025-01-20 01:23:00,PROD493,Point Watch,Sports,5,158.08,0.26,42.76,627.66,Wallet,Cancelled,"3678 Nicholson Passage, North Larry, MO 18280",East Jamesborough,Australia,08054,True
ORD000115,CUST8381,Jesus Hull,micheal78@reid-martinez.com,2025-08-19 18:41:00,PROD205,Effort Chair,Groceries,4,646.45,0.14,7.54,2231.33,UPI,Pending,"79855 Mary Green Apt. 406, East Melissaborough, IN 85354",Lake Jamie,Australia,85905,True
ORD000116,CUST3600,Alejandro Deleon,pbuck@burke.com,2025-09-16 20:11:00,PROD472,Entire Book,Home,1,499.25,0.13,21.97,456.32,Net Banking,Cancelled,"466 Stevens Forge Suite 489, Silvatown, TN 49552",Kennethville,UK,63643,False
ORD000117,CUST5128,William Davidson,diana43@gmail.com,2025-12-14 19:03:00,PROD841,Nation Chair,Beauty,6,136.49,0.03,33.92,828.29,Wallet,Shipped,"652 Diana Hill, Rebeccafurt, WA 05130",West Jessica,USA,29646,False
ORD000118,CUST7421,Margaret Alvarez,megan82@yahoo.com,2025-02-11 18:42:00,PROD232,Bill Phone,Beauty,3,1833.91,0.09,32.8,5039.37,Credit Card,Returned,"825 Jeffrey Fork Suite 655, Brendamouth, DE 62175",Port Cynthiashire,Germany,81851,False
ORD000119,CUST9624,Steve Mason,robert22@gmail.com,2025-11-26 10:52:00,PROD195,Guess Bag,Beauty,3,1341.88,0.25,36.94,3056.17,Net Banking,Returned,"52175 Lawrence Centers Apt. 743, New Kathy, WY 12040",New Ryan,Canada,56784,False
ORD000120,CUST4711,Vincent Reyes,jessicadodson@sherman-schmidt.com,2025-01-10 11:19:00,PROD240,Require Shoes,Electronics,3,1902.58,0.1,38.31,5175.28,UPI,Processing,"54216 Jackson View, West Stacymouth, NC 78668",Ryanberg,India,45423,True
ORD000121,CUST3712,Katherine Christensen MD,perezjessica@gmail.com,2025-12-05 10:56:00,PROD838,Development Watch,Electronics,10,266.44,0.11,8.11,2379.43,Net Banking,Returned,"50648 Brittney Causeway, Lake Maryton, DE 55128",Jamesside,Germany,33627,True
ORD000122,CUST6070,Christian Neal,robert18@dean-haynes.biz,2026-05-12 14:39:00,PROD928,Then Chair,Books,5,1506.02,0.24,11.7,5734.58,Debit Card,Processing,"PSC 8914, Box 1173, APO AP 26682",Marieborough,Germany,47414,False
ORD000123,CUST3267,Elizabeth Williams,haleycastillo@gmail.com,2025-08-25 09:49:00,PROD993,Able Book,Electronics,7,1008.3,0.13,8.1,6148.65,Cash on Delivery,Processing,"97218 Jennifer Courts, Dawnmouth, KS 61354",North Lisaton,UK,38586,False
ORD000124,CUST8361,Michael Simmons,yorkpamela@christian.com,2025-10-11 03:45:00,PROD625,Get Shoes,Groceries,9,1703.08,0.09,38.16,13986.39,Net Banking,Shipped,"415 White Locks Suite 746, Marshburgh, DC 91749",Port Erikchester,India,77931,True
ORD000125,CUST4862,Mr. Jeffrey Carr,huffmannichole@hotmail.com,2026-02-23 14:56:00,PROD495,Wait Laptop,Home,6,1861.29,0.12,19.82,9847.43,Debit Card,Shipped,"67014 Smith Ways Apt. 588, South Dorothybury, MI 87494",Hernandezside,India,80836,False
ORD000126,CUST3273,Mason Moore,ebooth@yahoo.com,2026-04-22 03:53:00,PROD877,Full Bag,Books,6,1583.8,0.04,14.34,9137.03,Net Banking,Delivered,"83866 Christian Mills Suite 177, Davidfort, SD 02830",South Robertside,Canada,72472,True
ORD000127,CUST9647,Brandon Munoz,diamondbryant@yahoo.com,2026-04-09 02:01:00,PROD533,Himself Laptop,Groceries,5,435.23,0.04,47.01,2136.11,UPI,Cancelled,"5899 Moran Lakes, Wilsonbury, MA 47049",Amystad,USA,92526,False
ORD000128,CUST9782,Steven Vasquez,kingjames@gmail.com,2025-03-04 01:15:00,PROD116,Wonder Bag,Sports,7,1279.71,0.19,3.14,7259.1,Wallet,Delivered,"3516 Sara Villages, Port Patriciamouth, OR 66587",South Adam,USA,96998,True
ORD000129,CUST2402,Timothy Roberson,heatherthompson@gmail.com,2025-05-30 13:00:00,PROD636,Body Book,Electronics,10,708.87,0.17,9.37,5892.99,Wallet,Returned,"669 Joshua Junctions Suite 722, Morrisonhaven, UT 72303",Jenniferside,Canada,83414,True
ORD000130,CUST6649,Daniel Klein,tinasantos@gmail.com,2025-07-19 15:02:00,PROD346,Most Bag,Beauty,7,1962.17,0.08,0.81,12637.18,Cash on Delivery,Pending,"158 Aguilar Shores Suite 846, New Danielfurt, AR 88352",East Josephburgh,India,38068,False
ORD000131,CUST8612,Brianna Brown,karenjohnson@yahoo.com,2025-03-10 01:22:00,PROD812,Blue Watch,Beauty,9,680.4,0.19,41.52,5001.64,Debit Card,Returned,"863 Schwartz Causeway, Hughesmouth, AR 02200",Jamesmouth,USA,30064,True
ORD000132,CUST6080,Michele Holland,kellythompson@jones.com,2026-01-02 14:02:00,PROD627,Huge Watch,Groceries,5,407.17,0.24,44.29,1591.54,Wallet,Shipped,"422 Smith Mountain Apt. 025, Port Sarahport, WY 75562",Charlesmouth,UK,69365,False
ORD000133,CUST5476,Clinton Jones,zdaniels@bailey.com,2025-01-19 20:12:00,PROD227,Glass Chair,Home,5,717.16,0.23,43.29,2804.36,Net Banking,Shipped,"878 Danny Key, Allenbury, TX 42566",Moonville,UK,51078,False
ORD000134,CUST5369,Nathaniel Johnson,stucker@hotmail.com,2026-04-04 12:21:00,PROD920,Data Laptop,Beauty,3,994.93,0.15,46.22,2583.29,Net Banking,Cancelled,"28801 Ellen Trail, Port Gina, CT 27446",Lucasland,India,98397,False
ORD000135,CUST8305,Allison Love,jonesgregory@grant-andrews.com,2025-11-05 05:34:00,PROD717,Whether Bag,Books,5,645.82,0.02,33.05,3197.57,Debit Card,Shipped,"6650 Nunez Place Apt. 919, Lake Melaniestad, CT 38490",Catherineport,Australia,57868,False
ORD000136,CUST2229,Rodney Johnson,derekmyers@phillips.com,2025-06-29 14:02:00,PROD787,Activity Bag,Books,6,1231.63,0.13,31.97,6461.08,UPI,Pending,"00996 Kevin Summit, Jasonhaven, GA 24617",New Mary,Canada,25971,True
ORD000137,CUST7001,Michael Bradley,enewman@powers-king.com,2026-05-03 00:09:00,PROD470,She Watch,Sports,10,1357.79,0.13,6.31,-11819.08,Credit Card,Processing,"2314 Rachel Island Suite 759, Heatherberg, OK 48275",Susanburgh,Canada,01134,True
ORD000138,CUST7521,Richard Joseph,mary25@yahoo.com,2025-12-14 14:23:00,PROD421,Maintain Bag,Home,6,890.66,0.02,6.88,5243.96,Debit Card,Shipped,"8129 Meagan Walks Apt. 834, Lake Charlestown, NY 83289",Port Bonniefurt,India,77838,True
ORD000139,CUST8311,Andrew Green,michaelwalker@hotmail.com,2026-01-12 05:31:00,PROD319,Significant Phone,Home,9,777.04,0.17,13.09,5817.58,Cash on Delivery,Shipped,"8816 Shaw Shore, Port Tamara, TX 22238",South Erik,UK,74734,True
ORD000140,CUST6236,Mary Faulkner,billy73@gmail.com,2025-03-04 04:54:00,PROD783,Everything Book,Beauty,2,906.83,0.27,22.26,1346.23,Credit Card,Pending,"385 Harrison Motorway, North Tinamouth, VT 68838",Maryview,Canada,76343,False
ORD000141,CUST9335,Carrie Valdez,blacknicholas@gmail.com,2026-04-02 09:54:00,PROD329,Name Laptop,Fashion,3,1425.06,0.28,31.89,3110.02,Debit Card,Shipped,"7908 Scott Forks Apt. 843, East Eric, VT 16010",South Lisa,USA,94906,False
ORD000142,CUST2412,Michael Mendoza,cjohnson@berry.com,2025-01-14 11:35:00,PROD167,Professional Book,Books,10,740.98,0.24,27.58,5659.03,Cash on Delivery,Cancelled,"24286 Natalie Stream, Staceyborough, PA 62290",Jacksonchester,Australia,79254,False
ORD000143,CUST2215,Kevin Saunders,jennifercooper@yahoo.com,2025-09-27 13:49:00,PROD560,Pick Watch,Beauty,7,1647.56,0.02,48.62,11350.88,Wallet,Returned,"6210 Alexandra Parkways, Serranoville, NJ 81077",Port Amandaville,Germany,12715,True
ORD000144,CUST3034,Mr. Larry Carey,cwood@hotmail.com,2026-03-26 17:40:00,PROD630,Next Shoes,Home,10,368.02,0.29,21.63,2634.57,Debit Card,Pending,"5991 Anderson Neck Apt. 149, Scotttown, WA 01433",New Adrianborough,USA,90647,False
ORD000145,CUST5105,Jennifer Rodriguez,jose86@hotmail.com,2026-04-24 22:14:00,PROD301,History Bag,Sports,6,1895.23,0.16,14.2,9566.16,UPI,Pending,"68872 Hansen Orchard Suite 495, Fitzgeraldville, IN 59037",North Jason,USA,53003,False
ORD000146,CUST6531,Rebecca Mendez,paulfields@morrow.org,2025-11-11 17:05:00,PROD962,Learn Phone,Electronics,9,1283.77,0.18,29.03,9503.25,Credit Card,Processing,"51906 Mendez Pike Suite 902, Gonzalesborough, TN 68416",Jameshaven,India,68109,True
ORD000147,CUST1496,Lisa Craig,dianacantrell@gmail.com,2026-05-01 20:49:00,PROD609,Fact Bag,Sports,10,532.99,0.06,28.61,5038.72,UPI,Cancelled,"669 April Street Apt. 184, Michaelview, PA 25997",Spearsshire,Australia,01110,False
ORD000148,CUST7809,Jason Rodriguez,matthew18@walter-li.org,2025-09-05 07:51:00,PROD595,Enough Watch,Fashion,7,598.38,0.02,3.0,4107.89,UPI,Delivered,"735 Maldonado Radial Apt. 714, South Cynthiabury, UT 30638",Robertstad,Canada,68200,True
ORD000149,CUST2739,Mercedes Baker,rosskaitlyn@yahoo.com,2025-06-10 22:20:00,PROD426,Bag Shoes,Books,6,1950.87,0.04,18.53,11255.54,Credit Card,Cancelled,"5539 White Summit, South Jillian, WA 32227",Jamieborough,Germany,33229,False
ORD000150,CUST3616,Heather Maxwell,loweelizabeth@smith.info,2025-05-07 04:06:00,PROD933,Hot Book,Sports,1,583.97,0.12,30.77,544.66,Cash on Delivery,Processing,"472 Sanders Terrace Apt. 086, Ayerston, MI 52106",South Tiffany,Germany,92021,True
ORD000151,CUST7442,Emily Smith,ucarpenter@salazar-green.net,2026-01-26 05:31:00,PROD617,Everyone Watch,Fashion,9,936.3,0.26,24.87,6260.63,Debit Card,Pending,"552 Coleman Manor Suite 564, Whiteberg, TX 30459",Lake Josephbury,Canada,73290,False
ORD000152,CUST9793,James Thomas,lshaffer@porter-cowan.net,2025-01-25 01:18:00,PROD108,None Chair,Electronics,8,1197.05,0.25,33.63,7215.93,Net Banking,Shipped,"4890 Garcia Estates Apt. 347, South Julieview, MN 73947",Mauricechester,USA,16391,False
ORD000153,CUST6939,Michael Jacobs,michael87@griffin.info,2026-01-08 11:48:00,PROD666,Program Book,Electronics,7,735.05,0.12,28.51,4556.42,Net Banking,Processing,"USNS Davidson, FPO AA 55789",Sweeneyland,Canada,10870,False
ORD000154,CUST7114,Darren Stewart,catherine64@yahoo.com,2026-01-27 17:17:00,PROD913,Statement Book,Sports,10,1362.4,0.04,48.75,13127.79,UPI,Delivered,"987 Jackson Walk Apt. 234, East Garrettville, CA 62522",North Kellihaven,USA,11412,True
ORD000155,CUST9508,Luke Miller,jerome47@hotmail.com,2025-11-05 16:25:00,PROD567,Card Shoes,Sports,9,85.31,0.01,35.68,795.79,Wallet,Delivered,"05577 Dunn Dale, New Carla, WA 83843",Millsside,USA,41088,False
ORD000156,CUST6511,Karen Perez,aparker@moore-smith.net,2026-04-22 19:20:00,PROD619,Teacher Chair,Sports,3,788.94,0.18,42.13,1982.92,Wallet,Cancelled,"4780 Arroyo Neck, Albertchester, LA 78751",Port Adrian,UK,49475,False
ORD000157,CUST1436,Stephen Kim,jenniferbrewer@walker-miller.com,2025-09-01 00:23:00,PROD711,Nation Watch,Home,6,1349.24,0.29,29.19,5776.95,Cash on Delivery,Returned,"8463 Ian Highway Apt. 797, Jackiefort, MD 03043",North Tara,Canada,03401,True
ORD000158,CUST3421,Brian Adams,halledward@yahoo.com,2026-01-05 01:37:00,PROD941,Director Bag,Fashion,8,345.17,0.19,30.99,2267.69,Credit Card,Delivered,"5705 Megan Drive Apt. 461, Whiteview, MS 02154",Port Jenniferfurt,Canada,58560,True
ORD000159,CUST8726,Zachary Gonzalez,thomasmaldonado@mayer-moore.com,2025-04-08 00:28:00,PROD993,Size Chair,Beauty,6,840.47,0.12,10.19,4447.87,Cash on Delivery,Cancelled,"USS King, FPO AP 39667",West Paige,India,87886,True
ORD000160,CUST8531,Brian Chen,jacksonjoshua@gmail.com,2025-09-23 06:35:00,PROD645,Individual Book,Sports,6,1996.26,0.14,18.84,10319.54,UPI,Processing,"97925 John Parks, Lake Christineton, MI 84986",Lake Amanda,Australia,14577,False
ORD000161,CUST5735,David Holden,bquinn@hotmail.com,2025-11-09 15:12:00,PROD821,Huge Shoes,Beauty,4,561.62,0.09,47.07,2091.37,Cash on Delivery,Shipped,"0778 Daniels Overpass, New Jacob, MD 96498",Hillside,UK,21517,False
ORD000162,CUST6654,Christopher Phillips,shawn86@hotmail.com,2025-09-03 11:35:00,PROD891,Crime Chair,Fashion,5,579.14,0.17,27.16,2430.59,UPI,Delivered,"351 Lee Springs Suite 829, Marcusmouth, CT 69077",North Maryberg,India,23915,False
ORD000163,CUST4310,Christina Washington,duncanmary@burns.com,2026-05-05 22:05:00,PROD947,Hit Phone,Home,6,1848.4,0.2,37.37,8909.69,Wallet,Processing,"37170 Grant Mall, Lauraton, RI 35341",Lake Chadport,Australia,10716,False
ORD000164,CUST4814,Toni Davis,hlopez@wright.net,2025-03-12 03:39:00,PROD153,Just Laptop,Books,10,482.37,0.02,45.26,4772.49,UPI,Processing,"761 Laura Plaza Suite 852, Mahoneymouth, MD 49223",Duranchester,Australia,95641,False
ORD000165,CUST8793,David Gardner,michael77@yahoo.com,2025-02-21 21:49:00,PROD588,A Bag,Fashion,3,15.34,0.17,46.45,84.65,UPI,Delivered,"082 Smith Forges Apt. 504, North Benjamin, FL 18642",Michaelshire,Germany,33250,False
ORD000166,CUST3868,Robert Davis,jessicacummings@yahoo.com,2025-11-27 01:58:00,PROD527,Consumer Chair,Fashion,2,1306.34,0.07,36.93,2466.72,Credit Card,Pending,"409 Miller Centers, Michaelchester, DE 30217",Lake Kimberlyfurt,UK,07595,False
ORD000167,CUST6489,Andrew Fernandez,wayne32@nunez.info,2025-04-06 23:55:00,PROD391,Soldier Watch,Beauty,5,1754.1,0.0,28.4,8798.9,Wallet,Pending,"64622 Miller Ports, New Raymondland, NY 57450",Port Dennis,Canada,73809,False
ORD000168,CUST8518,James Duncan,charlesfrank@cohen-johnston.com,2026-04-01 04:54:00,PROD763,Remain Book,Beauty,9,938.7,0.06,5.63,7947.03,Debit Card,Processing,"3559 Kayla Extension Suite 979, South Brady, IN 26674",Ericland,India,15229,False
ORD000169,CUST9442,Dana Oliver,alexander14@ruiz-rivera.net,2026-02-09 09:36:00,PROD435,Development Laptop,Books,4,355.11,0.26,44.85,1095.98,Cash on Delivery,Delivered,"792 Nicholas Shore Apt. 420, Jamesview, NH 86321",North Paulview,India,87399,True
ORD000170,CUST6400,Mary Lin,michelle63@romero-mckinney.com,2025-03-13 15:20:00,PROD409,Memory Phone,Beauty,4,18.63,0.12,22.34,87.92,Wallet,Shipped,"38780 John Pines, Matthewfurt, GA 02909",Gabriellestad,India,82451,False
ORD000171,CUST9233,Zachary Irwin,garrettnatasha@gmail.com,2025-12-01 11:44:00,PROD820,Yet Chair,Home,4,128.94,0.04,15.34,510.47,Cash on Delivery,Delivered,"25621 Meyer Springs Apt. 639, South Tara, PA 43661",Danielsborough,India,86021,False
ORD000172,CUST7121,Joshua Mcbride,haley82@forbes-daugherty.com,2025-07-08 19:14:00,PROD525,Reality Bag,Sports,4,1914.93,0.14,22.75,6610.11,Net Banking,Cancelled,"USNS Stewart, FPO AP 70357",East Lonnieberg,Canada,95800,True
ORD000173,CUST6927,Fernando Dudley,scott42@gmail.com,2026-01-26 07:43:00,PROD179,Both Phone,Electronics,0,1746.9,0.02,22.34,17141.96,Credit Card,Returned,"949 Caitlyn Fort, West Christopherfort, NY 79761",Josephstad,Canada,24615,True
ORD000174,CUST9008,Katherine Taylor,antonioduran@schaefer.com,2025-10-21 17:09:00,PROD193,Situation Phone,Books,3,659.59,0.16,5.81,1667.98,Credit Card,Processing,"12797 Delacruz Gateway, Sullivanton, WA 50357",Phillipshire,UK,78332,True
ORD000175,CUST1356,Margaret Padilla,hayesmargaret@rich.net,2025-09-20 13:29:00,PROD505,Note Book,Groceries,10,120.18,0.14,40.35,1073.9,Credit Card,Returned,"680 Kelly Locks, Kimport, GA 55873",Christieton,Australia,90934,True
ORD000176,CUST8734,Brenda Gallegos,sharpdaniel@hotmail.com,2025-10-24 02:02:00,PROD132,Writer Book,Books,7,692.34,0.02,49.71,4799.16,Debit Card,Pending,"PSC 8266, Box 5702, APO AA 77874",South Christopher,USA,42978,False
ORD000177,CUST3178,Susan Hogan,wilsonshannon@miller-zimmerman.net,2025-07-11 12:28:00,PROD769,Population Chair,Home,7,754.41,0.2,33.09,4257.79,Credit Card,Cancelled,"USCGC Pierce, FPO AE 22899",Arianaberg,USA,21750,False
ORD000178,CUST9920,Cassidy Joseph,kyle74@hotmail.com,2025-09-28 04:46:00,PROD534,Course Phone,Books,4,1670.47,0.23,48.92,5193.97,Debit Card,Delivered,"09407 Foley Plains, New Nicolebury, OR 86939",Chavezmouth,USA,10908,False
ORD000179,CUST7868,Adriana Khan,brandonhernandez@hotmail.com,2025-06-27 04:17:00,PROD729,Happy Chair,Electronics,4,1875.13,0.22,5.64,5856.05,Debit Card,Returned,"994 Knapp Causeway, South Victoriaburgh, LA 80597",South Kara,USA,47711,True
ORD000180,CUST1724,Anna Evans,wwilkins@yahoo.com,2025-02-21 19:02:00,PROD511,Threat Watch,Fashion,8,1197.58,0.21,2.43,7571.14,Wallet,Returned,"2145 Warren Square Apt. 901, South Jenniferport, PA 41983",Aliciastad,USA,17502,True
ORD000181,CUST6253,Kathleen Daniel,nmorton@gmail.com,2025-03-13 16:18:00,PROD342,Section Book,Fashion,4,1632.49,0.22,15.95,5109.32,Cash on Delivery,Cancelled,"10713 Gutierrez Isle, Annborough, SC 26871",Jonathanland,Canada,40841,True
ORD000182,CUST7999,Joshua Wang,matthew99@collier.com,2025-07-31 09:17:00,PROD669,These Watch,Electronics,1,1115.65,0.18,36.76,951.59,UPI,Processing,"0272 Mcclain Plain Suite 760, Annettemouth, ND 02954",New Gina,Australia,46847,False
ORD000183,CUST8758,Chase Pittman,ksims@hotmail.com,2026-02-07 16:20:00,PROD346,Police Chair,Fashion,7,819.48,0.09,9.19,5229.28,UPI,Cancelled,"5046 Tyler Freeway, Shannonport, NC 40126",North Neil,Australia,05402,True
ORD000184,CUST7363,Susan Wallace,jstein@peterson.net,2026-02-17 14:58:00,PROD348,Force Book,Fashion,1,1126.96,0.29,27.86,828.0,UPI,Processing,"82307 Reeves Pike, North Larryton, PA 11914",Steventon,Australia,14014,True
ORD000185,CUST7179,Mary Edwards,manuellee@yahoo.com,2026-04-18 14:54:00,PROD789,No Phone,Sports,6,189.47,0.22,9.52,896.24,Credit Card,Shipped,"142 Joshua Bridge Apt. 385, Josephport, IA 22950",West Christinamouth,India,71355,True
ORD000186,CUST1251,Carlos Ruiz,reyeschristopher@white-carlson.org,2026-02-16 18:46:00,PROD316,Professional Shoes,Beauty,9,437.95,0.06,45.35,3750.41,Credit Card,Shipped,"545 Jennifer Skyway Apt. 792, Port Leahmouth, NH 41184",Ruizbury,Australia,19338,False
ORD000187,CUST5637,Lisa Durham,hollyortega@yahoo.com,2026-04-14 07:44:00,PROD489,Long Watch,Sports,10,1409.02,0.12,11.97,12411.35,Cash on Delivery,Shipped,"1577 Justin Keys, New Dakota, VT 14523",Angelaland,Germany,40100,False
ORD000188,CUST4328,Jennifer Gutierrez,terrireyes@clark-benson.biz,2025-05-14 11:32:00,PROD479,Still Book,Books,8,934.68,0.24,36.12,5718.97,Credit Card,Shipped,"Unit 9583 Box 2197, DPO AE 78117",Nguyenville,Canada,58856,True
ORD000189,CUST3497,Tyler Jones,pmurphy@brown.org,2026-01-15 04:01:00,PROD300,Weight Book,Fashion,5,1108.86,0.18,36.0,4582.33,Net Banking,Shipped,"27846 Gonzalez Springs, Kevinport, NE 94583",Veronicashire,Canada,01565,True
ORD000190,CUST9037,Kayla Abbott,woodana@gmail.com,2025-09-13 17:41:00,PROD571,A Shoes,Beauty,6,518.37,0.25,48.33,2381.0,UPI,Returned,"40369 Garrett Station Suite 666, Lake Glenn, ID 73301",Bridgesstad,USA,55188,True
ORD000191,CUST9584,Zachary Santiago,jonesalfred@dyer.com,2026-01-04 17:31:00,PROD134,Become Chair,Groceries,3,1834.21,0.16,32.09,4654.3,Credit Card,Pending,"9692 Hicks Plaza Suite 653, South Cassandra, NM 96303",Lake Walter,Australia,54350,True
ORD000192,CUST4583,Laura Johnson,hbush@olson.net,2026-01-27 00:26:00,PROD617,Town Watch,Home,3,1685.88,0.07,35.36,4738.97,Credit Card,Pending,"Unit 4781 Box 8913, DPO AA 83163",Lake Cynthiashire,Canada,41460,False
ORD000193,CUST5501,Stephanie Nichols,egibson@gross.com,2025-12-04 15:01:00,PROD648,Figure Book,Electronics,1,1066.76,0.12,0.84,939.59,Wallet,Returned,"940 Lane Ports Apt. 490, Toddberg, CA 36919",Davidview,Australia,36574,False
ORD000194,CUST6807,Alexis Rodriguez,donnawood@green.com,2026-02-17 05:06:00,PROD373,Memory Chair,Books,2,1051.15,0.07,30.99,1986.13,Credit Card,Shipped,"1292 Mullins Loop, Youngmouth, SC 22427",New Jessica,Germany,45730,False
ORD000195,CUST1519,Dennis Weiss,stevenalvarez@reese-goodwin.net,2025-08-24 18:15:00,PROD195,East Watch,Books,4,603.45,0.25,4.03,1814.38,Net Banking,Returned,"4286 Keith Union Suite 658, North Samanthastad, NE 80518",Matthewview,Canada,13382,False
ORD000196,CUST2562,Kevin Murray,aprilbyrd@edwards.com,2025-01-29 20:00:00,PROD640,Theory Laptop,Fashion,3,169.96,0.25,32.25,414.66,Debit Card,Shipped,"81753 King Bypass Apt. 910, New Danielle, DE 11823",South Diana,Australia,85423,False
ORD000197,CUST1539,Tracy Kemp,kenneth17@hammond-schwartz.com,2025-05-19 01:59:00,PROD283,Even Chair,Home,2,1370.44,0.08,27.15,2548.76,Credit Card,Returned,"0665 Jonathan Via, Gregoryland, ID 80494",Whitefort,USA,14713,True
ORD000198,CUST7375,Randy Robinson,gbaldwin@jones.com,2026-01-21 22:52:00,PROD793,Standard Phone,Home,7,1858.11,0.09,28.2,11864.36,Net Banking,Cancelled,"00642 Conway Ports Apt. 877, Powellland, IN 00934",Finleyfort,Australia,16387,True
ORD000199,CUST4803,Taylor Howard,pbrown@gmail.com,2026-02-09 22:46:00,PROD958,History Laptop,Home,2,1004.08,0.29,2.68,1428.47,Wallet,Delivered,"74328 Tammy Shore Apt. 461, Tommouth, ID 18843",East Anthonyshire,Canada,31759,False
ORD000200,CUST7150,Arthur Fernandez MD,johnsonbrian@hotmail.com,2026-05-12 10:01:00,PROD542,And Shoes,Beauty,5,1568.18,0.14,11.41,6754.58,Wallet,Cancelled,"878 Joyce Fort, North Jillfort, AK 62264",East Jacquelineberg,Australia,02383,False
ORD000201,CUST3527,Anthony Parker,lcarr@meyers.com,2025-02-13 19:18:00,PROD857,Modern Watch,Home,4,1427.65,0.02,7.71,5604.1,UPI,Returned,"36565 Theresa Ports, West Mary, IL 06476",West Bryan,India,36400,True
ORD000202,CUST8353,Jason Horton,lsanchez@anderson.org,2025-01-03 09:28:00,PROD670,However Phone,Sports,6,1523.89,0.03,4.36,8873.4,Net Banking,Delivered,"1002 Jasmine Ramp, Robertfort, DC 27522",Lake Joseph,India,59538,True
ORD000203,CUST5781,Todd Bishop,jennifersalazar@burton.com,2025-02-15 11:35:00,PROD523,Kid Watch,Groceries,2,1195.86,0.24,43.19,1860.9,Credit Card,Pending,"18195 Steven Road, West Brian, WY 20059",Jimenezburgh,Australia,88337,True
ORD000204,CUST2036,Amy Diaz,nking@williams-yang.net,2025-10-20 16:10:00,PROD271,Control Watch,Home,7,343.16,0.08,13.42,2223.37,Net Banking,Processing,"8113 Watkins Islands, Gonzalezmouth, WI 14936",Jeremybury,Germany,97199,False
ORD000205,CUST4203,Curtis Vance,drichards@thomas-reilly.info,2026-02-05 02:23:00,PROD568,Could Laptop,Fashion,5,1888.72,0.22,24.79,7390.8,UPI,Cancelled,"3543 Martinez Square, West Derekmouth, MT 22940",Jeffreyport,India,79620,False
ORD000206,CUST3230,Robert Cisneros,christophervincent@atkins-robinson.info,2025-06-20 19:24:00,PROD407,Third Book,Sports,6,883.24,0.13,41.18,4651.69,Cash on Delivery,Returned,"633 Hamilton Forges, New Rachel, AZ 05751",Quinnhaven,USA,04907,False
ORD000207,CUST4971,James Pacheco,fsimpson@mullins.com,2025-06-10 05:25:00,PROD433,Cause Watch,Home,6,586.44,0.21,24.55,2804.28,Net Banking,Cancelled,"107 Martin Mount, South Stevenberg, VT 53632",Port Monica,Germany,82658,True
ORD000208,CUST8563,Mark Dalton,vbarry@johnson.org,2026-04-23 18:12:00,PROD825,Occur Shoes,Books,10,1994.54,0.05,38.38,18986.51,UPI,Pending,"195 Zachary Spring, Pamelaville, MN 61495",West Michaelside,Australia,92890,True
ORD000209,CUST7932,Michael Harris,amberbanks@hotmail.com,2026-02-24 13:43:00,PROD908,Wrong Watch,Electronics,8,282.66,0.09,12.63,2070.39,Net Banking,Processing,"355 Gordon Manors, Brianstad, NV 64231",South Jenniferside,Canada,38808,False
ORD000210,CUST6890,Jacob Nunez,patriciaellis@myers.com,2025-10-26 12:34:00,PROD818,Ball Chair,Sports,9,1847.37,0.26,20.92,12324.4,Wallet,Pending,"27238 Kelly Springs Apt. 756, Rojastown, ID 08751",Port Lauriehaven,Australia,84999,True
ORD000211,CUST7547,Kenneth Rios,swatkins@hotmail.com,2025-02-25 07:42:00,PROD870,Thousand Book,Groceries,6,336.85,0.18,28.16,1685.46,Net Banking,,"9242 Perez Landing Suite 025, Stephenburgh, GA 93799",Ianburgh,India,93314,True
ORD000212,CUST8303,Mary Hernandez,williamsleslie@alexander.com,2025-02-20 08:14:00,PROD483,Describe Watch,Books,9,1494.97,0.17,34.38,11201.81,Cash on Delivery,Processing,"552 West Estates, Davidtown, NM 19556",Reillyberg,Canada,01063,True
ORD000213,CUST3321,Kimberly Romero,wkemp@hotmail.com,2025-06-26 00:30:00,PROD456,Reflect Book,Home,2,594.39,0.28,4.29,860.21,Net Banking,Returned,"1702 Kyle Locks Apt. 751, Brianborough, NC 29617",Jamesland,USA,71071,False
ORD000214,CUST2885,Megan Rosario,tracymorrison@hotmail.com,2025-06-28 15:06:00,PROD123,Yet Chair,Home,8,1445.38,0.14,3.36,9947.57,Cash on Delivery,Pending,"2656 Smith Key Suite 478, East Jessicamouth, MT 58500",Frankchester,India,96000,True
ORD000215,CUST4798,Brenda Matthews,jaredwells@hatfield.biz,2026-04-22 23:15:00,PROD916,Behavior Watch,Beauty,9,353.03,0.05,27.99,3046.4,Debit Card,Delivered,"2879 James Village Suite 487, Port Margaretshire, NM 73807",Walkertown,USA,20689,False
ORD000216,CUST4519,Tyler Flowers,valdezpatricia@yahoo.com,2025-07-22 00:47:00,PROD310,Country Book,Groceries,10,1766.78,0.13,21.48,15392.47,Cash on Delivery,Pending,"14719 Perkins Port, Oneillfort, DE 49417",Port Jordanshire,India,08170,True
ORD000217,CUST9646,Joel Steele,brianward@hotmail.com,2026-02-14 17:11:00,PROD754,Which Book,Sports,6,655.34,0.14,13.12,3394.67,Net Banking,Delivered,"USS Roberts, FPO AP 84248",New Jamesburgh,Canada,12888,False
ORD000218,CUST5873,Carol Morris,joseph51@hotmail.com,2025-10-28 03:22:00,PROD729,Particularly Phone,Electronics,6,1691.81,0.19,40.69,8262.89,Cash on Delivery,Returned,"28457 Peterson Estates, East Ericbury, ID 73725",South Stevenland,USA,15779,False
ORD000219,CUST3258,Tammy Mendoza,don79@hotmail.com,2025-03-02 07:19:00,PROD688,Source Watch,Books,2,370.17,0.21,25.54,610.41,Debit Card,Delivered,"Unit 2401 Box 3223, DPO AA 16930",East Tina,UK,56181,True
ORD000220,CUST6882,Rachel Jones,gwilliams@gmail.com,2025-10-12 05:31:00,PROD109,Student Watch,Fashion,5,284.89,0.09,22.55,1318.8,Debit Card,Pending,"1401 Contreras Throughway, Port Davidborough, ID 24720",Anthonyberg,UK,98306,False
ORD000221,CUST1505,Tiffany Bailey,williamjones@hines.com,2025-07-29 21:31:00,PROD914,Congress Chair,Fashion,7,1421.73,0.13,8.36,8666.7,UPI,Cancelled,"PSC 8013, Box 8759, APO AE 58128",East Maryfurt,India,56087,False
ORD000222,CUST9369,Darren Rodriguez,owensapril@yahoo.com,2025-04-26 17:18:00,PROD215,Sound Phone,Electronics,3,1562.58,0.17,38.63,3929.45,UPI,Delivered,"015 Wilson Haven Suite 947, New Richard, NE 25245",Port Leahstad,Canada,24001,False
ORD000223,CUST5055,Michael Powers,rmills@gmail.com,2025-10-05 01:48:00,PROD404,Call Chair,Electronics,8,1094.97,0.3,5.12,6136.95,Net Banking,Returned,"912 Michael Flat Suite 396, East Maryfort, WV 94020",Katelynfurt,Germany,47175,False
ORD000224,CUST6744,Larry Sullivan,dylan71@gmail.com,2026-03-18 02:28:00,PROD981,Enough Bag,Sports,2,1552.39,0.07,40.54,2927.99,Cash on Delivery,Cancelled,"201 Maria Parks, East Patrickmouth, ME 82023",Port Charleshaven,UK,65013,True
ORD000225,CUST5605,Christina Bates,amy88@gmail.com,2025-11-12 04:50:00,PROD711,South Phone,Fashion,4,1627.99,0.24,28.5,4977.59,UPI,Cancelled,"67567 Johnson Fall Suite 276, West Jennifer, WV 14837",Kellerside,Australia,75501,False
ORD000226,CUST1971,Justin Moore,lbaker@jensen-gomez.com,2025-05-29 18:17:00,PROD383,Full Chair,Beauty,9,1971.05,0.2,4.76,14196.32,Debit Card,Delivered,"55905 Davis Key, Robertton, IA 32956",Lake Larry,Australia,11634,True
ORD000227,CUST3329,Ana Torres,andrewnguyen@yahoo.com,2025-05-08 04:45:00,PROD691,Really Bag,Home,6,1657.82,0.23,33.81,7692.94,Cash on Delivery,Delivered,"0790 Gray Loaf Suite 917, Lake Emilymouth, NY 87976",Garrettport,UK,48123,False
ORD000228,CUST8449,Christina Reid,karlwilliams@morales.com,2025-08-20 02:40:00,PROD599,Series Book,Sports,2,808.69,0.22,34.74,1296.3,Credit Card,Shipped,"541 Simmons Key, Lake Madisonhaven, ME 57243",Jamesfurt,Australia,33434,True
ORD000229,CUST4470,Jody Hines,burtonzachary@ray.info,2026-01-10 14:40:00,PROD606,Executive Book,Home,6,1700.96,0.24,19.89,7776.27,UPI,Delivered,"USCGC Michael, FPO AP 82651",New Jamesmouth,Germany,19866,True
ORD000230,CUST8529,Paul Cannon,eflores@hotmail.com,2025-10-17 15:50:00,PROD116,Democrat Laptop,Groceries,6,1788.84,0.23,2.3,8266.74,Debit Card,Returned,"2493 Allen Drive Apt. 034, Washingtonchester, SD 05351",East Joseph,UK,04320,False
ORD000231,CUST2529,Robert Hopkins,stuarttodd@brown.com,2025-01-01 13:12:00,PROD770,Play Book,Home,3,1764.88,0.09,43.72,4861.84,Credit Card,Shipped,"5162 Daniel Street, New Elizabethshire, NC 33505",Wilkersonbury,Germany,79120,True
ORD000232,CUST2559,Robert Murphy,selenarobinson@gmail.com,2025-01-27 12:40:00,PROD101,Continue Shoes,Books,5,1453.35,0.23,21.46,5616.86,Credit Card,Pending,"6490 Ferguson Squares Apt. 586, Vegaview, WY 19494",Thomasstad,USA,40893,True
ORD000233,CUST3165,Walter Obrien,johnnycruz@mullen.com,2025-09-23 21:28:00,PROD589,Nor Laptop,Fashion,1,21.08,0.1,6.03,25.0,Net Banking,Delivered,"0644 Sharon Throughway Apt. 432, Welchchester, AZ 36419",Port Kimberlyfort,India,62247,True
ORD000234,CUST3340,Tammy Cook,hollowayholly@hotmail.com,2025-02-22 10:23:00,PROD170,Attorney Phone,Sports,5,278.57,0.23,37.66,1110.15,Credit Card,Processing,"0027 Aaron Flats Suite 591, East Johnberg, PA 90384",Sparksmouth,Canada,59678,True
ORD000235,CUST8248,Nicholas Green,james65@gmail.com,2025-08-14 11:46:00,PROD980,Increase Shoes,Electronics,4,1258.02,0.05,20.59,4801.07,Credit Card,Returned,"08931 Gonzalez Squares, North Richard, PA 34600",North Susan,USA,22799,True
ORD000236,CUST2380,Autumn Higgins,fwilcox@gmail.com,2025-10-29 23:24:00,PROD354,Door Phone,Sports,6,1926.68,0.09,6.99,10526.66,Wallet,Shipped,"4762 Gates Rapid, Port Justin, ID 55332",South Laura,Australia,04272,False
ORD000237,CUST5842,Dennis Williamson,brandi71@harrison.biz,2026-02-03 22:01:00,PROD761,Right Laptop,Groceries,5,414.86,0.18,9.43,1710.36,Debit Card,Delivered,"694 Cody Circle Apt. 537, Wendyton, KS 66632",Turnerfurt,UK,88484,False
ORD000238,CUST6185,Walter Hansen,geoffrey75@anderson-stewart.net,2025-02-27 07:31:00,PROD235,Lead Watch,Groceries,10,146.67,0.27,0.6,1071.29,Wallet,Shipped,"0274 Howe Haven, Chloeview, MD 57618",West Jillian,UK,64893,False
ORD000239,CUST1225,Brittany Farrell,lopezbrian@gmail.com,2025-10-07 21:11:00,PROD368,Also Shoes,Electronics,8,1909.13,0.23,0.83,11761.07,Credit Card,Pending,"761 Williams Knolls, Ellisville, VA 19906",West Claytonport,UK,24179,False
ORD000240,CUST3501,Nicole Carson,foxashley@knapp-sanchez.info,2025-11-18 22:32:00,PROD384,Research Laptop,Home,7,850.03,0.12,32.03,5268.21,Credit Card,Cancelled,"41659 Mary Drives Apt. 177, Fullerview, TN 01261",Taramouth,Canada,43088,True
ORD000241,CUST2083,Zoe Meadows,michellesolis@morris-brown.com,2026-05-14 04:34:00,PROD417,Officer Bag,Books,6,784.51,0.19,41.73,3854.45,Cash on Delivery,Returned,"USCGC Davis, FPO AA 23833",Port Michelle,USA,12191,True
ORD000242,CUST3877,Daniel Price,deborah21@yahoo.com,2025-05-06 02:59:00,PROD222,Military Laptop,Beauty,7,236.39,0.18,2.75,1359.63,Debit Card,Returned,"925 Marilyn Passage Apt. 776, Adamschester, WV 55883",Christinachester,Australia,83166,True
ORD000243,CUST3079,Andrew Peterson,deborahreeves@yahoo.com,2025-03-25 15:22:00,PROD867,New Chair,Groceries,9,1036.86,0.25,12.96,7011.77,UPI,Shipped,"7617 Hernandez Crossroad, Mckenziehaven, LA 75020",New Charleston,Australia,67795,True
ORD000244,CUST2262,Jeffery Davis,jonathan18@gmail.com,2026-01-30 00:21:00,PROD608,Build Watch,Sports,7,547.6,0.02,35.62,3792.16,UPI,Cancelled,"26016 Edwards Stream Suite 794, Tammyburgh, HI 10753",Monicaville,India,57359,False
ORD000245,CUST2889,Abigail Wilson,zstevens@church.org,2026-03-16 18:10:00,PROD333,Tax Bag,Sports,6,318.83,0.23,44.71,1517.7,Credit Card,Returned,"Unit 5641 Box 2203, DPO AE 02583",Port Anthony,India,63561,True
ORD000246,CUST7870,Marie Graham,turnersteven@henderson-wilson.com,2025-05-06 01:30:00,PROD329,Single Book,Fashion,6,769.04,0.05,46.56,4430.09,Net Banking,Pending,"0793 Kenneth Village Suite 050, Lake Melaniechester, NM 97111",Benjaminfurt,Australia,64215,False
ORD000247,CUST9450,Misty Mcconnell,jenniferrice@yahoo.com,2025-05-19 02:36:00,PROD147,Part Watch,Electronics,6,243.2,0.2,2.63,1169.99,Net Banking,Processing,"6717 West Mews, East Keithborough, MI 57925",New Jeffrey,Germany,90281,False
ORD000248,CUST4974,Lance Kirby,nicolesharp@yahoo.com,2025-06-17 02:35:00,PROD575,Keep Book,Sports,8,20.9,0.06,28.19,185.36,Net Banking,Shipped,"2934 Elizabeth Curve Apt. 329, Garciachester, ME 31266",New Brandon,USA,02877,True
ORD000249,CUST1157,Dean Rhodes,romanmatthew@williamson.net,2025-03-19 00:59:00,PROD443,Door Laptop,Groceries,7,52.7,0.16,31.8,341.68,Cash on Delivery,Returned,"0842 Jasmine Mill Suite 119, Port Annahaven, GA 83066",Port Jamiestad,UK,21083,False
ORD000250,CUST5584,Michelle Gill,mooremichael@gmail.com,2025-02-23 06:33:00,PROD195,Can Laptop,Fashion,4,842.53,0.29,48.63,2441.42,Wallet,Processing,"0375 Wagner Corner Suite 565, East Karen, MT 30409",Port Roy,UK,54149,False
ORD000251,CUST2020,Tiffany Black,ramoskayla@hotmail.com,2025-08-23 23:05:00,PROD545,Sure Bag,Fashion,10,195.68,0.04,41.0,1919.53,Debit Card,Pending,"55626 Phillip Camp, New Brian, VT 87055",Robertside,Germany,40389,False
ORD000252,CUST4827,Emily Cooper,isabellagriffin@gmail.com,2026-03-12 10:59:00,PROD176,Very Shoes,Fashion,7,1402.95,0.22,15.9,7676.01,Wallet,Shipped,"563 Miller Plain Suite 628, Jasonhaven, ME 68833",Katherineburgh,India,03570,True
ORD000253,CUST8404,Robert Vargas,jessica81@brown.com,2025-02-24 05:28:00,PROD415,Candidate Watch,Home,8,631.5,0.04,17.91,4867.83,Credit Card,Processing,"4907 Bird Valley, West Kevin, WY 94198",Lake Nicholas,India,97168,True
ORD000254,CUST5066,Garrett Aguilar,tgarcia@yahoo.com,2026-02-18 21:19:00,PROD464,Them Watch,Sports,10,85.46,0.25,16.39,657.34,Credit Card,Pending,"62737 Mike Pine, Chapmanhaven, MO 35063",Fieldsmouth,Australia,90811,False
ORD000255,CUST8570,Katherine Mcpherson,williamwashington@anderson-bush.net,2025-05-14 05:01:00,PROD204,Buy Chair,Groceries,7,1709.93,0.17,27.51,9962.2,Debit Card,Pending,"0285 Carolyn Lodge Apt. 159, Billyberg, MN 40468",Kevinfort,India,04168,True
ORD000256,CUST2376,Brenda Lawrence,pamela32@burns.com,2025-02-01 07:08:00,PROD696,Key Phone,Home,4,1648.23,0.11,31.51,5899.21,Credit Card,Returned,"756 Davenport Village Apt. 287, Contrerasberg, VA 43127",Port Colleenchester,India,51256,True
ORD000257,CUST1699,James Weaver,debbie20@hotmail.com,2025-04-12 20:28:00,PROD572,Professor Laptop,Fashion,3,188.5,0.25,40.44,464.56,Wallet,Pending,"181 Stephanie Plains Apt. 983, Shawtown, TN 70212",North Joshua,UK,27476,False
ORD000258,CUST8307,Michael Clay,romancatherine@yahoo.com,2025-09-12 00:24:00,PROD252,Perform Laptop,Sports,7,349.75,0.06,9.36,2310.72,Wallet,Shipped,"6260 Reyes Course, North Amberport, HI 33997",East Kristopherchester,Canada,89447,True
ORD000259,CUST3248,Lucas Nguyen,evanscorey@gutierrez.com,2025-11-28 09:31:00,PROD529,How Shoes,Beauty,7,1766.14,0.14,4.39,10636.55,Wallet,Delivered,"USS Williams, FPO AE 99084",South William,USA,66616,True
ORD000260,CUST6269,Brian Brown,bjones@yahoo.com,2025-07-15 22:22:00,PROD497,Property Book,Fashion,8,1091.31,0.15,45.63,7466.54,Credit Card,Cancelled,"8913 Kevin Lodge, Millerhaven, WY 19161",Amberburgh,Germany,32634,True
ORD000261,CUST2640,Jessica Buck,smithsteven@hotmail.com,2025-01-16 08:03:00,PROD353,Figure Bag,Fashion,8,1061.22,0.23,49.98,6587.1,UPI,Processing,"07494 Kidd Ville, New Mary, AZ 21658",West Christopherville,Canada,18805,True
ORD000262,CUST4875,Yvonne Johns,nicole54@chavez.com,2026-01-27 07:36:00,PROD706,Develop Book,Groceries,7,712.84,0.25,42.26,3784.67,Cash on Delivery,Processing,"20970 Emily Loop Suite 681, New Anthonymouth, DE 46768",Careystad,Australia,51193,False
ORD000263,CUST9064,Randy Terry,fordsharon@smith-paul.com,2026-04-13 18:01:00,PROD655,Response Book,Fashion,6,1895.38,0.17,28.16,9467.15,Net Banking,Processing,"PSC 5319, Box 4337, APO AA 05323",Trevorborough,India,01436,True
ORD000264,CUST4300,Roberto Foster,mjackson@hotmail.com,2025-01-29 07:38:00,PROD925,Single Shoes,Home,4,44.76,0.14,16.59,170.56,Cash on Delivery,Cancelled,"92124 Nicole Stream, Jamestown, TX 70354",Erinmouth,USA,00757,False
ORD000265,CUST6978,Margaret Hahn,ryan64@frazier.info,2025-01-31 00:09:00,PROD174,High Book,Beauty,10,1410.87,0.04,5.55,13549.9,Cash on Delivery,Cancelled,"304 Patel Island, South Jamesland, OK 03826",Lake Rodney,UK,10258,True
ORD000266,CUST8982,Christina Murphy,johnsonryan@watkins.com,2025-06-22 09:20:00,PROD764,Though Book,Fashion,3,1951.84,0.22,21.84,4589.15,Cash on Delivery,Returned,"3505 Sherry Trail, Duranmouth, DE 11712",North Nicholasland,Canada,17217,False
ORD000267,CUST1029,Robert Brown,garciabrian@gmail.com,2025-04-25 21:37:00,PROD818,Financial Phone,Books,3,759.88,0.22,14.73,1792.85,Wallet,Processing,"96399 Shawn Mountain Suite 991, Debratown, NC 43518",North Curtis,India,78511,True
ORD000268,CUST6425,Leslie Randall,michael79@lopez-taylor.com,2025-11-05 10:58:00,PROD863,As Laptop,Fashion,10,445.69,0.17,46.83,3746.06,UPI,Processing,"549 Dylan Inlet Suite 450, North John, OH 07658",Cooperborough,Germany,84459,True
ORD000269,CUST6742,Rachel Peterson,vgreene@hotmail.com,2025-11-22 02:52:00,PROD362,Others Chair,Electronics,6,896.03,0.08,12.48,4958.57,Cash on Delivery,Pending,"USNV Barnes, FPO AE 14243",Walterton,India,65503,True
ORD000270,CUST6754,Aaron Walker,phanson@navarro-cisneros.com,2025-07-17 14:46:00,PROD659,Surface Watch,Electronics,7,1938.36,0.27,24.65,9929.67,Net Banking,Delivered,"2050 Michael Point, East Kellyborough, OR 47675",North Jamesport,Canada,23326,True
ORD000271,CUST6600,Dennis Thompson,jamesthompson@lozano-smith.com,2025-03-25 14:04:00,PROD274,Hundred Watch,Fashion,1,593.34,0.1,47.58,581.59,Cash on Delivery,Pending,"3473 Pacheco Shore, New Tiffany, NE 93685",North Drewberg,India,25357,True
ORD000272,CUST8113,James Brooks,samanthahines@hotmail.com,2025-06-23 19:39:00,PROD260,Current Laptop,Electronics,8,1410.49,0.13,32.68,9849.69,UPI,Cancelled,"53042 Clark Common Suite 912, Potterhaven, NM 68513",Whitestad,USA,69376,True
ORD000273,CUST7437,Michelle Simpson,ylittle@hotmail.com,2025-07-29 22:35:00,PROD685,Rate Phone,Groceries,9,534.2,0.08,11.88,4435.06,Net Banking,Pending,"73634 Oneal Ports, Port Neil, CO 18107",West Seanstad,USA,30670,True
ORD000274,CUST2589,Julie Oliver,amcdonald@yahoo.com,2025-07-04 00:27:00,PROD126,Summer Shoes,Fashion,2,592.63,0.2,30.01,-978.22,Cash on Delivery,Processing,"0273 Brewer Knolls Apt. 488, Port Joshuabury, DE 09852",Benjaminborough,Germany,44247,True
ORD000275,CUST9914,Gary Turner,janicebolton@hotmail.com,2025-08-31 03:19:00,PROD496,Sister Shoes,Home,7,944.53,0.27,13.25,4839.8,Net Banking,Returned,"44566 Thomas Passage Apt. 633, South Jesus, WY 72933",Sharpmouth,Germany,45151,True
ORD000276,CUST3476,Emily Lopez,samuelfarrell@gmail.com,2025-08-17 01:16:00,PROD870,House Bag,Beauty,8,932.79,0.07,13.43,6953.39,Credit Card,Pending,"0755 Robert Spur, Farmerside, MD 77434",New Kristenberg,India,20645,False
ORD000277,CUST7858,Wendy Carroll,zharris@gmail.com,2026-02-18 17:26:00,PROD648,Nor Bag,Groceries,10,458.89,0.02,19.36,4516.48,Net Banking,Cancelled,"59741 Damon Plaza Apt. 097, East Jamesfurt, IL 31045",Donnaland,Canada,60094,True
ORD000278,CUST3415,Joseph Jackson,hmoore@gmail.com,2025-09-01 09:05:00,PROD223,Not Chair,Books,7,1806.04,0.21,25.11,10012.51,Debit Card,Cancelled,"3234 Meyers Shores, Mooreshire, OR 27105",Hilltown,USA,19203,True
ORD000279,CUST3422,Roger Jacobs,renee77@johnston-mclaughlin.com,2026-02-18 06:08:00,PROD954,Race Phone,Home,1,849.63,0.3,21.77,616.51,UPI,Returned,"4692 Wright River Suite 762, South Hollyton, GA 36385",Elizabethland,Australia,91995,True
ORD000280,CUST9561,Stephanie Kerr,carneycharles@gmail.com,2025-02-14 12:35:00,PROD900,Mother Watch,Electronics,7,1106.35,0.26,25.98,5756.87,Net Banking,Pending,"7243 Steven Cliffs Suite 656, South Benjamin, DE 93444",West Ellen,USA,61350,True
ORD000281,CUST9775,Mr. Joshua Allen,thomasramirez@gmail.com,2025-10-18 18:37:00,PROD452,Conference Watch,Home,2,1850.23,0.17,5.05,3076.43,Net Banking,Shipped,"41862 Emily Branch, Ericstad, IL 94140",Lake Amandamouth,Australia,91824,False
ORD000282,CUST7581,Mark Mills,cvaughn@george.biz,2025-10-20 19:30:00,PROD139,Speak Watch,Home,1,348.54,0.12,30.91,337.63,Cash on Delivery,Returned,"3310 Johnson Bridge, Loriland, CT 87547",Lake Gary,USA,54985,True
ORD000283,CUST6094,Robyn Morris,sarahfoster@martinez-lewis.com,2026-01-17 15:58:00,PROD387,Game Chair,Books,5,1794.58,0.01,40.87,8924.04,Cash on Delivery,Shipped,"506 Stephen Circles Suite 950, East Robertfort, VT 70779",West Susan,Australia,79126,True
ORD000284,CUST7828,Mark Price,gregory57@rogers.org,2026-05-13 07:08:00,PROD719,List Bag,Electronics,5,1948.57,0.13,41.29,8517.57,Debit Card,Shipped,"903 Christina Crossing, Joelchester, IA 81734",North Devinfort,UK,39378,True
ORD000285,CUST3604,James May,vstevenson@ramirez.com,2026-04-13 13:47:00,PROD167,Near Book,Beauty,8,1520.19,0.26,41.05,9040.57,Wallet,Cancelled,"403 Cooper Ford Apt. 339, Boydburgh, SC 01293",Port Travisborough,UK,07330,True
ORD000286,CUST5087,Brenda Harris,brittanyguerra@young.biz,2026-02-04 16:56:00,PROD133,Share Watch,Electronics,10,62.75,0.06,41.65,631.5,UPI,Pending,"336 Catherine Hollow, Barbaraborough, WY 63569",West Raymondburgh,Australia,62198,True
ORD000287,CUST4963,Jonathan Moss,ysmith@dickerson-blake.com,2025-05-21 11:52:00,PROD481,Physical Watch,Sports,8,1012.73,0.19,6.19,6568.68,Net Banking,Pending,"6747 Brooks Rest, Jonesberg, NJ 26153",East Adam,USA,66128,False
ORD000288,CUST2480,Jacqueline Sullivan,xwaller@yahoo.com,2025-10-28 17:22:00,PROD391,Might Laptop,Books,6,331.21,0.27,37.45,1488.15,Credit Card,Returned,"0169 James Mews, Kelseystad, VT 64545",Heatherfurt,USA,56080,True
ORD000289,CUST1145,Dana Johnson,terrydeanna@yahoo.com,2026-03-15 07:41:00,PROD585,Point Shoes,Beauty,4,1357.0,0.08,20.48,5014.24,Debit Card,Pending,"3992 Darryl Course, Sandersshire, CO 68466",South Gabriel,Canada,56451,True
ORD000290,CUST6713,Eric Ponce,jessica11@hotmail.com,2025-04-25 08:38:00,PROD570,Page Book,Fashion,5,1426.92,0.21,13.77,5650.1,Net Banking,Delivered,"43640 Lisa Alley Apt. 168, Penachester, HI 49607",Lake Dennis,Germany,64263,False
ORD000291,CUST5631,Travis Hayes,jamesbrady@green.info,2025-10-27 03:00:00,PROD405,Produce Bag,Electronics,9,1998.86,0.29,41.97,12814.69,Net Banking,Cancelled,"PSC 1214, Box 1614, APO AE 45347",New Jimmyfort,India,88686,False
ORD000292,CUST4086,Alexandra Adams,davisalexa@bennett.com,2025-05-22 20:20:00,PROD253,Work Phone,Groceries,5,525.99,0.21,44.62,2122.28,Debit Card,Shipped,"655 Key Viaduct Apt. 566, West Morganville, NH 92029",Hardyberg,India,03866,False
ORD000293,CUST7857,Sheila Ramirez,shannon78@keller-smith.com,2025-12-05 10:43:00,PROD514,Adult Watch,Beauty,3,1443.96,0.2,49.87,3515.37,Credit Card,Shipped,"573 Ross Ridge, West Ronniefort, UT 13667",Carterborough,Canada,93816,True
ORD000294,CUST6873,Joseph Armstrong,tylermiller@davies.info,2025-06-25 23:45:00,PROD619,Business Book,Groceries,4,1374.2,0.19,23.79,4476.2,Debit Card,Returned,"32116 Ethan Islands, Mirandabury, KS 87786",Lynnville,Australia,87726,True
ORD000295,CUST6499,Joseph Swanson,monica99@schneider.biz,2025-05-31 03:30:00,PROD770,Ready Laptop,Fashion,3,1483.13,0.22,27.95,3498.47,UPI,Processing,"34141 Christopher Streets Apt. 195, Port Lawrence, OK 97090",West Bryanside,USA,25386,False
ORD000296,CUST2166,Veronica Flores,aprilguzman@gmail.com,2025-08-04 10:23:00,PROD583,Both Shoes,Sports,5,1173.21,0.14,5.89,5050.69,Credit Card,Pending,"2437 Hernandez Haven Apt. 095, Wayneville, VT 75732",Welchborough,Australia,65384,False
ORD000297,CUST7704,Vincent Brown,mariaclark@hotmail.com,2025-09-29 09:26:00,PROD683,World Watch,Fashion,1,1742.34,0.05,49.62,1704.84,UPI,Shipped,"76420 Rogers Springs, Mooneyfurt, CA 69686",Justinborough,Australia,92396,True
ORD000298,CUST8406,Jennifer Anderson,stephen29@ramos.com,2026-02-03 02:31:00,PROD380,Watch Shoes,Groceries,6,1263.91,0.05,31.72,7236.01,Debit Card,Pending,"305 Erika Walks, South Stephanie, TX 22550",North Michaelfort,Canada,24045,True
ORD000299,CUST7280,Autumn Robertson,obooker@hotmail.com,2025-09-08 02:08:00,PROD104,International Laptop,Sports,10,870.25,0.13,21.45,7592.62,Debit Card,Delivered,"67492 Parsons Underpass, Port Stevenfurt, SC 86116",Richardsonville,Australia,15787,False
ORD000300,CUST5076,John Barnett,matthewsvanessa@hill-mcgee.org,2026-05-02 00:57:00,PROD331,Course Bag,Home,6,1514.91,0.16,0.9,7636.05,UPI,Pending,"9215 Jennifer Wall Apt. 606, Brownshire, VT 85920",Port Karenville,USA,24181,True
ORD000301,CUST8469,Melissa Smith,david29@gmail.com,2025-07-16 16:37:00,PROD845,Read Phone,Sports,5,338.21,0.25,14.91,1283.2,Wallet,Shipped,"11845 Rodney Shoals Apt. 340, Donnamouth, OK 64784",Alexandrastad,Germany,79953,False
ORD000302,CUST7609,Christine Garcia,benjaminthomas@bernard.net,2026-03-31 21:08:00,PROD119,Direction Shoes,Fashion,6,1992.3,0.15,37.51,10198.24,Cash on Delivery,Processing,"96184 James Estates Suite 714, Bentleyberg, IL 09749",Wandaborough,USA,94144,True
ORD000303,CUST7147,Matthew Hoover,uunderwood@gray-maynard.com,2026-01-11 00:37:00,PROD997,Bank Bag,Home,9,342.12,0.11,32.53,2772.91,Wallet,Pending,"861 Bowman Lake, Kimberlyberg, IN 36368",North Nicholasbury,Canada,50129,True
ORD000304,CUST8279,Rachel Martinez,wdavis@hotmail.com,2025-11-01 01:42:00,PROD489,Owner Laptop,Sports,2,1308.87,0.01,34.49,2626.05,UPI,Delivered,"102 Potts Loaf Apt. 588, Woodsberg, AL 90502",Lake David,UK,50151,True
ORD000305,CUST3247,Debra Sellers,erikabarnes@yahoo.com,2025-04-16 22:43:00,PROD528,Cover Chair,Electronics,1,605.73,0.2,33.12,517.7,Wallet,Shipped,"8446 Kevin Walks Apt. 465, Lake Christopherbury, GA 75908",North Juliaside,Australia,65099,True
ORD000306,CUST4304,Alexandra Vaughan,rjimenez@barron.org,2025-05-25 03:50:00,PROD466,Customer Bag,Books,2,997.99,0.18,38.9,1675.6,UPI,Cancelled,"PSC 0685, Box 3890, APO AP 59306",Lake Sarah,USA,69119,True
ORD000307,CUST2458,Carrie Richardson,stephanie67@jackson-booker.com,2025-10-08 15:58:00,PROD213,White Chair,Sports,4,1377.97,0.14,11.73,4751.95,Cash on Delivery,Pending,"4744 Aaron Roads, Robinsonport, NY 05144",Staffordfort,UK,08037,True
ORD000308,CUST4787,Luis Murphy,smithpamela@gmail.com,2026-05-02 02:49:00,PROD567,Interest Book,Home,9,154.72,0.22,45.24,1131.37,Net Banking,Returned,"7318 Robert Oval, East Kaylaview, NJ 52321",Kevinchester,India,24379,True
ORD000309,CUST2898,Debra Mayo,donaldburgess@gmail.com,2026-02-21 05:55:00,PROD197,Her Chair,Groceries,1,1705.24,0.11,33.84,1551.5,Credit Card,Delivered,"34026 Manning Bypass, Lake James, TN 35339",South Tracyfort,India,89857,True
ORD000310,CUST2522,Erika Duran,ganderson@gmail.com,2025-12-06 20:10:00,PROD481,Card Chair,Home,6,718.27,0.13,31.09,3780.46,Debit Card,Returned,"305 Bray Street, South Timothyport, CO 56724",New Elijah,India,67510,False
ORD000311,CUST2852,Douglas Wilson,elizabethpatterson@yahoo.com,2025-07-24 14:17:00,PROD235,Seat Bag,Beauty,7,1381.36,0.14,21.09,8336.88,Credit Card,Processing,"892 Victoria Ramp, East David, AZ 36396",East Ronald,USA,81302,True
ORD000312,CUST1472,Sean James,jeffreysimmons@gmail.com,2025-08-02 18:30:00,PROD983,Mrs Bag,Groceries,10,1358.39,0.05,18.99,12923.69,Cash on Delivery,Shipped,"1454 Dawson Gateway, Pattyburgh, AL 07333",Jasonfort,USA,37222,False
ORD000313,CUST9598,Ashlee Lopez,matthew11@hotmail.com,2026-04-17 15:07:00,PROD885,Add Bag,Sports,7,884.17,0.02,32.75,6098.16,Cash on Delivery,Pending,"5598 Allen Harbor, New Patrick, CT 17603",North Brendaborough,Canada,25788,True
ORD000314,CUST5072,Tammy Jones,jessica38@hotmail.com,2026-05-16 21:55:00,PROD593,Class Book,Beauty,6,1040.6,0.21,30.91,4963.35,Cash on Delivery,Delivered,"8485 West Stravenue, South Carloschester, NY 03368",New Joshua,Australia,17400,False
ORD000315,CUST9123,Tyler Brown,isimpson@mata.biz,2025-03-18 17:57:00,PROD990,Or Shoes,Electronics,10,113.86,0.19,7.85,930.12,Net Banking,Delivered,"432 Ernest Forge Apt. 878, Kevinbury, VT 35695",East Jeffreyside,Germany,31724,True
ORD000316,CUST2291,Mark Mcmahon,josephgibbs@hotmail.com,2025-06-19 08:03:00,PROD570,Energy Watch,Groceries,9,449.3,0.19,20.16,3295.56,Wallet,Processing,"Unit 3810 Box 5955, DPO AE 92967",Jenniferchester,UK,80649,True
ORD000317,CUST7609,William Garrett,jeffrey42@bonilla-medina.org,2026-03-15 15:28:00,PROD522,Born Laptop,Sports,6,241.82,0.15,32.67,1265.95,Wallet,Pending,"498 Lisa Forges Suite 439, Moorebury, VA 57373",Eddiefort,India,12781,True
ORD000318,CUST6584,Joe Ochoa Jr.,deborahsmith@gmail.com,2026-02-10 19:39:00,PROD472,Value Chair,Electronics,5,1780.77,0.17,32.73,7422.93,Debit Card,Delivered,"931 Charles Gardens Suite 618, Lake Karen, PA 13572",Cruzville,UK,02277,False
ORD000319,CUST4633,Maria Williams,adamssheena@smith.com,2025-10-14 19:38:00,PROD102,Occur Book,Home,8,1434.73,0.11,22.63,10237.91,Cash on Delivery,Pending,"132 Malone Mills Apt. 457, East Brian, KY 82746",North Malloryville,Germany,71888,False
ORD000320,CUST2752,Jorge Copeland,barrandrew@cruz-gomez.com,2025-12-26 03:02:00,PROD360,Draw Phone,Fashion,3,987.38,0.25,37.13,2258.74,Debit Card,Delivered,"PSC 6172, Box 1314, APO AA 10500",Davidland,India,06182,False
ORD000321,CUST3018,Cassandra Moreno,qhernandez@turner.com,2025-04-21 14:52:00,PROD890,Experience Watch,Books,4,1434.99,0.03,20.72,5588.48,Cash on Delivery,Returned,"PSC 5410, Box 2252, APO AA 59050",Briggsville,Canada,76240,True
ORD000322,CUST8912,Nicholas Thomas,huntercruz@yahoo.com,2026-05-09 15:00:00,PROD620,Miss Chair,Fashion,9,1473.75,0.17,21.64,11030.55,Cash on Delivery,Cancelled,"523 Barnes Parks Suite 883, Millerchester, OK 91399",Lake Christopher,Canada,47910,True
ORD000323,CUST7859,Xavier Smith,samanthabrown@yahoo.com,2026-01-10 04:06:00,PROD723,Herself Bag,Groceries,7,1316.76,0.18,16.09,7574.29,Debit Card,Delivered,"7286 Jason Fork, Lake Devinberg, VA 03954",Watsonville,Germany,87368,False
ORD000324,CUST9393,Karen Wheeler,thomasdonald@jones.biz,2026-05-09 10:18:00,PROD406,Citizen Chair,Beauty,8,1610.57,0.04,30.13,12399.31,Wallet,Returned,"284 Jenkins Junction Suite 041, North Nicole, PA 98953",New Ethan,Germany,52456,True
ORD000325,CUST3913,Melanie Liu,jenna62@yahoo.com,2025-04-13 06:39:00,PROD615,Best Phone,Beauty,5,1374.79,0.28,6.63,4955.87,Cash on Delivery,Returned,"369 Jeffery Ferry, Port Heatherfort, SD 84634",Wilcoxburgh,Germany,07666,True
ORD000326,CUST9747,Maria Lee,millercarrie@johnson-campbell.net,2026-01-25 11:35:00,PROD392,Both Chair,Books,8,1167.7,0.28,35.51,6761.46,Credit Card,Returned,"3830 Joseph Port, New Valeriefort, AR 41733",West Alanstad,Canada,99025,True
ORD000327,CUST5695,James Lee,terri15@yahoo.com,2025-01-13 12:09:00,PROD799,Watch Book,Fashion,1,1342.16,0.06,37.51,1299.14,Credit Card,Processing,"209 Woods Ways, West Evanmouth, SC 12728",East Lindsey,Australia,86250,False
ORD000328,CUST4675,Nathan Holder,vfloyd@yahoo.com,2025-04-15 17:02:00,PROD860,Here Bag,Sports,6,1628.98,0.03,43.4,9524.06,Net Banking,Returned,"63399 Susan Port Suite 102, Amyland, CT 60113",Geoffreyport,USA,21665,False
ORD000329,CUST1881,Kenneth Gomez,jennifermurray@good-hines.info,2025-12-21 21:03:00,PROD113,Rate Bag,Home,7,778.17,0.29,48.79,3916.29,Debit Card,Shipped,"PSC 1970, Box 5466, APO AP 89706",South Michael,Canada,82372,False
ORD000330,CUST4170,Jacqueline Fleming,natalie09@hotmail.com,2026-03-01 07:58:00,PROD401,Art Watch,Fashion,6,1511.44,0.16,30.17,7647.83,Cash on Delivery,Returned,"802 Kelly Estate, Nashbury, NH 88207",West Stevenside,India,61430,True
ORD000331,CUST3131,Christopher Rodriguez,vgonzalez@gmail.com,2026-05-08 05:47:00,PROD264,Free Phone,Groceries,9,243.11,0.01,13.96,2180.07,UPI,Shipped,"71470 Stacy Drive Apt. 590, Brownstad, NE 62551",North Jason,India,03508,False
ORD000332,CUST5934,Melinda Nelson,thomasjoshua@evans.info,2025-08-27 22:59:00,PROD602,Try Chair,Sports,3,84.68,0.28,29.84,212.75,Wallet,Returned,"420 Patty Meadow, Tabithaport, ID 46281",Olsonside,Germany,90787,True
ORD000333,CUST3611,Tracie Kim,hoffmanpatricia@gmail.com,2026-02-06 22:20:00,PROD525,Bank Phone,Sports,9,443.82,0.06,3.41,3758.13,Net Banking,Cancelled,"5027 Victor Island, Port Tarachester, NC 95172",South Sherryberg,India,83639,False
ORD000334,CUST9691,Wayne Davis,robertpayne@burke.com,2025-04-24 06:42:00,PROD586,Determine Phone,Groceries,6,665.48,0.09,47.52,3681.04,Cash on Delivery,Cancelled,"USS Wood, FPO AA 02623",Peggyhaven,India,16851,True
ORD000335,CUST6258,Mariah Bryant,michael86@hotmail.com,2025-12-09 11:28:00,PROD490,Southern Chair,Electronics,4,1809.47,0.18,31.06,5966.12,Net Banking,Pending,"6528 Amy Light, Meganchester, LA 92525",North Lindaville,Germany,12250,False
ORD000336,CUST4154,Lisa Jenkins,schultzwesley@gmail.com,2025-01-13 16:52:00,PROD428,Region Phone,Electronics,6,1031.05,0.15,24.34,5282.7,Credit Card,Shipped,"37861 Melissa Crossing Suite 766, West Kimberlyhaven, KY 86835",Kylechester,USA,88751,True
ORD000337,CUST8130,Steven Perry,hernandeznicholas@wilkins.org,2025-11-17 02:13:00,PROD762,Law Chair,Electronics,4,1730.58,0.13,5.2,6027.62,Cash on Delivery,Cancelled,"96096 Sheila Loaf Apt. 658, South Jerry, DC 66594",Lake Barbarafurt,Australia,82724,True
ORD000338,CUST2154,Sara Moore,christopherjohnson@gmail.com,2025-01-13 14:45:00,PROD688,Production Chair,Fashion,6,80.58,0.02,8.9,482.71,UPI,Shipped,"98196 Julia Curve, Waltersstad, IA 86028",West James,UK,32646,False
ORD000339,CUST2036,Renee Gray,hillsavannah@hotmail.com,2025-08-19 20:25:00,PROD874,Agency Bag,Sports,7,636.23,0.12,5.92,3925.1,Credit Card,Pending,"79112 Green Falls, North Troystad, IL 51723",South Laurachester,Australia,10144,True
ORD000340,CUST7249,Mr. Daniel Barnes,lstokes@yahoo.com,2025-07-03 16:06:00,PROD504,Action Chair,Beauty,5,1574.85,0.09,4.33,7169.9,Credit Card,Delivered,"PSC 9901, Box 5579, APO AP 72129",East Aimeeview,UK,16438,True
ORD000341,CUST3360,Allen Johnson,michellewilson@johnson.com,2025-10-01 07:08:00,PROD405,Because Bag,Groceries,7,1594.56,0.25,14.75,8386.19,Cash on Delivery,Returned,"4731 Erickson Run, Stuartfort, NY 52922",West Gerald,Australia,90554,False
ORD000342,CUST9800,Michelle Hayden,gabriel37@andrade-henderson.com,2026-05-06 00:35:00,PROD660,Team Laptop,Home,9,287.04,0.01,28.64,2586.17,Debit Card,Delivered,"663 Brooks Roads, South Garyton, KS 77423",Carterhaven,Australia,46671,False
ORD000343,CUST4183,Brian Lamb,michaeljones@hotmail.com,2025-04-19 13:57:00,PROD217,Hot Shoes,Beauty,9,289.2,0.06,30.84,2477.47,Wallet,Shipped,"05053 Bradley Islands Apt. 816, Carolynhaven, CT 74026",Jenniferland,India,75729,False
ORD000344,CUST8982,Jennifer Avila,james07@yahoo.com,2025-11-27 17:04:00,PROD438,Any Book,Fashion,5,1345.01,0.08,9.87,6196.92,Cash on Delivery,Cancelled,"Unit 6117 Box 2959, DPO AA 31489",West Andrewshire,Australia,01110,True
ORD000345,CUST6008,Diane Skinner,huangsamantha@gmail.com,2025-02-21 09:39:00,PROD810,Green Phone,Fashion,2,1800.74,0.1,22.53,3263.86,Wallet,Cancelled,"1644 Molina Locks, New Kimfort, AR 52055",Heathermouth,Canada,65163,False
ORD000346,CUST8145,Tracy Martinez,johnsonbrandon@gmail.com,2026-02-18 10:27:00,PROD383,Chair Chair,Home,0,14.64,0.07,11.08,51.93,Debit Card,Returned,"632 James Valleys Suite 800, Nicoleton, AR 40384",West Markfurt,Australia,35878,False
ORD000347,CUST2343,Tammy Silva,luishernandez@barron.info,2026-03-26 15:29:00,PROD961,Relate Book,Groceries,8,720.69,0.09,27.58,5274.2,Debit Card,Processing,"774 Barton Orchard, North Joseph, VT 11353",Angelicabury,Canada,86940,True
ORD000348,CUST1511,Savannah Neal,abrown@robinson.com,2025-05-15 23:56:00,PROD932,Grow Phone,Sports,2,1456.21,0.27,42.48,2168.55,Net Banking,Returned,"7281 Jeffery Lakes Suite 798, Port Ricardo, KY 55956",Lake Kurt,Canada,76161,True
ORD000349,CUST6993,Bridget Walter,allenmurray@johnson-stanley.info,2026-04-10 01:35:00,PROD501,He Shoes,Groceries,5,1089.22,0.3,23.61,3835.88,Wallet,Processing,"6326 Romero Center, Nelsonville, SD 50638",Leeborough,Australia,53282,False
ORD000350,CUST3717,Donald Lawson,maldonadodebbie@gmail.com,2025-03-10 14:32:00,PROD875,Discuss Phone,Fashion,9,185.66,0.11,0.53,1487.67,Net Banking,Processing,"431 Joshua River, Myersville, VA 91161",Tylerburgh,USA,27184,True
ORD000351,CUST8989,Dwayne Carlson,lopezrebecca@woods.com,2025-10-17 18:42:00,PROD337,Conference Laptop,Home,3,1473.16,0.15,17.94,3774.5,UPI,Processing,"25720 Patterson Brooks, West Nicole, TX 01776",Tarashire,USA,00632,True
ORD000352,CUST6309,David Rodriguez PhD,aliciajackson@gmail.com,2025-12-09 06:33:00,PROD205,Stage Bag,Sports,6,779.25,0.28,44.08,3410.44,Cash on Delivery,Pending,"577 Fritz Glens Suite 457, Port Michaelmouth, NC 87524",Rodriguezhaven,Germany,95949,False
ORD000353,CUST9465,Brittany Jenkins,michaeljohnson@figueroa.com,2025-10-24 17:36:00,PROD357,Daughter Watch,Fashion,3,756.44,0.11,29.38,2049.07,Wallet,Pending,"PSC 6148, Box 7824, APO AP 46224",Peterchester,UK,36709,False
ORD000354,CUST3713,Andrew Meyer,hamiltonspencer@yahoo.com,2026-02-23 11:31:00,PROD335,Fight Laptop,Sports,8,1774.91,0.0,44.1,14243.38,Cash on Delivery,Delivered,"2728 Hanson Shores, West Tommy, LA 02544",Williamsport,Germany,78236,True
ORD000355,CUST6410,John Smith,williamsdevin@yahoo.com,2025-03-18 05:10:00,PROD837,Stock Laptop,Books,6,1206.03,0.25,33.06,5460.19,Cash on Delivery,Delivered,"42369 Kelly Bypass, Fitzpatrickbury, TX 83999",Hendersonville,UK,34744,False
ORD000356,CUST3207,Linda Thompson,linda23@yahoo.com,2025-04-18 18:10:00,PROD744,Central Phone,Electronics,7,49.78,0.01,28.67,373.65,Wallet,Processing,"4149 Gardner Lane, Davishaven, UT 41560",Taylorchester,USA,61652,True
ORD000357,CUST1305,Jason Johnson,idavis@meadows.com,2025-03-27 08:59:00,PROD999,Care Bag,Beauty,3,1035.7,0.12,48.46,2782.71,Cash on Delivery,Returned,"62607 Combs Corner Apt. 415, Port Kellyfort, MA 08478",Lake Brendahaven,Germany,97410,True
ORD000358,CUST3338,Meredith Black,jeffreylowe@gmail.com,2025-04-21 14:38:00,PROD913,Fish Phone,Groceries,8,1735.27,0.05,41.52,13229.57,Debit Card,Cancelled,"9311 Eric Crest, East Jamesfort, NY 58672",Brownville,Canada,39812,False
ORD000359,CUST7315,William Wilkins,nvillarreal@gmail.com,2025-03-27 23:43:00,PROD235,Lay Laptop,Electronics,6,1845.09,0.18,3.44,9081.28,Debit Card,Delivered,"23288 Thomas Highway, Elizabethshire, MN 88017",Peterville,Canada,61313,False
ORD000360,CUST9246,Jeffery Johnson,elliottalex@yahoo.com,2026-02-28 04:38:00,PROD870,Along Laptop,Electronics,2,358.96,0.27,29.99,554.07,Net Banking,Cancelled,"52774 Tina Knolls Apt. 586, East Dianastad, VA 74313",Stephenberg,Australia,36983,True
ORD000361,CUST7892,Mary Mclean,ebennett@hopkins.net,2026-04-07 19:34:00,PROD479,Event Chair,Electronics,1,1794.45,0.23,32.46,1414.19,Cash on Delivery,Cancelled,"959 Jones Burgs Apt. 311, Villafort, WV 30848",North Rachel,Canada,23307,False
ORD000362,CUST2600,Janet Mcpherson,salazardanny@jones.com,2025-04-28 15:50:00,PROD535,Wind Shoes,Home,7,704.28,0.24,45.39,3792.16,Net Banking,Returned,"762 James Overpass, Sheltonbury, WA 21746",Cervantesborough,USA,11775,True
ORD000363,CUST9561,Lori Barnett,patrickpatricia@schroeder-carroll.com,2025-05-26 19:56:00,PROD220,Grow Phone,Electronics,9,820.25,0.06,35.46,6974.77,Net Banking,Pending,"39785 Montgomery Points Apt. 176, Sawyershire, DC 68297",Craigfort,Australia,30722,True
ORD000364,CUST9783,Joshua Johnson,peter51@gmail.com,2025-12-19 10:26:00,PROD533,Field Phone,Home,6,217.63,0.13,29.27,1165.3,Wallet,Shipped,"984 Montgomery Plains, New Thomasview, AK 04731",Robertborough,Germany,44349,False
ORD000365,CUST8925,Amy Harris,youngcharles@hotmail.com,2026-01-22 06:26:00,PROD359,West Book,Sports,9,1568.66,0.14,18.51,12159.94,UPI,Cancelled,"1699 Paige Neck, West Jennifer, AZ 65590",Lake Michael,Australia,63100,False
ORD000366,CUST2642,Samuel Mata,johnsonkimberly@ferguson.com,2026-01-12 04:54:00,PROD319,Old Phone,Books,2,1496.89,0.13,34.97,2639.56,UPI,Processing,"2668 Darrell Crest Suite 535, Hullbury, CO 77652",East Robertside,Canada,74956,True
ORD000367,CUST8133,Robert Marks,jonesdavid@campbell.com,2025-03-24 12:40:00,PROD190,Play Laptop,Home,1,1609.72,0.25,23.58,1230.87,Debit Card,Cancelled,"2967 Diane Club, Shawnaborough, VT 96867",Priscillabury,Germany,58636,True
ORD000368,CUST1941,Teresa Deleon,alisonadams@hotmail.com,2025-11-08 01:46:00,PROD892,Number Chair,Fashion,7,1861.72,0.12,32.81,11501.01,Cash on Delivery,Shipped,"6974 James Dam, West Judy, DE 49310",North Tiffany,UK,92034,False
ORD000369,CUST4795,Phillip Benton,rhuff@chapman-evans.com,2025-01-06 06:54:00,PROD729,As Shoes,Beauty,9,575.58,0.01,29.98,5158.4,Credit Card,Cancelled,"0667 Jeffrey Light Apt. 680, Anthonystad, PA 99391",Sandraview,Germany,99239,True
ORD000370,CUST7642,Nicole Peterson,vpatton@gmail.com,2025-12-02 00:10:00,PROD700,Surface Shoes,Sports,2,1993.65,0.23,17.66,3087.88,Credit Card,Delivered,"487 Armstrong Port Suite 267, East Rebecca, TX 36466",East Kelseyport,Australia,44742,True
ORD000371,CUST5530,Amanda Hill,kimberly90@gmail.com,2026-04-16 02:35:00,PROD331,Food Phone,Fashion,5,1453.65,0.17,29.15,6061.8,Net Banking,Shipped,"2770 Smith Camp Suite 783, Brownland, RI 72780",Stephaniemouth,UK,24068,True
ORD000372,CUST9409,Richard Green,jeremythompson@hotmail.com,2025-05-14 05:26:00,PROD363,Reality Phone,Groceries,9,217.4,0.02,14.71,1932.18,Wallet,Pending,"028 Riley Canyon, North Stephanie, KS 02613",Amberton,Germany,79220,False
ORD000373,CUST8548,Brian Hunter,youngmark@calderon-becker.com,2026-05-10 12:36:00,PROD700,Quality Chair,Electronics,8,1541.08,0.23,48.06,9541.11,Net Banking,Delivered,"05955 Merritt Landing Suite 490, West Bradley, OR 03847",New Jasonmouth,India,67452,False
ORD000374,CUST9462,Natalie Logan,nicholasaguilar@hotmail.com,2025-02-04 12:40:00,PROD648,She Laptop,Beauty,4,1355.44,0.07,15.79,5058.03,UPI,Shipped,"39898 Ryan Crossing, New Thomashaven, NV 42042",Jamesshire,USA,38913,False
ORD000375,CUST4580,Erin Lloyd,stephengoodman@gmail.com,2025-02-17 12:43:00,PROD687,Room Book,Fashion,6,156.68,0.28,23.83,700.69,Cash on Delivery,Shipped,"1588 Robin Shoal Suite 937, Hallberg, IA 53928",New Jorge,Australia,38103,True
ORD000376,CUST5091,Bruce Ortiz,xchen@yoder.com,2025-09-13 23:12:00,PROD956,Compare Phone,Home,4,1472.18,0.26,10.34,4367.99,Debit Card,Processing,"712 Mary Burg Apt. 128, Strongstad, MO 91848",Lake Kelly,India,44647,True
ORD000377,CUST8901,Stephanie Vargas,jonessamantha@lozano-mccoy.biz,2026-04-17 02:43:00,PROD480,Figure Phone,Home,8,1229.58,0.23,27.07,7601.28,Net Banking,Pending,"298 Edwin Avenue, Emilymouth, MD 57987",New Jennifer,Canada,37109,False
ORD000378,CUST9613,Anne Evans,elliottphyllis@hotmail.com,2025-09-09 05:48:00,PROD918,Movie Watch,Books,9,564.13,0.07,28.83,4750.6,Wallet,Pending,"5652 Bobby Street Apt. 684, Coryport, DE 38229",Tommybury,India,22694,False
ORD000379,CUST1137,Thomas Zhang,elizabeththomas@arnold.com,2025-07-21 21:49:00,PROD112,Ahead Bag,Fashion,3,917.11,0.04,25.91,2667.19,Net Banking,Shipped,"830 Wall Burg, Jamesshire, VA 58805",Port Shawn,Canada,14868,True
ORD000380,CUST6621,Tamara Wilson,ibaker@yahoo.com,2025-06-16 11:39:00,PROD474,Sign Shoes,Books,5,378.37,0.08,13.47,1753.97,Net Banking,Cancelled,"31528 Hill Roads Apt. 506, Lake Lauramouth, OH 87156",Lake Courtneybury,USA,18441,False
ORD000381,CUST4744,Shelby Robinson,theodore72@crawford.com,2025-12-25 11:23:00,PROD933,Name Laptop,Beauty,7,562.86,0.05,6.56,3749.58,UPI,Cancelled,"61789 Jennifer Camp, Wattsfurt, OR 31265",Toddburgh,USA,39835,False
ORD000382,CUST3893,Sheri Contreras,iharper@yahoo.com,2026-03-15 12:12:00,PROD531,Find Watch,Fashion,3,1601.07,0.22,23.65,3770.15,Cash on Delivery,Pending,"6753 Wilson Mountain, Donnastad, MO 92883",Port Nicole,Canada,64618,False
ORD000383,CUST3676,Melissa Johnson,pamelapatton@gmail.com,2026-02-07 15:19:00,PROD161,Or Shoes,Groceries,5,1126.47,0.17,19.92,4694.77,UPI,Returned,"566 Coleman Green Apt. 473, Daisyton, NV 54215",New Nancy,UK,70757,True
ORD000384,CUST6638,Mario Gould,cassidysmith@hotmail.com,2025-08-19 23:21:00,PROD120,Against Watch,Electronics,5,725.12,0.17,46.59,3055.84,UPI,Shipped,"558 Diana Path, West Amanda, ND 52343",West Laurie,Australia,49506,True
ORD000385,CUST9363,Daniel Quinn,brucekari@garcia.com,2025-10-23 18:41:00,PROD599,Fear Chair,Beauty,9,353.2,0.23,17.76,2465.44,Net Banking,Returned,"304 Lisa Lane, Andersonview, CO 10531",New Jenniferchester,India,03142,False
ORD000386,CUST7631,Ronald Jacobs,fitzgeraldlaura@decker.com,2025-11-11 09:29:00,PROD969,Large Laptop,Electronics,3,1737.17,0.19,46.43,4267.75,Debit Card,Delivered,"4731 Costa Ports, Bennettchester, IN 53759",Timothyside,Germany,66901,True
ORD000387,CUST6950,Alan Crawford,kathryn17@gmail.com,2025-06-10 10:41:00,PROD865,Participant Phone,Sports,5,1422.31,0.18,19.77,5851.24,Net Banking,Delivered,"Unit 6375 Box 7914, DPO AA 19345",North Annborough,UK,64701,True
ORD000388,CUST4450,Angela Powell,briansnyder@yahoo.com,2025-04-05 00:08:00,PROD270,Foreign Watch,Electronics,4,1325.73,0.28,35.03,3853.13,Credit Card,Pending,"59960 Vaughn Throughway, Gardnermouth, IA 42684",Fletcherhaven,India,73220,False
ORD000389,CUST3544,Wendy Miller,ylyons@sherman.net,2025-10-08 01:01:00,PROD186,Smile Bag,Books,7,1050.35,0.3,5.2,5151.92,UPI,Cancelled,"1067 Connie Pine, Taylorside, MO 01714",Davidport,USA,94865,True
ORD000390,CUST6846,Megan Mills,donaldmills@gmail.com,2026-01-13 09:28:00,PROD981,Suggest Book,Groceries,3,266.9,0.25,1.43,601.95,Net Banking,Returned,"947 Clark Isle Apt. 287, West Robertberg, CA 01235",Jacquelineborough,UK,91470,False
ORD000391,CUST8126,Jimmy Davis,carlfields@gmail.com,2025-10-08 14:08:00,PROD636,Hair Bag,Beauty,9,358.19,0.18,31.55,2674.99,Wallet,Returned,"4694 Weber Lodge, Annborough, OR 20479",Lake Javierburgh,Germany,34964,False
ORD000392,CUST1172,Beth Boyd,barbara99@yahoo.com,2025-09-04 17:14:00,PROD100,Surface Phone,Groceries,2,886.51,0.11,12.99,1590.98,Debit Card,Shipped,"20331 Douglas Mountains Apt. 510, New Lindsay, TN 62326",Kevinville,Germany,32059,False
ORD000393,CUST5799,Jamie Cruz,larry85@hotmail.com,2025-08-29 17:00:00,PROD711,Bar Shoes,Groceries,8,1894.18,0.14,0.46,13032.42,Credit Card,Delivered,"42687 Neal Glen, New Rachelstad, AK 48432",Townsendstad,Canada,95985,False
ORD000394,CUST7385,Luis Walter,vbrooks@gonzalez.net,2025-04-07 13:56:00,PROD948,Day Watch,Fashion,9,877.03,0.07,35.75,7376.49,UPI,Returned,"1548 Catherine Bypass Suite 760, Joshuaton, AK 94614",Osbornmouth,India,64765,False
ORD000395,CUST9715,Paul Holland,woodchloe@hernandez.com,2025-11-17 07:33:00,PROD928,Beautiful Book,Books,10,1616.11,0.21,14.23,12781.5,Debit Card,Returned,"70518 Lucero Fields, West Marymouth, VT 22680",Zacharyfurt,India,55076,True
ORD000396,CUST6253,Mckenzie Brown,christopher70@franklin-barker.biz,2025-03-11 09:07:00,PROD119,Consumer Shoes,Electronics,8,1237.37,0.08,31.14,9138.18,Wallet,Processing,"4851 Owens Villages, New Sarahland, CO 24421",East Lonnietown,India,22696,True
ORD000397,CUST3468,Claudia Brooks,kylebecker@burgess.com,2026-05-13 03:18:00,PROD115,Force Watch,Fashion,5,254.45,0.13,0.41,1107.27,UPI,Pending,"42956 Mary Groves Apt. 244, Bakerfort, OR 48160",Kelseyhaven,UK,59440,False
ORD000398,CUST1918,Melissa Jackson,amandaclark@hotmail.com,2026-02-07 15:23:00,PROD372,Leader Chair,Books,8,1395.38,0.01,4.01,11055.42,Credit Card,Processing,"58841 Jonathan Mountain Suite 018, South Donald, MD 49296",Barrettton,Canada,42754,False
ORD000399,CUST5078,Lori Booth,robertcook@leach.com,2025-04-03 06:57:00,PROD494,Manage Chair,Books,5,1635.42,0.25,6.1,6138.92,Debit Card,Returned,"9799 Simon Mountains, West Jennifer, MA 63750",Evansbury,Australia,66949,True
ORD000400,CUST6113,Jeffery Adams,martingarrett@yahoo.com,2025-04-12 14:47:00,PROD430,Various Shoes,Beauty,2,1044.67,0.29,23.64,1507.07,Cash on Delivery,Returned,"225 Tara Inlet, Port Michael, GA 60871",Lake Dylanburgh,India,39990,True
ORD000401,CUST2850,Cody Hodge,ramseyeric@hotmail.com,2025-05-10 15:40:00,PROD341,Through Bag,Books,5,401.45,0.27,43.18,1508.47,UPI,Processing,"2517 Hale Mountains, Guerrabury, CT 51301",West Kathryn,India,18002,True
ORD000402,CUST8786,Gabriel Campbell,wferguson@yahoo.com,2026-02-11 08:37:00,PROD804,Relationship Phone,Fashion,2,794.64,0.07,48.44,1526.47,UPI,Cancelled,"92355 Mason Alley, Melendezbury, NM 25138",East Kevinland,India,45011,True
ORD000403,CUST1979,Christopher Hernandez,eleonard@gmail.com,2025-03-22 15:05:00,PROD464,Every Bag,Fashion,10,680.15,0.29,37.98,4867.05,Cash on Delivery,Pending,"USCGC White, FPO AA 89936",South Lindastad,Canada,90424,True
ORD000404,CUST4161,Mary Sullivan,luisandrews@parks-smith.biz,2025-03-06 15:14:00,PROD121,Knowledge Bag,Books,6,1963.44,0.24,37.83,8991.12,UPI,Delivered,"4197 Norman Station Suite 851, South Amanda, TX 10987",North Matthew,Australia,93242,True
ORD000405,CUST4057,Christina Hess,swilliams@gmail.com,2025-05-09 01:31:00,PROD656,Campaign Book,Home,8,1120.25,0.16,24.5,7552.58,Cash on Delivery,Cancelled,"0954 Rogers Hill Apt. 842, Michaeltown, MD 39518",New Danielton,UK,70135,False
ORD000406,CUST9873,Danielle Miller,jessicaschultz@orozco-reed.info,2026-03-21 19:58:00,PROD475,Risk Watch,Electronics,9,324.89,0.16,22.47,2478.64,Cash on Delivery,Shipped,"15502 Patrick Stream Apt. 546, Johnsonview, SD 97846",Port Ritaville,Canada,25620,False
ORD000407,CUST2037,Whitney Gilbert,brooksthomas@hill-barker.com,2026-01-11 05:56:00,PROD774,Factor Phone,Groceries,1,1241.37,0.11,31.01,1135.83,Net Banking,Shipped,"624 Smith Fords, Port Robertberg, KY 61114",Coltonbury,USA,02869,False
ORD000408,CUST9572,Connie Carr,vwalters@hotmail.com,2026-01-28 17:09:00,PROD774,Improve Laptop,Electronics,10,569.84,0.12,16.1,5030.69,Debit Card,Pending,"5557 Steven Summit, Clarkburgh, MS 34015",Johnsonshire,USA,10804,True
ORD000409,CUST9026,Kristina Reed,kevin57@mcdonald.org,2025-04-14 03:31:00,PROD638,He Phone,Beauty,4,202.01,0.17,41.81,712.48,Wallet,Returned,"48736 Nicholas Vista Apt. 163, North Ashley, GA 96768",Piercestad,Germany,98972,True
ORD000410,CUST8668,Steven Ramirez,beckgloria@hotmail.com,2025-07-07 07:38:00,PROD920,Sound Bag,Electronics,2,31.11,0.28,32.79,77.59,UPI,Pending,"67747 Sandra Fall Suite 408, Kathrynburgh, CT 50747",Mccannchester,Canada,25257,False
ORD000411,CUST5979,Lisa Taylor,udougherty@wright.com,2026-02-25 11:50:00,PROD179,Hospital Shoes,Sports,1,1648.17,0.08,2.03,-1518.35,Credit Card,Pending,"832 Wood Well Apt. 273, Davidland, AK 27633",Stevensmouth,India,32205,True
ORD000412,CUST7802,Valerie Porter,monica23@bowen-jones.com,2025-09-30 12:12:00,PROD864,Rest Laptop,Groceries,4,1054.75,0.07,31.27,3954.94,Cash on Delivery,Processing,"1648 Jennifer Rest Apt. 770, Lisaton, MO 94430",Pattersonville,Canada,14083,False
ORD000413,CUST9268,Dennis Bryan,michaeldouglas@durham.com,2025-12-12 14:44:00,PROD445,Everything Bag,Fashion,7,1766.23,0.05,9.02,11754.45,Wallet,Delivered,"7345 Norris Isle, Lyonsshire, PA 05186",East Aimee,Canada,03901,False
ORD000414,CUST8054,Jacob Cox,shirley29@hotmail.com,2026-04-23 11:57:00,PROD945,Focus Bag,Home,6,1102.41,0.3,42.24,4672.36,Wallet,Delivered,"422 Catherine Walks Suite 430, New Kevin, AL 34503",Jenniferhaven,USA,53695,True
ORD000415,CUST1567,Steven Compton,alexandra67@jackson.biz,2025-07-12 17:59:00,PROD391,Address Phone,Electronics,5,723.22,0.14,47.99,3157.84,Wallet,Pending,"3433 Joshua Tunnel, Lake Jamesfort, OK 84208",Port Juliehaven,USA,30434,False
ORD000416,CUST5521,Heidi Johnson,william48@bradford.com,2025-01-04 09:14:00,PROD666,Likely Phone,Sports,4,1712.16,0.01,41.1,6821.25,Wallet,Returned,"42337 Billy Rest, Andrealand, ID 96620",East Alexandraton,Canada,27728,True
ORD000417,CUST4817,Kevin Perkins,herrerakimberly@yahoo.com,2025-02-18 01:29:00,PROD362,Strategy Chair,Home,6,316.43,0.08,44.48,1791.17,Credit Card,Processing,"1717 Cory Radial, New Tony, AL 76747",Callahanville,Canada,94870,False
ORD000418,CUST2562,Paula Lee,kingrichard@yahoo.com,2025-10-19 06:46:00,PROD709,Mind Bag,Home,2,1448.54,0.24,8.65,2210.43,Credit Card,Returned,"784 Baker Place Apt. 548, Connieville, HI 64409",West Patriciahaven,Australia,62171,False
ORD000419,CUST4714,Christopher Hodges DDS,rpeterson@carson.com,2025-02-10 01:58:00,PROD865,Different Bag,Groceries,6,699.12,0.25,20.83,3166.87,Wallet,Pending,"8714 Ashley Drives Suite 236, Port Eric, GA 43188",Valdezchester,India,95720,False
ORD000420,CUST4617,Timothy Kennedy,dustin55@hotmail.com,2025-01-28 09:33:00,PROD256,Forward Laptop,Beauty,1,642.04,0.17,16.34,549.23,Cash on Delivery,Returned,"660 Brown Lodge Suite 274, Port Janetborough, VT 34046",Marissatown,UK,42685,False
ORD000421,CUST3165,James Grant,christinaalexander@rodriguez-sanchez.com,2026-01-21 19:36:00,PROD444,Several Laptop,Books,9,184.72,0.13,39.32,1485.68,Wallet,Processing,"67349 Brown Centers Suite 485, Mcleanville, DC 98782",West Tiffanychester,Australia,20394,True
ORD000422,CUST8879,Leslie Andrews,ksanchez@farmer.com,2025-10-08 12:16:00,PROD672,Road Shoes,Books,2,800.06,0.13,34.89,1426.99,Net Banking,,"557 Jack Mountain, South Michael, TX 92783",Jonathantown,Australia,18886,True
ORD000423,CUST2467,Jason Foster,deckerbrian@hotmail.com,2025-10-15 19:47:00,PROD215,Hour Bag,Books,9,496.26,0.02,38.84,4415.85,Net Banking,Shipped,"85874 Walters Street Apt. 918, New Erichaven, CO 75726",Bishopborough,Germany,99055,False
ORD000424,CUST8245,Michael Meyers,vpreston@gmail.com,2025-04-08 10:22:00,PROD738,Rather Shoes,Books,10,1312.54,0.23,8.46,10115.02,Credit Card,Shipped,"957 Preston Locks, Adamfurt, AL 30022",Ronaldview,USA,29715,True
ORD000425,CUST5713,Patricia Patel,patricia92@mejia.com,2025-12-17 11:09:00,PROD114,Course Book,Beauty,2,229.18,0.02,47.45,496.64,Credit Card,Processing,"85155 Dominique Flats, Frankview, IL 47076",East Nataliemouth,Germany,16637,False
ORD000426,CUST9991,Jaime Wallace,cwilliams@gonzalez-wise.org,2025-08-30 00:21:00,PROD594,Teacher Phone,Beauty,4,1481.33,0.06,27.32,5597.12,Debit Card,Shipped,"981 Katherine Crest, Yangstad, MD 54912",East Tracie,Australia,66942,True
ORD000427,CUST5444,David Rodriguez,smithlinda@yahoo.com,2025-07-12 18:57:00,PROD154,Toward Watch,Beauty,9,91.75,0.05,14.2,798.66,Credit Card,Returned,"1643 Debra Valleys Suite 704, Brandonbury, OK 01716",New Eric,India,91605,False
ORD000428,CUST7332,Andrew Carlson,nathan62@thompson-mayer.com,2025-12-05 08:42:00,PROD336,Site Watch,Sports,6,1729.24,0.01,43.37,10315.06,Cash on Delivery,Returned,"1207 Kevin Road, Reginaview, MD 04233",West Anthonyfort,India,04986,False
ORD000429,CUST1352,Brianna Russell,ericsmith@gmail.com,2025-09-06 19:34:00,PROD140,Best Shoes,Sports,2,376.9,0.15,22.9,663.63,UPI,Returned,"77687 Melody Valleys, West Thomasview, MD 86533",Summerville,Germany,63125,False
ORD000430,CUST9212,Ronald Duncan Jr.,jeremiahmiller@love.org,2025-07-21 23:10:00,PROD382,Book Chair,Electronics,1,696.83,0.11,31.26,651.44,Cash on Delivery,Processing,"45798 Wolf Curve Suite 652, Lake Rebeccafurt, AR 26439",North Douglas,Germany,04972,False
ORD000431,CUST2438,Cynthia Sanders,wwebb@fuller.biz,2026-04-01 00:35:00,PROD847,Live Watch,Sports,5,455.04,0.1,19.64,2067.32,Cash on Delivery,Processing,"Unit 7948 Box 7148, DPO AA 44705",West Matthew,Canada,64379,True
ORD000432,CUST9883,Joyce Davis,bryan56@hotmail.com,2025-08-02 07:36:00,PROD234,Agree Shoes,Beauty,3,855.8,0.09,30.27,2366.6,Debit Card,Delivered,"Unit 2137 Box 1184, DPO AE 46064",Shaunside,Canada,11375,True
ORD000433,CUST3589,Valerie White,marywalker@gonzalez.com,2026-03-18 04:19:00,PROD425,Never Laptop,Sports,9,1819.58,0.13,45.45,14292.76,Wallet,Processing,"880 Ryan Square, West Erik, GA 83719",Port Sarah,Australia,94359,True
ORD000434,CUST7737,Tom Lynch,brandon64@santana-stanton.info,2025-04-05 10:53:00,PROD410,Management Watch,Beauty,3,1455.52,0.23,44.01,3406.26,Cash on Delivery,Delivered,"14843 Brian Loop Apt. 272, South Kristie, MT 51750",East Mary,Australia,09745,False
ORD000435,CUST4783,Travis Taylor,barberbrenda@hotmail.com,2025-03-19 06:06:00,PROD710,Civil Shoes,Fashion,3,373.57,0.23,30.6,893.55,Cash on Delivery,Shipped,"450 Abigail Pine, Port Courtneyfort, TN 57946",Lynnside,India,97875,False
ORD000436,CUST7126,Brittany Beard,stefanie06@yahoo.com,2025-02-10 22:49:00,PROD288,Budget Chair,Books,8,272.5,0.25,23.44,1658.44,Net Banking,Returned,"274 Alexandra Corners Suite 376, Brownville, WI 37227",Rebeccahaven,UK,43601,True
ORD000437,CUST4646,Russell Bird,garcialinda@willis.org,2025-03-25 06:14:00,PROD860,Leader Bag,Fashion,1,820.14,0.29,46.27,628.57,Debit Card,Delivered,"789 Obrien Ways, Williamsville, WY 84738",New Codybury,India,47778,True
ORD000438,CUST8005,Michelle Munoz,reedkristin@yahoo.com,2026-04-20 14:55:00,PROD514,Painting Chair,Electronics,10,982.44,0.1,22.88,8864.84,Wallet,Processing,"6039 Andrew Isle, West Samanthatown, NH 33729",Lorettastad,Australia,46687,False
ORD000439,CUST1630,Danielle Griffin,stephen42@hansen.com,2026-01-04 10:25:00,PROD633,Sit Laptop,Books,10,1878.58,0.17,26.81,15619.02,Net Banking,Returned,"71559 Leslie Inlet Apt. 165, Fowlerfurt, KS 93220",Bellmouth,India,47878,True
ORD000440,CUST4110,Tina Morris,bonniestout@may.com,2025-09-23 17:25:00,PROD398,Information Watch,Books,1,1117.61,0.15,31.53,981.5,UPI,Pending,"11964 Jennifer Place, Randyfurt, WA 39024",West Yvonnemouth,Germany,05845,False
ORD000441,CUST8400,Christopher Haney,swalker@sanchez.info,2025-03-27 13:18:00,PROD192,Raise Bag,Sports,10,1838.47,0.21,45.18,14569.09,Credit Card,Delivered,"43097 Perry Plaza, South Jacob, OR 52879",Francisstad,USA,35045,True
ORD000442,CUST8449,Jacob Schaefer,amber12@heath-andersen.com,2025-07-21 13:20:00,PROD192,Stuff Book,Home,8,54.7,0.14,44.83,421.17,Cash on Delivery,Processing,"87851 Jennifer Stravenue, South Joseph, AR 60825",Crawfordchester,Australia,08975,True
ORD000443,CUST7292,Carolyn Castro,thomas21@gomez.com,2026-01-03 23:07:00,PROD844,Yourself Chair,Sports,2,232.76,0.13,18.15,423.15,Wallet,Cancelled,"PSC 0976, Box 2637, APO AA 71069",Markshire,USA,67079,False
ORD000444,CUST3656,Brianna Ryan,arellanobrian@yahoo.com,2025-10-09 12:02:00,PROD989,People Shoes,Fashion,3,1824.94,0.17,32.98,4577.08,Cash on Delivery,Processing,"186 Jessica Gateway, Port Howard, NM 96008",West Christopherfurt,India,75736,False
ORD000445,CUST1057,Melissa Ballard,vtaylor@gmail.com,2025-06-07 09:46:00,PROD737,Big Chair,Home,8,581.12,0.05,44.93,4461.44,Credit Card,Processing,"647 Jack Locks, East Michael, SC 11192",Shannonville,UK,69165,False
ORD000446,CUST8794,Shawn Brown,cody08@smith.com,2026-03-14 15:34:00,PROD564,Ahead Watch,Books,1,1217.93,0.15,10.84,1046.08,Credit Card,Returned,"23972 Theresa Court Apt. 959, South Jasmine, WI 23765",Port Lori,Canada,04477,True
ORD000447,CUST3429,Taylor Beasley,savannah15@white.info,2025-05-06 17:17:00,PROD156,Data Bag,Home,10,1259.13,0.25,10.38,9453.86,Credit Card,Processing,"8671 Matthew Lakes Apt. 373, Williamston, NJ 86963",Port Aprilmouth,USA,69620,True
ORD000448,CUST3920,Michaela Boyd,luke73@raymond-simmons.biz,2025-12-08 18:53:00,PROD265,Huge Bag,Home,10,600.39,0.28,2.45,4325.26,Wallet,Delivered,"1587 Torres Turnpike, Kelliton, AZ 25152",West Patriciashire,Australia,71645,True
ORD000449,CUST7038,Erik Williams,rasmussenpaul@brandt-williams.biz,2026-05-10 14:47:00,PROD488,Single Chair,Electronics,10,723.58,0.01,38.43,7201.87,Net Banking,Shipped,"503 Stephen Ferry, Lake Luke, IL 65417",New Danielle,Canada,02544,True
ORD000450,CUST4438,James Mccullough,adam35@benitez.com,2025-05-30 15:08:00,PROD812,Whose Shoes,Sports,2,1390.77,0.08,26.35,2585.37,Credit Card,Cancelled,"29394 Becker Station, Jamieview, UT 01841",Colonfurt,India,36950,True
ORD000451,CUST6185,Chelsey Maxwell,simsrandall@hotmail.com,2025-09-05 23:44:00,PROD365,Speak Phone,Sports,10,1868.11,0.3,14.36,13091.13,Wallet,Cancelled,"11271 Amanda Expressway, Stephaniefurt, ND 38045",Melissaview,Germany,14721,True
ORD000452,CUST4812,Jennifer Blackwell,peterstyler@holmes.info,2025-11-11 18:31:00,PROD825,Measure Book,Fashion,9,1459.72,0.15,40.4,11207.26,Credit Card,Cancelled,"62113 Gilbert Mill, South Carla, TN 66511",Port Jason,India,42171,True
ORD000453,CUST7783,Adrian Hernandez,michaelgonzalez@hotmail.com,2025-08-27 20:50:00,PROD146,Arrive Book,Home,2,1476.25,0.06,30.77,2806.12,Wallet,Delivered,"8132 Matthew Stravenue, Johnsonmouth, IA 79361",Angelaberg,Australia,72213,True
ORD000454,CUST6307,Amy Cohen,montgomerygeoffrey@yahoo.com,2025-01-06 20:12:00,PROD885,Hospital Laptop,Electronics,5,512.56,0.02,15.01,2526.55,Cash on Delivery,Cancelled,"306 Anna Via, Mackville, IN 82851",New Amytown,Germany,85548,False
ORD000455,CUST8849,Karen Duncan,gina67@hotmail.com,2025-07-22 23:36:00,PROD585,Economy Chair,Electronics,10,1920.43,0.25,9.7,14412.93,Cash on Delivery,Shipped,"7727 Walker Heights Apt. 642, Jodychester, ME 19373",South Robertside,USA,30252,False
ORD000456,CUST1917,Mrs. Lori Clark,dstephenson@hotmail.com,2025-03-21 20:29:00,PROD955,Local Phone,Home,9,1792.38,0.14,40.71,13913.73,Wallet,Returned,"5556 Jennifer Ford Apt. 339, Port Jessica, RI 48134",Kelleychester,Australia,49628,False
ORD000457,CUST2084,Cindy Thomas,xevans@jenkins.com,2025-10-12 17:01:00,PROD252,Receive Book,Groceries,4,1156.91,0.1,45.81,4210.69,Credit Card,Shipped,"70369 Joshua Summit Apt. 693, South Leslie, WA 17613",Stewarthaven,Germany,96880,False
ORD000458,CUST6152,Amanda Davis,smithsamantha@rivera.com,2025-11-17 17:53:00,PROD826,Word Laptop,Home,3,1144.11,0.12,29.76,3050.21,Net Banking,Shipped,"PSC 3234, Box 1595, APO AP 59039",Morganburgh,India,38477,False
ORD000459,CUST2838,Robert Moore,robertpatel@ortiz.com,2026-03-26 07:23:00,PROD483,Road Chair,Electronics,8,1659.77,0.09,26.26,12109.39,Debit Card,Processing,"27102 Kennedy Neck, Port Andrew, MN 58295",South Patricia,India,64957,False
ORD000460,CUST9579,Lacey Blackwell,casey29@byrd-rangel.com,2025-09-17 00:51:00,PROD417,Worry Chair,Home,8,1810.39,0.05,17.01,13775.97,Debit Card,Delivered,"541 Morrison Union, Smithshire, GA 48370",Jamesview,India,68715,True
ORD000461,CUST1721,Allison Flores,banksjackie@cole-hamilton.com,2025-04-16 23:02:00,PROD803,Explain Chair,Sports,8,778.24,0.26,5.79,4612.97,Credit Card,Shipped,"158 David Road Apt. 904, Gonzalezfort, MS 05217",Heidimouth,Germany,48577,False
ORD000462,CUST4438,Sarah Mueller,david54@hotmail.com,2026-04-01 01:06:00,PROD428,Data Shoes,Fashion,9,1533.53,0.22,1.12,10766.5,UPI,Shipped,"71581 Lisa Valley Apt. 312, Calvinshire, IA 11954",North Jennifermouth,Germany,81432,False
ORD000463,CUST9422,Kevin Sheppard,kristi19@gmail.com,2026-01-31 14:42:00,PROD204,Arrive Shoes,Sports,2,548.95,0.05,5.72,1048.72,UPI,Cancelled,"121 Adam Turnpike, East Brendan, MS 42497",South Lisa,Canada,93331,False
ORD000464,CUST9856,Lisa Lopez MD,alopez@thompson.com,2025-05-19 04:45:00,PROD554,Charge Laptop,Fashion,5,1150.3,0.05,15.57,5479.5,Credit Card,Shipped,"113 Melinda Throughway, East Ralph, OR 39392",Hunterport,UK,29108,True
ORD000465,CUST8304,Roger Moss,juan21@brown.com,2025-02-24 12:03:00,PROD731,President Book,Home,2,855.8,0.05,29.81,1655.83,UPI,Cancelled,"70159 Wolfe Rest Apt. 945, Howardfort, NM 39854",Edwardsborough,USA,30400,True
ORD000466,CUST8464,Amanda Gomez,ynguyen@yahoo.com,2026-05-14 14:36:00,PROD417,Major Bag,Beauty,3,190.37,0.24,34.93,468.97,Cash on Delivery,Pending,"2266 Morgan Turnpike Suite 626, Alexisburgh, OR 24606",North Allen,UK,62404,False
ORD000467,CUST6412,George Smith,kevinmoses@hotmail.com,2025-04-29 07:09:00,PROD907,Fall Chair,Home,10,519.82,0.11,9.17,4635.57,Net Banking,Returned,"766 Tony Shores Apt. 511, Janiceport, IA 68496",Larachester,UK,64792,True
ORD000468,CUST3087,Eric Moore,mcarr@gmail.com,2025-02-03 15:07:00,PROD620,Next Laptop,Books,6,959.91,0.25,14.11,4333.7,Cash on Delivery,Shipped,"259 Brown Mission Suite 633, Haleymouth, NJ 37270",Barbaramouth,India,92032,False
ORD000469,CUST4992,Cameron Morris,lisawright@harrison.com,2025-10-12 20:04:00,PROD661,If Shoes,Books,5,1067.83,0.12,20.67,4719.12,Net Banking,Cancelled,"87794 Shannon Tunnel Apt. 425, South Johntown, MI 81851",Hoffmanview,India,42448,False
ORD000470,CUST4869,Mr. Stephen Gonzalez,phillipsbruce@mills.com,2025-04-17 22:37:00,PROD277,Energy Bag,Beauty,7,1569.71,0.13,39.37,9598.9,Credit Card,Cancelled,"044 Douglas Burg Apt. 615, Parsonsberg, SC 50573",New Sean,Australia,41669,False
ORD000471,CUST7648,Donald Hill,frank25@gmail.com,2025-02-28 18:38:00,PROD171,Candidate Phone,Electronics,8,654.13,0.03,22.26,5098.31,Cash on Delivery,Shipped,"752 Decker Lane Apt. 656, West Christie, AZ 84861",Marioshire,Canada,05662,False
ORD000472,CUST1003,Amy Love,ebrown@hernandez.com,2025-06-17 15:41:00,PROD875,Yard Shoes,Beauty,1,185.61,0.25,44.36,183.57,Debit Card,Returned,"5516 Potter Park, Gardnerhaven, SD 52404",New Mackenzie,UK,27666,False
ORD000473,CUST5989,Brian Pruitt,johnnewman@hotmail.com,2025-07-19 19:36:00,PROD545,Agent Bag,Home,8,395.35,0.2,15.83,2546.07,Credit Card,Cancelled,"0033 Stephanie Dam, Marcusfurt, NY 38464",Johnsonchester,Canada,72594,True
ORD000474,CUST1013,Curtis Johnson,ssmith@perkins.net,2025-11-10 16:25:00,PROD820,Way Phone,Groceries,3,1705.75,0.02,45.05,5059.96,UPI,Pending,"28094 Hawkins Pass Suite 239, Matthewmouth, KS 51964",Lake Justintown,India,58899,False
ORD000475,CUST7652,Marisa Hunt,jackwilliams@gmail.com,2026-03-20 00:15:00,PROD490,Situation Watch,Sports,7,1405.93,0.12,15.91,8676.44,Debit Card,Delivered,"USNS Gonzalez, FPO AP 96931",Marissaborough,Australia,78260,True
ORD000476,CUST5726,Heather Brown,jay04@robinson.com,2025-09-01 04:12:00,PROD993,Design Bag,Fashion,9,772.27,0.28,42.0,5046.31,Debit Card,Processing,"576 Samantha Neck Suite 319, North Melissaton, AL 36445",West Seanshire,India,21405,True
ORD000477,CUST7813,Jacob Brewer,charles60@yahoo.com,2025-11-28 00:09:00,PROD980,Speech Watch,Groceries,8,1317.56,0.29,6.79,7490.53,Cash on Delivery,Processing,"2473 Samantha Summit, South Gregville, VA 31277",Kaneshire,Canada,91585,False
ORD000478,CUST4044,Debra Warner,simoneric@gmail.com,2025-11-16 05:29:00,PROD534,Information Phone,Electronics,9,851.13,0.25,19.24,5764.37,Wallet,Processing,"76762 Barbara Cape, Port Nancyport, NJ 27069",Andrewview,UK,25151,True
ORD000479,CUST8917,Jerome Smith,shansen@conner-baldwin.com,2025-12-31 16:17:00,PROD821,Few Book,Electronics,7,1853.5,0.17,1.67,10770.51,Wallet,Pending,"7825 Barber Plains Apt. 556, New Richard, MI 38832",Port Emily,UK,65317,True
ORD000480,CUST9469,Jennifer Ali,nicole55@owens.com,2025-03-14 23:46:00,PROD180,Voice Phone,Sports,9,1967.24,0.3,38.94,12432.55,Credit Card,Delivered,"582 Tiffany Turnpike, Port Heather, MT 15165",New Daletown,USA,33887,False
ORD000481,CUST1864,Mary Martin,tracy55@giles.com,2025-11-19 23:42:00,PROD451,Part Phone,Groceries,2,1369.73,0.16,28.98,2330.13,Credit Card,Cancelled,"137 Mary Terrace Apt. 081, Thomasland, ME 32198",Turnerborough,UK,71537,False
ORD000482,CUST3744,Tiffany Lee,phillipsjamie@jones.biz,2025-09-20 15:36:00,PROD136,You Bag,Sports,6,844.93,0.29,39.91,3639.31,Cash on Delivery,Shipped,"94565 Kevin River Suite 990, Rowlandfort, MI 04569",Jackiefurt,Germany,99187,False
ORD000483,CUST1447,Annette Barker,yvang@gmail.com,2025-02-01 20:30:00,PROD393,Method Watch,Electronics,10,342.31,0.02,49.52,3404.16,Debit Card,Returned,"4811 Jennifer Stravenue, South Noahmouth, PA 62010",West Kylemouth,Canada,28885,True
ORD000484,CUST2827,Anna Sutton,ljones@hill-cunningham.net,2026-03-12 08:16:00,PROD718,Ready Shoes,Sports,3,1233.52,0.08,12.85,3417.37,Cash on Delivery,Returned,"187 Rachel Hill Apt. 049, Ronaldberg, CA 26600",Tuckertown,USA,51265,False
ORD000485,CUST2382,Renee Whitehead,turnerjeffrey@hotmail.com,2025-07-09 05:16:00,PROD248,Past Phone,Groceries,4,972.41,0.24,43.1,2999.23,Debit Card,Shipped,"711 Donald Streets, South Tylerchester, VT 69336",Cynthiaville,UK,55370,False
ORD000486,CUST1890,Douglas Grant,brownjose@hotmail.com,2026-01-30 12:15:00,PROD757,Help Book,Groceries,8,1453.37,0.05,28.89,11074.5,Credit Card,Shipped,"10219 Elizabeth Mission, Angelafort, WY 86518",New Robert,India,73857,True
ORD000487,CUST7222,Dale Evans,watsonwilliam@gmail.com,2025-08-26 12:30:00,PROD799,Budget Bag,Books,5,955.15,0.28,46.12,3484.66,Net Banking,Processing,"804 Luis Gardens Suite 337, Mendozaville, MS 72988",East Elizabethhaven,Germany,19559,True
ORD000488,CUST1672,Andrea Palmer,johnmolina@ward.com,2025-09-29 13:00:00,PROD199,Soldier Phone,Beauty,5,1854.81,0.13,33.92,8102.34,UPI,Cancelled,"0356 Obrien Way Apt. 279, Lucasburgh, PA 68823",Tylerland,UK,57221,False
ORD000489,CUST4961,Jennifer Hoffman,woodphillip@santos-hatfield.com,2025-06-21 08:17:00,PROD851,Floor Bag,Sports,2,514.41,0.18,23.06,866.69,Debit Card,Returned,"7876 Taylor Course Suite 588, West Crystalview, LA 78414",West Sara,Canada,42989,False
ORD000490,CUST7737,Kylie Bailey,margaretholmes@yahoo.com,2025-12-13 22:11:00,PROD200,Family Phone,Electronics,6,1097.49,0.2,41.58,5309.53,Cash on Delivery,Pending,"392 Lee Spur Suite 885, Port Steven, HI 15864",Danielleborough,UK,78899,False
ORD000491,CUST4552,Sandra White,john74@hotmail.com,2025-04-23 23:18:00,PROD713,Machine Bag,Electronics,5,390.19,0.01,4.6,1936.04,Cash on Delivery,Cancelled,"9141 Li Lock, North Jacobview, NH 72675",Williamchester,India,26609,True
ORD000492,CUST2816,William Fuller,alvarezpaul@gmail.com,2026-03-15 19:08:00,PROD812,Challenge Shoes,Home,7,1314.51,0.27,28.3,6745.45,UPI,Processing,"01418 Anderson Court Suite 309, North Danielview, NE 32047",East Christine,UK,75292,True
ORD000493,CUST5216,Tanya Gomez,andrewsilva@jackson.com,2025-11-24 14:59:00,PROD265,Number Chair,Electronics,5,1539.87,0.21,33.38,6115.87,UPI,Shipped,"99471 John Lodge, East Stephen, HI 29381",Danielbury,India,88471,False
ORD000494,CUST4287,Kevin Greene,glewis@gmail.com,2025-07-18 10:03:00,PROD724,Issue Watch,Fashion,5,1911.43,0.08,22.03,8814.61,Cash on Delivery,Delivered,"69608 Harris Spring Suite 685, Andrewhaven, MS 58459",West Drew,UK,10640,True
ORD000495,CUST5243,Melissa Gray,jefferygomez@yahoo.com,2025-03-15 17:49:00,PROD205,Energy Laptop,Electronics,7,440.68,0.19,45.63,2544.29,Credit Card,Returned,"9709 Debbie Circles, Marqueztown, OK 45744",Parkerfort,Canada,57686,False
ORD000496,CUST7397,Susan Davis,jeremy54@yahoo.com,2026-02-02 14:01:00,PROD372,Coach Shoes,Beauty,8,301.96,0.19,46.64,2003.34,UPI,Returned,"65031 Christopher Square, West Christianview, FL 38925",Port Ryan,UK,24883,True
ORD000497,CUST9849,Eric Meyer,oliverashley@thompson.com,2025-09-21 22:49:00,PROD331,Eat Laptop,Books,8,958.89,0.12,36.39,6786.98,Cash on Delivery,Pending,"111 Roth Fall, Port Stevenstad, HI 20518",East Kristin,UK,43162,True
ORD000498,CUST2485,Pamela Palmer,longgary@moore-anderson.org,2025-10-18 17:59:00,PROD474,They Phone,Groceries,6,670.21,0.09,2.76,3662.11,UPI,Returned,"3721 Fernando Rest Apt. 162, West Stevenfort, WV 52276",Onealmouth,India,85350,False
ORD000499,CUST5896,Heather Jacobs,alexandra62@hotmail.com,2026-01-25 09:41:00,PROD812,Toward Watch,Electronics,4,357.35,0.01,19.21,1434.32,Cash on Delivery,Processing,"19541 Reyes Hills, Andrewfort, WV 02603",South Kimberly,Australia,98850,False
ORD000500,CUST4907,Sean Gibbs,randy20@mckee.info,2025-09-07 02:56:00,PROD600,Inside Watch,Electronics,8,1471.97,0.04,9.65,11314.38,Wallet,Returned,"3726 John Drive Apt. 450, Stevenfurt, SD 57305",New Kellyhaven,Australia,72801,False
ORD000501,CUST1701,Timothy Melton,gomezjames@hotmail.com,2025-09-13 17:53:00,PROD515,Company Laptop,Fashion,8,1933.32,0.0,16.96,15483.52,Cash on Delivery,Shipped,"84008 Crystal Landing, South Richardmouth, RI 43301",Michealhaven,Australia,77259,False
ORD000502,CUST3319,Jeffrey Freeman,lutzeric@rivera-klein.com,2026-04-27 21:55:00,PROD600,Charge Bag,Electronics,9,302.16,0.17,46.24,2303.38,Net Banking,Pending,"96463 Bradley Bridge, East Robert, MT 20377",Payneview,Canada,28106,True
ORD000503,CUST8474,Austin Trevino,obuchanan@yahoo.com,2025-05-05 22:41:00,PROD725,Whole Shoes,Groceries,3,33.66,0.19,45.23,127.02,Wallet,Pending,"Unit 7117 Box 5957, DPO AA 76135",Crystalmouth,India,69537,True
ORD000504,CUST7586,Michael Moran,jeremyjohnson@yahoo.com,2025-02-28 15:38:00,PROD432,Expert Laptop,Beauty,10,445.04,0.24,21.31,3403.61,Wallet,Returned,"6094 Rodriguez Drive Apt. 337, North Heidi, MN 54587",Barnesmouth,Canada,39702,True
ORD000505,CUST7801,Christopher Olson,sara06@briggs-moore.info,2025-06-14 06:48:00,PROD272,Allow Bag,Home,1,1188.21,0.1,6.04,1075.43,Wallet,Processing,"43776 Richard Vista Apt. 439, West Erik, OR 49895",North Christophertown,USA,20167,False
ORD000506,CUST1256,Katherine Davis,smithgregory@carter.com,2025-05-05 18:02:00,PROD598,Reflect Laptop,Electronics,3,204.44,0.25,30.62,490.61,Credit Card,Processing,"45109 Vanessa Ridges, Port Sandraburgh, MO 64773",West Brittneyhaven,USA,09896,True
ORD000507,CUST3079,Diane Brown,dawngraves@gmail.com,2025-12-28 20:37:00,PROD311,Model Shoes,Beauty,5,835.36,0.24,38.63,3213.0,UPI,Returned,"65277 Lynn Inlet Suite 663, Elizabethborough, NH 19994",North Christopher,Canada,77529,False
ORD000508,CUST2442,Brittany Bolton,jennifercampbell@watts-riley.info,2025-07-30 07:11:00,PROD742,Learn Chair,Groceries,10,1384.89,0.18,35.86,11391.96,UPI,Cancelled,"370 Moore Fields Suite 100, Perryfort, TN 52600",Shannonmouth,Germany,98186,False
ORD000509,CUST9842,Jennifer Edwards,boothfrank@perry-tucker.com,2025-01-03 17:15:00,PROD619,Choose Shoes,Books,4,239.43,0.16,4.78,809.26,Cash on Delivery,Shipped,"89743 Robert Trail, Lake Michaelmouth, RI 49393",Aaronfort,Australia,66178,True
ORD000510,CUST9151,Charles Becker,lpreston@hotmail.com,2025-05-22 01:12:00,PROD280,With Shoes,Beauty,2,1594.24,0.21,48.43,2567.33,Credit Card,Delivered,"079 Ryan Throughway Suite 045, South Bridgetland, MT 61258",West Mary,India,29716,False
ORD000511,CUST2710,Eric Pearson,elizabethriley@baker-schmidt.com,2025-05-26 06:27:00,PROD858,Doctor Laptop,Sports,5,671.92,0.24,37.92,2591.22,Debit Card,Pending,"USCGC Allen, FPO AE 56863",North Leahview,USA,70658,True
ORD000512,CUST7865,Kimberly Butler,crawfordbetty@hotmail.com,2025-09-06 16:07:00,PROD303,Recently Bag,Beauty,2,1790.68,0.22,29.64,2823.1,UPI,Shipped,"68528 Alexis Meadow, West Deborahfort, CT 17524",Garyport,USA,88556,True
ORD000513,CUST2204,Christopher Simmons,connor44@holt.com,2025-06-16 07:06:00,PROD582,Tv Phone,Books,4,1476.81,0.26,18.78,4390.14,Credit Card,Processing,"14217 Martinez Trafficway, Dixonfort, RI 36978",West Kristinastad,UK,23621,True
ORD000514,CUST6875,Collin Duffy,gayfrancis@martin-ochoa.net,2025-04-21 19:29:00,PROD376,Daughter Shoes,Home,3,777.72,0.04,35.99,2275.82,Debit Card,Returned,"56618 Lewis Field Suite 913, Grantmouth, MD 84718",Jameston,India,05269,True
ORD000515,CUST3568,Aaron Kelly,robert05@yahoo.com,2025-05-24 04:07:00,PROD908,Bed Chair,Beauty,8,919.86,0.05,17.18,7008.12,Wallet,Shipped,"881 Thomas Plaza, Davidton, SC 42059",West Amanda,USA,56290,True
ORD000516,CUST5573,Scott Brown,heathercabrera@gmail.com,2025-02-14 13:54:00,PROD114,Fast Bag,Books,9,980.98,0.3,29.58,6209.75,Cash on Delivery,Delivered,"85174 Russell Burg Suite 521, New Carrie, CT 48018",North Theresamouth,USA,42222,True
ORD000517,CUST1083,Catherine Lewis,brandoncollins@fischer.net,2025-06-17 13:37:00,PROD527,Worry Laptop,Electronics,4,1784.19,0.18,7.45,5859.59,Net Banking,Cancelled,"416 Larry Wells Suite 154, East Caseyshire, CT 63019",South Lisafurt,Australia,71537,True
ORD000518,CUST4940,Christopher Ayers,cookjacob@haynes.info,2025-08-06 16:25:00,PROD185,Discover Phone,Groceries,8,1620.38,0.21,4.9,10245.7,Credit Card,Delivered,"83608 Ray Stream, South Amy, NE 28158",Leehaven,Australia,38866,False
ORD000519,CUST5994,Jared Garza,john16@yahoo.com,2026-05-02 06:08:00,PROD265,Raise Bag,Books,0,595.1,0.19,4.54,2896.73,Wallet,Delivered,"69342 Lisa Prairie, Lake Johnton, IA 98133",Lake Charlesfurt,Australia,17928,True
ORD000520,CUST8607,Destiny Rodriguez,jennifergreer@gutierrez.com,2026-05-15 14:29:00,PROD820,Likely Bag,Electronics,3,1749.03,0.12,39.49,4656.93,Cash on Delivery,Shipped,"5668 Ramos Flats, East Paul, TN 87310",South Tracy,India,36401,False
ORD000521,CUST9887,David Hamilton,harringtonmartha@ellis.com,2026-04-03 22:21:00,PROD689,Chance Chair,Fashion,9,70.26,0.13,13.49,563.63,Cash on Delivery,Cancelled,"0781 Bailey Row, South James, KY 63000",Nelsonfort,India,29410,False
ORD000522,CUST1669,Casey Norman,jrobinson@hotmail.com,2026-01-12 01:32:00,PROD474,Quality Book,Fashion,6,1776.52,0.03,18.28,10357.63,Cash on Delivery,Cancelled,"USS Adams, FPO AA 68924",Hannahview,Canada,86784,True
ORD000523,CUST8839,Emily Powell,allenjustin@todd.net,2025-10-15 22:49:00,PROD855,Total Chair,Sports,4,281.12,0.1,26.98,1039.01,Cash on Delivery,Returned,"780 Susan Islands, Bradleytown, ID 25060",Lake Kirkchester,USA,33422,True
ORD000524,CUST6656,Denise Gonzalez,cody79@gmail.com,2025-06-14 11:57:00,PROD563,Voice Watch,Sports,5,1009.61,0.13,2.72,4394.52,Wallet,Shipped,"5738 Snyder Meadows, Lake Charlesshire, DC 30818",Delacruzborough,India,61722,False
ORD000525,CUST2075,Zachary Jones,jeffreylewis@yahoo.com,2025-12-30 17:43:00,PROD292,Bill Watch,Electronics,9,1799.41,0.14,18.41,13945.84,Credit Card,Returned,"614 Orozco Course, Sandraville, KS 78924",North Thomas,UK,36818,True
ORD000526,CUST9530,Mary Dominguez,nmontoya@clay-garcia.net,2025-05-28 02:06:00,PROD742,Pass Laptop,Home,3,555.51,0.21,24.82,1341.38,Net Banking,Processing,"65578 Anthony Court Apt. 432, East Joan, HI 26172",East David,Australia,60906,True
ORD000527,CUST4806,Jerry Montgomery,swansonjennifer@burton-beard.com,2025-08-31 11:26:00,PROD954,They Phone,Beauty,8,1476.73,0.01,9.45,11705.15,UPI,Pending,"127 Smith Landing, New Gregorychester, CO 21149",North Eric,UK,14714,False
ORD000528,CUST8295,Michael Martin,mmoore@hotmail.com,2025-12-02 20:50:00,PROD568,Recent Book,Sports,6,974.87,0.2,26.51,4705.89,Debit Card,Cancelled,"2974 Green Forest Apt. 364, Bartonmouth, OR 15619",North Jerry,Germany,92286,True
ORD000529,CUST6785,Shannon Castro,brianwhite@gmail.com,2026-02-09 08:14:00,PROD391,Successful Watch,Fashion,8,746.95,0.09,42.28,5480.08,Wallet,Processing,"981 Amber Corner, Alicialand, KS 44026",Port Gregory,USA,56563,False
ORD000530,CUST3072,Ryan Taylor DDS,colleenjones@schultz.info,2025-04-04 05:53:00,PROD551,Community Book,Home,3,326.7,0.04,49.69,990.59,Debit Card,Cancelled,"00000 Marcus Throughway Apt. 137, South Kristenside, MN 08004",Lake Edwardstad,USA,41506,True
ORD000531,CUST2990,Brian Rocha,jose18@gmail.com,2025-12-07 10:22:00,PROD125,Plan Watch,Books,3,748.97,0.16,8.13,1895.53,Debit Card,Shipped,"7812 Madison Heights Apt. 567, New Ryantown, PA 06904",Lake Josebury,UK,50032,False
ORD000532,CUST5748,Glenn Ward,richardhart@gmail.com,2025-03-21 00:47:00,PROD872,Itself Phone,Beauty,9,1951.32,0.1,35.27,15840.96,Debit Card,Delivered,"355 Michael View Apt. 960, Lake Terrychester, IA 54264",Montgomerytown,Canada,82342,False
ORD000533,CUST1406,Tiffany Chase,calebadams@hebert.com,2025-06-23 22:07:00,PROD511,They Phone,Groceries,8,1800.85,0.04,27.55,13858.08,Debit Card,Shipped,"4287 Gilmore Gateway, South Jennifer, NC 85401",South Josephberg,UK,88712,False
ORD000534,CUST4206,Michael Montgomery,aimeebrewer@hotmail.com,2025-02-17 10:03:00,PROD123,Side Laptop,Sports,10,1284.42,0.18,11.11,10543.35,Net Banking,Shipped,"03625 Lewis Inlet Suite 170, Carterfurt, MI 98843",Katherineton,Australia,24957,True
ORD000535,CUST6915,Daryl Lowe,kellychung@hotmail.com,2026-05-15 16:25:00,PROD507,Agency Shoes,Beauty,4,983.48,0.18,25.58,3251.39,Net Banking,Pending,"4644 Kelsey Street Apt. 538, Port Toni, VA 18097",Bishopton,Germany,88801,False
ORD000536,CUST4533,Amanda Mcdaniel,john33@lee-fox.org,2025-07-10 00:18:00,PROD845,Forward Watch,Beauty,6,705.95,0.29,43.72,3051.07,Net Banking,Pending,"3211 Jennifer Motorway, Griffithville, AR 79990",East Brittney,UK,83190,False
ORD000537,CUST2410,Katherine Taylor,benjaminrussell@gmail.com,2025-03-25 23:57:00,PROD247,Several Shoes,Home,7,1458.57,0.12,41.78,9026.57,Net Banking,Cancelled,"875 Davis Parkway, Maxwellhaven, AL 01899",East Lori,Canada,04354,False
ORD000538,CUST3865,Felicia Perry,sancheznicholas@walsh-jimenez.com,2025-02-03 18:48:00,PROD669,Test Watch,Beauty,7,181.45,0.12,45.72,1163.45,Wallet,Delivered,"Unit 1609 Box 3659, DPO AA 18054",North Larryland,USA,16645,True
ORD000539,CUST5979,Margaret Andrews,jeremiah68@cooper-johnson.com,2025-04-06 12:18:00,PROD605,Something Phone,Beauty,9,983.72,0.25,15.1,6655.21,Net Banking,Cancelled,"Unit 3223 Box 9982, DPO AE 31976",Hillmouth,USA,55324,True
ORD000540,CUST5713,David Johnson,aprilrussell@hotmail.com,2026-02-10 00:09:00,PROD527,And Shoes,Books,5,603.84,0.19,31.83,2477.38,Cash on Delivery,Pending,"3766 Burch Summit, New Heatherville, DC 56405",North Sherryton,Australia,68692,True
ORD000541,CUST8872,Heather Sanders,hughesgail@flores.com,2025-01-15 03:48:00,PROD679,Black Watch,Groceries,5,988.64,0.29,29.94,3539.61,UPI,Shipped,"USNS King, FPO AA 47135",Port Russellside,Australia,24540,False
ORD000542,CUST3668,Brian Sims,phines@gmail.com,2026-05-14 22:52:00,PROD695,Pretty Laptop,Fashion,2,749.54,0.22,0.88,1170.16,UPI,Shipped,"0134 Laura Mission Apt. 543, Royside, NC 18391",Williamsbury,UK,85060,True
ORD000543,CUST5749,Nathaniel Brown,bvazquez@hotmail.com,2025-07-02 05:03:00,PROD398,Term Phone,Beauty,5,725.52,0.19,47.76,2986.12,Credit Card,Pending,"914 Andrews Brook Suite 492, Avilashire, SC 55647",Kaneport,Canada,72944,True
ORD000544,CUST5932,Olivia Reese,smallkenneth@hotmail.com,2026-01-28 20:11:00,PROD377,Step Bag,Beauty,2,1199.53,0.05,16.13,2295.24,Cash on Delivery,Shipped,"932 Cunningham Hill Apt. 849, East Pamela, HI 29733",Kimberlychester,Germany,53481,True
ORD000545,CUST7750,Toni Brown,omoore@bryant.com,2025-10-01 18:22:00,PROD448,Quality Shoes,Electronics,3,30.73,0.16,18.65,96.09,Debit Card,Delivered,"8389 Mark Shore, Debrahaven, TN 74052",Port Loriport,USA,00903,True
ORD000546,CUST2867,Toni Clay,rachelknight@peterson-dunn.com,2026-03-02 06:50:00,PROD527,Into Watch,Electronics,9,1228.79,0.25,26.28,8320.61,Credit Card,Cancelled,"264 Kristen Light Suite 561, North Anna, NE 13379",Port James,USA,69773,True
ORD000547,CUST6604,George Bradshaw,megan46@hernandez.net,2025-09-03 11:19:00,PROD276,Expert Bag,Home,6,282.33,0.13,49.38,1523.14,Credit Card,Cancelled,"27300 Burke Loaf, North Darrylfurt, ID 10338",Lake Jamesmouth,Australia,03841,True
ORD000548,CUST7960,Austin Rose,cartercatherine@hotmail.com,2025-04-24 04:54:00,PROD807,Fund Chair,Groceries,3,1377.65,0.09,10.49,-3771.47,Credit Card,Pending,"83976 Brent Land Apt. 440, Alexanderport, GA 08127",Mcclurefurt,India,54456,True
ORD000549,CUST1971,Linda Cooper,ehardy@leblanc-hendrix.org,2026-02-01 15:48:00,PROD580,Scene Laptop,Home,7,89.82,0.03,39.65,649.53,Credit Card,Cancelled,"USS Hammond, FPO AA 03480",Zunigaside,India,34946,False
ORD000550,CUST4027,Cory Harris,pinedastephanie@howard-arias.com,2025-12-08 00:48:00,PROD786,Hair Book,Electronics,2,1565.83,0.28,10.27,2265.07,Credit Card,Processing,"PSC 6178, Box 1703, APO AE 89372",North Carrietown,USA,50286,False
ORD000551,CUST9272,Paul Young,taylorpayne@yahoo.com,2026-05-01 18:22:00,PROD683,However Laptop,Electronics,6,325.31,0.15,36.43,1695.51,Wallet,Processing,"1844 Watkins Stream, Port Beth, FL 52351",Williamville,India,57013,True
ORD000552,CUST4506,Zachary Young,marilyn67@rodriguez.info,2026-01-02 06:18:00,PROD616,Region Chair,Beauty,3,1803.81,0.16,48.68,4594.28,Net Banking,Pending,"02179 Curtis Fields, Aprilchester, OK 72082",Jessicafort,Germany,96344,True
ORD000553,CUST4728,Jessica Chang,nancycharles@stephens.biz,2025-08-14 21:06:00,PROD517,Air Laptop,Groceries,3,1670.31,0.29,21.2,3578.96,UPI,Cancelled,"079 Powell Crest Suite 706, Youngfurt, WI 19708",West Kathyfurt,India,71361,False
ORD000554,CUST2347,Matthew Jackson,mark21@shelton-keller.com,2025-02-26 16:08:00,PROD435,Standard Watch,Electronics,8,1525.74,0.21,27.86,9670.54,Net Banking,Pending,"46921 Charles Ports Apt. 596, Fischerton, OR 70527",Joeside,Germany,38355,False
ORD000555,CUST4093,Shawna Benton,rosaleslauren@holt.biz,2025-11-04 23:19:00,PROD977,Serve Laptop,Groceries,8,455.62,0.12,49.25,3256.81,Net Banking,Delivered,"424 Mathis Ridge Apt. 145, Garretthaven, WV 05193",Davisburgh,Australia,31339,False
ORD000556,CUST2392,Jennifer Myers,anthonygilbert@james-miller.org,2025-04-02 00:43:00,PROD222,Attack Shoes,Books,8,1345.83,0.12,26.13,9500.77,Net Banking,Returned,"9876 Melody Ports Suite 872, West Zachary, NM 98774",Port Dawnmouth,Australia,89834,True
ORD000557,CUST3011,Jennifer Lopez,brett40@kline.biz,2026-01-15 05:04:00,PROD338,Should Chair,Books,6,1950.54,0.1,29.75,10562.67,Cash on Delivery,Delivered,"001 Joshua Plains Apt. 554, Ianhaven, NH 78304",Gonzalezstad,UK,80636,False
ORD000558,CUST6834,Mark Walters,kristine33@horne.com,2026-01-27 22:49:00,PROD587,Interview Bag,Sports,10,1189.33,0.23,40.05,9197.89,Net Banking,Delivered,"528 Bowen Orchard, West Paul, GA 53408",Port Heather,UK,45501,False
ORD000559,CUST1486,Rachael Wood,castropeter@johnson-brewer.net,2025-03-17 14:06:00,PROD201,Everyone Bag,Electronics,2,505.13,0.15,31.42,890.14,Credit Card,Processing,"USNV Smith, FPO AA 99589",Mejiaport,UK,34803,True
ORD000560,CUST2253,Cory Fuller,housedaniel@george-martin.com,2026-05-13 05:24:00,PROD776,Nearly Chair,Sports,10,1360.01,0.05,31.1,12951.19,Net Banking,Pending,"340 Mary Fords Suite 415, Shawnmouth, MD 27016",East Jessicastad,UK,81684,True
ORD000561,CUST9955,Ruth Alvarez,laurenwest@williams-moyer.com,2025-05-31 21:31:00,PROD118,Throughout Chair,Electronics,8,1012.07,0.16,40.47,6841.58,Net Banking,Cancelled,"1052 Reyes Pines, Lake Brittanyfort, AR 79808",Port Timothy,India,36110,False
ORD000562,CUST5965,David Palmer,imartin@yahoo.com,2025-08-19 10:54:00,PROD823,Onto Shoes,Books,7,887.9,0.01,8.84,6161.99,Net Banking,Returned,"0598 Sparks Mission Suite 442, South Janice, MA 97599",Ambermouth,USA,96562,False
ORD000563,CUST8697,Tracey Hogan,gregory24@hotmail.com,2026-01-02 12:31:00,PROD587,Whether Phone,Groceries,2,1139.87,0.15,27.69,1965.47,Debit Card,Cancelled,"650 Sarah Avenue, North Ericport, SC 30591",North Susan,Canada,17688,True
ORD000564,CUST6250,Samantha Esparza,miranda13@nguyen.com,2025-07-20 08:31:00,PROD162,Nearly Laptop,Sports,10,1941.89,0.19,17.64,15746.95,Credit Card,Shipped,"214 Mitchell Pike Suite 699, Thomasbury, NV 84036",Ballport,USA,84799,False
ORD000565,CUST6654,Paul Anderson,keith18@trujillo.net,2025-06-28 23:37:00,PROD465,System Watch,Home,1,1531.56,0.19,19.03,1259.59,Credit Card,Delivered,"12392 Courtney Road, North Nicholastown, CO 68604",South Jose,Australia,21492,True
ORD000566,CUST2875,Juan Cooper,tpowell@ortega.com,2025-05-07 07:41:00,PROD445,We Shoes,Electronics,5,1187.1,0.27,3.28,4336.19,Wallet,Shipped,"4584 Taylor Drives Apt. 529, New Lisamouth, TN 73088",Lake Curtis,Germany,07460,True
ORD000567,CUST8695,Catherine Gonzales,dthompson@lewis.com,2025-08-24 21:55:00,PROD702,With Laptop,Home,7,1138.26,0.27,13.33,5829.84,Net Banking,Returned,"52229 Joyce Extension, Lake Ronaldmouth, OR 10378",Joelside,Canada,19358,False
ORD000568,CUST6563,Christopher Valdez,lukecase@butler-burns.info,2025-06-15 18:06:00,PROD270,Since Phone,Home,8,204.61,0.2,16.8,1326.3,UPI,Cancelled,"26430 Green Glen Suite 912, Munozshire, AL 24984",South Chad,UK,07767,True
ORD000569,CUST5871,Melvin Carlson,lewisjean@yahoo.com,2025-09-12 20:54:00,PROD687,Certainly Watch,Groceries,2,1681.56,0.16,14.37,2839.39,Debit Card,Pending,"20125 Daniel Stream, New Jacobton, AZ 35275",Obrienmouth,Canada,68478,True
ORD000570,CUST7997,Sharon Gonzales,elizabeth52@walsh.com,2026-01-03 18:06:00,PROD314,Success Book,Groceries,10,676.99,0.02,40.06,6674.56,Credit Card,Delivered,"04436 Lisa Walk, Danielland, GA 28032",North Kimberlyshire,Australia,22452,False
ORD000571,CUST8425,Monica Matthews,davisjames@yahoo.com,2025-09-16 09:27:00,PROD787,Ready Chair,Sports,9,630.14,0.12,12.56,5003.27,Debit Card,Cancelled,"93096 Miller Spur, Davisville, MO 06847",Lake Edward,India,27665,True
ORD000572,CUST1981,Sean Bradshaw,qowens@gmail.com,2025-10-23 15:13:00,PROD634,Argue Shoes,Home,8,539.53,0.19,40.45,3536.6,Net Banking,Delivered,"16612 Bobby River, South Derekmouth, WA 69858",Randolphborough,USA,82155,True
ORD000573,CUST4335,Cindy Carter,njames@smith.com,2025-03-19 23:43:00,PROD966,Standard Watch,Home,5,1689.02,0.12,43.01,7474.7,UPI,Pending,"2114 Kristine Springs, Garrettberg, AL 76054",Tinaberg,Australia,78662,True
ORD000574,CUST6087,Carl Larsen,virginia56@cochran.com,2025-05-12 21:38:00,PROD575,Support Watch,Sports,4,814.7,0.03,9.6,3170.64,Net Banking,Processing,"USNV Anderson, FPO AP 76976",Colonville,UK,30498,True
ORD000575,CUST3883,Barbara Hill,andrea85@yahoo.com,2025-04-14 05:17:00,PROD759,Food Chair,Electronics,3,63.14,0.24,13.89,157.85,Cash on Delivery,Cancelled,"04120 Veronica Center, Martinezburgh, IN 73577",Ramirezburgh,UK,79021,True
ORD000576,CUST2479,Jessica Griffith,lsimmons@gutierrez.com,2025-01-29 02:20:00,PROD506,Trade Chair,Beauty,10,599.47,0.02,47.75,5922.56,Debit Card,Shipped,"5420 Jacqueline Way, Antonioton, AK 81259",Rebeccafurt,USA,65563,True
ORD000577,CUST5125,Patricia Hayes,cindy57@hotmail.com,2025-10-20 23:32:00,PROD608,Research Laptop,Fashion,2,1046.31,0.25,47.48,1616.95,Wallet,Cancelled,"4623 Mendoza Coves Apt. 476, North Bradleyton, DE 67895",North Jaredchester,India,73094,False
ORD000578,CUST3363,Jerry Hill,hmartin@stephens.com,2025-06-18 18:47:00,PROD209,Task Shoes,Fashion,7,1612.65,0.22,46.78,8851.85,UPI,Processing,"1290 Terri Squares Apt. 713, South Shawnbury, NH 93905",West Christopher,UK,06766,False
ORD000579,CUST7943,Donna Booker,zevans@yahoo.com,2025-05-11 18:03:00,PROD586,Continue Bag,Fashion,8,1069.27,0.21,5.65,6763.44,UPI,Cancelled,"09625 Griffin Squares, Carlsonfort, IL 16294",West Jamesborough,USA,80056,False
ORD000580,CUST1895,Rodney Calhoun,mary66@gmail.com,2025-09-01 22:23:00,PROD807,Bar Chair,Beauty,5,47.04,0.29,30.29,197.28,Debit Card,Returned,"327 Antonio Grove, Perryville, MA 82661",Port Carlosville,Germany,07130,False
ORD000581,CUST8248,John Mcdonald,smithdiana@hotmail.com,2025-06-08 20:44:00,PROD497,Eat Laptop,Books,6,1806.8,0.21,26.75,8590.98,UPI,Processing,"949 Leslie Shores, West Kristenton, RI 80304",Port Brittanyfort,Germany,52274,True
ORD000582,CUST7656,Kendra Vasquez,gonzalezbrittany@martinez.com,2026-04-25 07:19:00,PROD908,Blue Laptop,Home,4,1719.54,0.05,21.94,6556.19,Credit Card,Shipped,"23740 Castillo Grove Apt. 325, Whitehaven, OR 78504",Brandiville,UK,80526,False
ORD000583,CUST5275,Adrian Dawson,nicolecharles@hotmail.com,2026-01-13 13:59:00,PROD618,Chair Laptop,Home,6,1436.19,0.26,41.01,6417.69,Net Banking,Processing,"87821 Robert Ville Apt. 041, East Mikeshire, PA 66621",Lesterville,Canada,11445,False
ORD000584,CUST3229,Tonya Simon,ochoamelissa@hotmail.com,2025-08-21 22:01:00,PROD103,Without Watch,Fashion,1,1284.54,0.06,22.17,1229.64,Cash on Delivery,Returned,"8221 Arroyo Knolls Apt. 978, Samueltown, HI 08590",West Amberchester,Germany,62669,False
ORD000585,CUST3131,Melvin Poole,omarmiller@powell.com,2025-10-22 02:07:00,PROD967,Much Phone,Beauty,3,502.96,0.21,38.38,1230.4,Net Banking,Returned,"96882 Barber Lock Suite 040, Jeromeville, WY 12092",Rodriguezchester,Germany,06270,False
ORD000586,CUST4254,Juan Wright MD,jennifer51@carpenter-trevino.biz,2025-09-02 23:08:00,PROD186,Court Watch,Home,5,351.09,0.18,16.38,1455.85,Debit Card,Shipped,"649 Reyes Gateway, Selenachester, KY 59884",Edwardmouth,UK,02023,False
ORD000587,CUST4747,George Cruz,bethany36@daniels-martinez.net,2026-04-29 18:14:00,PROD191,Painting Watch,Fashion,1,1896.48,0.28,32.36,1397.83,UPI,Returned,"USNS Adams, FPO AA 70323",New Blake,Australia,57636,True
ORD000588,CUST2922,David Mendoza,colemancindy@gmail.com,2025-01-26 12:39:00,PROD114,Behind Bag,Sports,7,1202.78,0.04,47.9,8130.58,Net Banking,Processing,"93592 Jennifer Coves, East Thomas, AL 45292",East Bradley,UK,33860,False
ORD000589,CUST9096,Jorge Morales,michaelblanchard@simpson-baker.org,2025-03-02 07:45:00,PROD491,Bill Shoes,Books,4,385.14,0.26,39.11,1179.12,Debit Card,Shipped,"44096 Bruce Mountains, Mosleyland, NC 17117",Brookeshire,Canada,99199,True
ORD000590,CUST5289,Amanda Weaver,jmurray@davis.info,2026-02-26 09:46:00,PROD341,Experience Phone,Books,4,839.57,0.12,7.3,2962.59,Debit Card,Shipped,"59266 Gardner Ridges, Lake Theresa, UT 81574",Collinshaven,Germany,50460,False
ORD000591,CUST7283,Melissa Delacruz,brianna50@gmail.com,2025-02-13 00:30:00,PROD825,Capital Watch,Beauty,3,1743.53,0.29,19.88,3733.6,Wallet,Processing,"75360 Wilson Mountains, South Feliciaton, PA 70993",Clarkmouth,Germany,33079,True
ORD000592,CUST1745,Michael Martinez,nathan06@yahoo.com,2025-02-18 17:03:00,PROD105,Account Book,Sports,1,669.06,0.07,45.41,667.64,Wallet,Cancelled,"48942 Kelly Lane Suite 489, Reynoldschester, MD 57622",Evanport,UK,41755,False
ORD000593,CUST5264,Jackson Avila,duncankimberly@yahoo.com,2026-05-16 12:42:00,PROD273,Special Phone,Books,6,268.82,0.27,2.06,1179.49,UPI,Processing,"89062 Melody Land, Laurenfurt, DC 83539",Port Robert,UK,92329,True
ORD000594,CUST9179,Brian Chen,sarasmith@hotmail.com,2025-02-15 10:45:00,PROD992,Large Chair,Home,9,868.69,0.08,15.66,7208.41,Cash on Delivery,Processing,"22427 Brandt Neck, Collinsberg, MD 80883",South Anthonyland,Germany,23684,False
ORD000595,CUST9049,William Davis,aholder@hotmail.com,2025-05-25 08:39:00,PROD882,Administration Shoes,Sports,5,1036.36,0.13,8.25,4516.42,Cash on Delivery,Returned,"7823 Gerald Ranch Suite 704, Taylorchester, KS 22011",Jonesville,Australia,22078,False
ORD000596,CUST8653,Joseph Perez,jeremy59@hotmail.com,2025-01-28 06:09:00,PROD546,Imagine Laptop,Books,1,463.57,0.01,13.01,471.94,Credit Card,Returned,"8525 Gould Extensions, Davidside, WV 30983",Nataliestad,UK,99122,False
ORD000597,CUST6727,Debra Johnson,kevin54@hotmail.com,2025-12-30 17:31:00,PROD195,Manage Shoes,Groceries,8,988.51,0.25,43.34,5974.4,UPI,Pending,"11232 Mitchell Plain, Flemingland, NV 52686",East Elizabeth,USA,85050,True
ORD000598,CUST9618,Natalie Burns,mikaylapeters@cohen-weiss.info,2026-01-19 16:52:00,PROD885,Health Phone,Fashion,5,1128.68,0.2,10.62,4525.34,Net Banking,Pending,"96304 Espinoza Fields, South Chelseabury, VA 71977",West Claudia,India,30573,True
ORD000599,CUST2998,David Torres,robertsonjennifer@alexander-wagner.net,2026-01-29 15:43:00,PROD503,West Book,Sports,2,1775.3,0.01,34.07,3549.16,Credit Card,Returned,"2444 Green Meadow Apt. 838, Haleyfort, RI 29001",Bushside,Germany,14545,True
ORD000600,CUST6397,Michael Campos,dawnmartinez@hotmail.com,2025-01-15 02:29:00,PROD144,Loss Bag,Sports,8,910.84,0.29,29.71,5203.28,Net Banking,Pending,"USNV Sawyer, FPO AP 51094",Mcneilhaven,Germany,67936,True
ORD000601,CUST7248,Stacey Duran,victoria57@warner.info,2025-04-19 01:51:00,PROD194,Responsibility Watch,Home,5,649.73,0.02,3.54,3187.22,Debit Card,Cancelled,"01986 Thompson Curve Apt. 839, Martinbury, OK 14028",North Tricia,USA,86947,False
ORD000602,CUST3525,Amanda Mora,tonyaholmes@glass.com,2025-02-15 00:54:00,PROD223,Computer Book,Books,4,330.07,0.23,14.25,1030.87,Net Banking,Returned,"02320 Bryan Pike, Murrayfurt, AZ 04407",Espinozaville,Australia,01969,False
ORD000603,CUST9021,Sabrina Lopez,robertssamantha@gmail.com,2026-04-08 21:38:00,PROD556,Water Watch,Books,3,721.29,0.03,18.37,2117.32,UPI,Processing,"319 Kristi Harbor Suite 823, Kyleshire, TX 13301",North Jamestown,Canada,60406,False
ORD000604,CUST9410,Jennifer White,sherry96@yahoo.com,2025-02-16 13:51:00,PROD449,They Watch,Beauty,6,1229.67,0.13,21.3,6440.18,Debit Card,Pending,"066 Henderson Course, North Rebeccafurt, MN 39703",Lake Christopherbury,Australia,37488,True
ORD000605,CUST5921,Jeremy Nguyen,kelsey70@hotmail.com,2026-04-22 15:33:00,PROD252,Possible Shoes,Beauty,9,172.52,0.14,3.96,1339.26,UPI,Delivered,"6834 Nicholas Stream, Mooremouth, AL 69701",New Ryan,USA,73301,False
ORD000606,CUST7766,Madison Wilson,diaznathan@hotmail.com,2025-06-01 18:03:00,PROD196,Laugh Watch,Beauty,9,157.68,0.01,5.38,1410.31,Cash on Delivery,Delivered,"97609 David Corners Apt. 657, South Alexis, OH 01267",Sarahland,Canada,60923,False
ORD000607,CUST3941,Jordan Mata,stucker@davis.biz,2025-07-01 08:37:00,PROD905,Play Shoes,Groceries,2,1538.45,0.0,37.03,3113.93,Net Banking,Delivered,"88241 Case Mews, Gregoryberg, NJ 44314",South Brianview,India,95004,True
ORD000608,CUST5342,Deborah Anderson,nathan05@yahoo.com,2025-08-02 22:19:00,PROD449,State Chair,Groceries,6,1176.48,0.14,33.51,6104.15,Debit Card,Cancelled,"225 Rivas Station, Lake Brandonfurt, VT 45350",Hillton,USA,60709,True
ORD000609,CUST7470,Ronald Ramirez,wesleycalhoun@hotmail.com,2025-02-10 23:38:00,PROD219,Generation Laptop,Fashion,5,1743.87,0.03,26.72,8484.49,Cash on Delivery,Pending,"01788 Eugene Greens Suite 312, Jonesside, WI 49409",South Cameronstad,UK,74223,False
ORD000610,CUST6910,Nicole Brown,theresa92@blackwell-rodriguez.com,2025-12-21 12:55:00,PROD807,Forward Bag,Beauty,10,1453.19,0.09,40.66,13264.69,Cash on Delivery,Cancelled,"053 Brown Port, East Bradley, CA 56886",Erintown,UK,63922,False
ORD000611,CUST1439,Michael Travis,anna54@cochran.org,2025-02-14 04:08:00,PROD314,Nearly Watch,Beauty,1,385.65,0.24,34.8,327.89,Debit Card,Processing,"5294 Frye Trafficway, South Maryland, WY 94997",South James,Australia,41245,True
ORD000612,CUST7912,Angela Winters,scottbrandon@hampton-beck.biz,2025-08-12 20:54:00,PROD122,Doctor Laptop,Fashion,9,385.87,0.09,23.17,3183.45,Debit Card,Delivered,"4357 Warren View, West Monica, MT 69961",South Michelleside,Australia,57572,False
ORD000613,CUST7418,Jeffrey Lee,patricia88@payne.com,2026-05-09 15:30:00,PROD152,Such Book,Electronics,1,1720.29,0.18,10.07,1420.71,Credit Card,Cancelled,"2805 Brown Via Suite 406, Shanemouth, CO 48240",Mooreshire,Australia,24457,False
ORD000614,CUST7548,Alexandra Johnson,daniel74@hotmail.com,2025-08-01 15:47:00,PROD597,Ahead Phone,Sports,10,1193.7,0.17,14.54,9922.25,Cash on Delivery,Delivered,"11178 Davis Spur, East Markport, NV 89889",Brownburgh,Canada,22546,False
ORD000615,CUST7834,Jennifer Oliver,lisa41@thompson.com,2025-04-29 22:03:00,PROD584,Court Laptop,Books,9,42.94,0.17,27.66,348.42,Wallet,Shipped,"500 Michelle Trace Apt. 151, Jasonburgh, MI 86310",Scottmouth,Australia,04694,False
ORD000616,CUST4802,Andrew Davenport,ipadilla@larson-williams.com,2025-08-18 22:27:00,PROD619,Section Shoes,Sports,1,326.86,0.22,23.46,278.41,Cash on Delivery,Delivered,"031 Alec Lock Suite 934, East Hannahshire, AL 36864",Davidton,Germany,28617,False
ORD000617,CUST6902,Jonathan Hale,joneskevin@hotmail.com,2025-03-09 09:46:00,PROD915,Where Watch,Groceries,7,1919.81,0.25,33.66,10112.66,Debit Card,Returned,"599 Susan Knolls, Kathleenbury, MN 90419",Dwaynestad,Canada,51346,True
ORD000618,CUST9063,Anthony Stuart,sandersroy@brown.info,2025-05-25 22:47:00,PROD203,Everyone Chair,Books,2,1335.78,0.04,9.97,2574.67,Net Banking,Cancelled,"8423 Ashley Heights, Biancastad, IN 03189",South Travisfurt,Germany,21102,True
ORD000619,CUST9248,Adam Martin,jonesjason@yahoo.com,2025-04-18 17:03:00,PROD132,Form Chair,Electronics,1,720.78,0.08,33.85,696.97,UPI,Processing,"41784 Brandi Road Apt. 923, West Mark, CA 02497",New Billchester,UK,89206,True
ORD000620,CUST1764,David Walsh,john21@gmail.com,2025-11-13 07:07:00,PROD888,If Phone,Home,9,452.07,0.08,17.02,3760.16,Debit Card,Shipped,"90457 Webster Port, Morrisshire, HI 11999",New Jillian,Australia,56009,True
ORD000621,CUST2669,James Hall,llambert@dyer.info,2025-12-28 01:59:00,PROD943,Hope Phone,Electronics,8,1598.98,0.29,37.79,9120.0,Wallet,Pending,"47709 Aaron Mills, North Laurieburgh, VT 99058",East Jaimeburgh,India,13473,True
ORD000622,CUST9288,Lisa Keller,rebecca81@berry.com,2025-11-19 03:55:00,PROD610,Others Bag,Groceries,4,1822.42,0.05,14.61,6939.81,Credit Card,Delivered,"86385 Pierce Common, Ashleymouth, NJ 22452",South Angelaton,USA,93408,False
ORD000623,CUST8760,Willie Morgan,znichols@munoz.biz,2025-06-21 04:07:00,PROD449,Politics Book,Sports,4,881.02,0.12,38.45,3139.64,Debit Card,Processing,"USCGC Nolan, FPO AP 36691",Suzanneport,India,07502,False
ORD000624,CUST7909,Whitney Taylor,aaronthompson@gmail.com,2025-07-10 22:48:00,PROD906,Possible Shoes,Fashion,7,724.48,0.2,7.58,4064.67,Net Banking,Cancelled,"322 Johnathan Harbors, Tonyview, IL 96333",Lake Michelle,UK,98513,False
ORD000625,CUST1162,Jason Ashley,jacquelinenunez@hotmail.com,2026-04-05 14:54:00,PROD834,Product Chair,Sports,9,1590.24,0.11,1.49,12739.31,Credit Card,Processing,"30423 David Mill, Howardberg, CT 32443",Jenniferton,India,17624,False
ORD000626,CUST3473,Jennifer Mercado,randy00@yahoo.com,2025-06-11 12:49:00,PROD688,Senior Laptop,Beauty,3,870.97,0.12,1.85,2301.21,Cash on Delivery,Returned,"7756 Cheryl Fork, Port Chad, SD 21721",South Felicialand,Australia,62062,False
ORD000627,CUST1129,Sean Williams,davidglover@wright-sanford.net,2025-08-03 12:56:00,PROD946,Tend Book,Sports,9,1747.72,0.22,15.68,12284.67,Wallet,Shipped,"2291 Sheila Manor Suite 080, Richardstad, MT 52045",Finleyton,USA,50723,False
ORD000628,CUST7627,James Hernandez,michael49@yahoo.com,2025-08-17 20:13:00,PROD894,Start Shoes,Home,9,1250.6,0.19,22.11,9138.98,Credit Card,Shipped,"0766 Gail Rapids Apt. 396, Alanfurt, NH 25374",Port Gary,India,18155,False
ORD000629,CUST6115,Roy Davis,javier62@cooper.com,2025-07-19 23:46:00,PROD633,Report Book,Groceries,3,1043.34,0.16,10.69,2639.91,Cash on Delivery,Cancelled,"799 Jodi Lodge, Lake John, VT 11594",Bakerborough,USA,73862,True
ORD000630,CUST2809,David Anderson,ldickson@yahoo.com,2025-01-15 17:37:00,PROD849,Reflect Laptop,Groceries,5,486.47,0.23,36.33,1909.24,UPI,Cancelled,"34303 Christian Village, Melindahaven, MO 04169",Tinaview,Germany,48970,False
ORD000631,CUST4868,Paula Myers,drivera@yahoo.com,2025-03-05 01:48:00,PROD924,Peace Bag,Sports,2,900.23,0.17,0.26,1494.64,Wallet,Shipped,"535 Samuel Port Suite 466, Riversland, IL 37247",North Gregory,Australia,37928,True
ORD000632,CUST2724,Joseph Odonnell,william52@yahoo.com,2025-06-29 09:18:00,PROD435,Pick Phone,Sports,10,1346.51,0.21,25.98,10663.41,Debit Card,Processing,"664 White Walk Apt. 074, East Micheal, OR 16054",Hunterville,Germany,37976,False
ORD000633,CUST8802,Michael Baker,lauramoore@velasquez-turner.com,2025-02-20 04:45:00,PROD319,Various Watch,Electronics,7,1657.73,0.02,3.11,11375.14,UPI,,"9637 Damon Springs, North Amandaville, NC 47197",East Sarah,Australia,10908,False
ORD000634,CUST9020,Joshua Davis,eric54@hotmail.com,2025-10-29 17:33:00,PROD849,War Watch,Groceries,7,1744.67,0.18,31.82,10046.23,Debit Card,Delivered,"4701 Lee Estates Apt. 865, East Rebecca, NV 17809",Rossmouth,USA,53812,True
ORD000635,CUST4483,John Rodriguez,buckleycrystal@ochoa-cervantes.net,2025-09-06 22:29:00,PROD566,At Watch,Electronics,3,1936.22,0.15,26.46,4963.82,Cash on Delivery,Returned,"8000 Timothy Springs Apt. 214, West Steven, ID 16218",Johnsonport,USA,30216,False
ORD000636,CUST3511,Melissa Martinez,orice@miller.com,2026-04-17 03:38:00,PROD220,Campaign Book,Home,7,225.12,0.11,14.48,1416.98,UPI,Cancelled,"2862 Carolyn Ferry Suite 352, Tammystad, TN 90008",East Eddie,Germany,20263,False
ORD000637,CUST5644,Patricia Ramos,aaroncox@vazquez-clayton.com,2025-09-06 00:50:00,PROD320,Station Shoes,Groceries,3,288.57,0.18,2.43,712.31,Cash on Delivery,Shipped,"66185 Terrence Course, New Theresaton, HI 51499",Frenchville,UK,66779,True
ORD000638,CUST8411,Sandra Gonzalez,smithdavid@garcia-newman.net,2025-03-04 17:22:00,PROD445,Doctor Chair,Books,2,1741.5,0.13,28.65,3058.86,Net Banking,Cancelled,"PSC 8821, Box 7648, APO AA 53262",Gonzalezmouth,Australia,99296,True
ORD000639,CUST6328,Charles Petty,donaldmartin@romero.com,2026-01-26 04:32:00,PROD191,Environment Chair,Sports,8,1524.55,0.2,7.45,9764.57,Cash on Delivery,Returned,"Unit 5892 Box 2256, DPO AE 49918",Port Pamela,Canada,44742,False
ORD000640,CUST5544,Matthew Mccullough,plin@wyatt.net,2025-07-18 07:57:00,PROD761,Around Laptop,Groceries,7,681.3,0.01,33.52,4754.93,Debit Card,Delivered,"1307 Perez Points Suite 185, North Pamela, IN 51011",South Donna,Australia,67179,True
ORD000641,CUST9877,Mary Perez,paul54@yahoo.com,2025-10-20 20:50:00,PROD690,Answer Chair,Electronics,5,1124.28,0.04,27.97,5424.51,Wallet,Processing,"121 Miller Stravenue Suite 119, Markview, OK 88388",New Jennifershire,Canada,28225,True
ORD000642,CUST5504,Joanne Crawford,woodsaaron@smith.biz,2026-01-20 15:32:00,PROD905,Cold Shoes,Fashion,1,244.96,0.28,8.99,185.36,Cash on Delivery,Pending,"712 Edward Cliffs, New John, NE 81805",Fordshire,Canada,85339,False
ORD000643,CUST6569,Andrew Friedman,charlessimmons@yahoo.com,2025-02-13 17:38:00,PROD547,During Shoes,Books,6,806.59,0.01,43.1,4834.24,Credit Card,Pending,"76075 Wong Manor, Johnborough, TX 75430",Jamesland,Canada,83071,False
ORD000644,CUST5187,Erin Lopez,jessethomas@gmail.com,2025-07-15 08:05:00,PROD886,Camera Laptop,Fashion,2,1959.67,0.16,14.27,3306.52,UPI,Processing,"57644 Marsh Haven Suite 000, South Tammy, MO 40631",Amychester,UK,65566,True
ORD000645,CUST3334,Kenneth Watkins,barnesjames@yahoo.com,2025-01-31 19:20:00,PROD522,Last Book,Home,3,59.21,0.02,19.5,193.58,Net Banking,Shipped,"5006 Michael Square, South James, WA 51110",Annetteburgh,India,61371,True
ORD000646,CUST2885,Brian Reid,ashleyjames@yahoo.com,2025-04-14 07:48:00,PROD375,Describe Laptop,Home,10,1174.13,0.15,37.62,10017.73,Net Banking,Delivered,"702 Bailey Estates Apt. 763, Evansland, MD 80989",Sabrinaside,Canada,75201,False
ORD000647,CUST2663,Lisa Bailey,psandoval@yahoo.com,2025-02-03 15:01:00,PROD352,Give Chair,Sports,7,1268.91,0.27,0.93,6485.06,Cash on Delivery,Cancelled,"344 Latoya Inlet Apt. 699, Port Catherine, VT 34380",Bethport,USA,30177,False
ORD000648,CUST7116,Debra Ortiz,dustinwilliams@mason-anderson.info,2025-10-18 13:28:00,PROD653,Several Shoes,Groceries,2,1693.32,0.15,39.14,2917.78,Debit Card,Processing,"USNV Garcia, FPO AE 14081",Port Ashleyberg,Canada,08523,False
ORD000649,CUST3742,Ashley Mendoza,hmurphy@lee-mccoy.biz,2026-05-08 17:28:00,PROD100,Hospital Laptop,Books,1,7.0,0.14,41.47,47.49,UPI,Shipped,"03004 Knight Vista, Patrickland, VA 80577",New Brian,Canada,04090,False
ORD000650,CUST1745,Omar Kelly,harrismichelle@garrison-lin.net,2026-03-06 21:24:00,PROD265,Seat Bag,Sports,6,1685.67,0.06,42.03,9549.21,Wallet,Shipped,"9570 Arellano Common, North Jose, OH 39605",West Heather,India,52477,False
ORD000651,CUST4454,Bradley Walker,dyerkenneth@gmail.com,2025-02-15 12:44:00,PROD725,Cut Phone,Groceries,2,1661.84,0.22,49.94,2642.41,UPI,Delivered,"203 Kyle Highway, West Richard, CT 02954",Jessemouth,Australia,94113,False
ORD000652,CUST8533,Kathy Steele,johnsonlacey@hotmail.com,2025-11-22 08:48:00,PROD713,Former Book,Electronics,8,549.66,0.2,16.08,3533.9,Cash on Delivery,Processing,"469 Eric Valley, Lake Elainefort, LA 08943",Bakerton,USA,40097,True
ORD000653,CUST9011,Fernando Moore,martinlisa@hotmail.com,2025-11-08 15:00:00,PROD880,Yet Watch,Sports,1,1347.05,0.12,44.76,1230.16,Credit Card,Returned,"2752 James Pike Apt. 930, North Dennis, OK 14631",East Natalie,Australia,30611,True
ORD000654,CUST6864,Craig Ortiz,grossdavid@yahoo.com,2025-10-03 00:57:00,PROD496,Step Shoes,Groceries,8,1346.13,0.11,40.64,9625.09,Cash on Delivery,Cancelled,"6279 Potter Island, Lake Brian, SD 49023",North Christian,India,23181,True
ORD000655,CUST6862,Morgan Hawkins,bjackson@gmail.com,2025-08-25 11:59:00,PROD296,Experience Laptop,Groceries,4,891.93,0.07,0.99,3318.97,Wallet,Shipped,"28471 Christopher Stravenue, East Dorothy, LA 07332",Brianchester,Australia,34441,False
ORD000656,CUST4425,Kimberly Blair,smay@morris-green.com,2026-02-18 22:14:00,PROD107,Prevent Shoes,Groceries,4,1960.34,0.29,1.84,5569.21,Cash on Delivery,Delivered,"0658 Amanda Mill, Port Erica, FL 44997",East Ericton,UK,77169,True
ORD000657,CUST3875,Grace Long,robin23@yahoo.com,2026-03-22 08:36:00,PROD166,Enjoy Phone,Fashion,9,990.55,0.17,32.99,7432.4,Cash on Delivery,Cancelled,"121 Christopher Causeway Apt. 878, East Heidiside, WA 81004",Lake Sabrinaland,India,60062,True
ORD000658,CUST1378,Shari Washington,carmengomez@bonilla.com,2025-05-13 18:54:00,PROD809,Piece Bag,Sports,4,1762.6,0.22,13.72,5513.03,Wallet,Returned,"1222 Dougherty Summit, Johnside, HI 21937",West Mercedesberg,Germany,19420,False
ORD000659,CUST5489,Christopher Shelton,mhorn@gmail.com,2025-01-02 13:41:00,PROD224,Sister Bag,Sports,1,1708.45,0.1,42.22,1579.82,Net Banking,Delivered,"44470 Shaw Path, Romeroshire, AL 36016",Smithburgh,UK,01854,False
ORD000660,CUST1084,Lisa Gray,salazarnancy@gmail.com,2025-09-22 01:56:00,PROD501,Store Shoes,Home,4,98.69,0.28,26.62,310.85,Credit Card,Shipped,"9266 Ernest Wells Suite 634, South Samantha, MD 22848",West Ashley,Canada,02799,True
ORD000661,CUST6092,Stephen Bailey,lisaanderson@wood.org,2026-01-13 07:44:00,PROD164,Feeling Bag,Beauty,7,1915.76,0.28,9.84,9665.27,Credit Card,Shipped,"3029 Stewart Shores Suite 363, Barnettberg, MT 23092",Elizabethburgh,India,06103,False
ORD000662,CUST1891,Billy Alvarado,colton31@pena.com,2025-08-10 00:37:00,PROD941,Explain Book,Sports,6,1681.81,0.07,23.68,9408.18,Debit Card,Shipped,"211 Melissa Court, Port Charles, LA 67526",Lake Nathanberg,India,57575,False
ORD000663,CUST7183,Kimberly Esparza,garciabrandi@hotmail.com,2026-01-27 03:40:00,PROD420,General Chair,Beauty,8,1159.97,0.03,3.03,9004.4,Credit Card,Pending,"4420 Laura Fall, Ramoshaven, IA 41615",Kimberlyfurt,USA,84099,True
ORD000664,CUST1855,Tracy Ross,larsonjennifer@gmail.com,2026-04-16 14:03:00,PROD401,Fine Chair,Books,5,1223.42,0.13,5.09,5326.97,Net Banking,Pending,"262 Charles Falls, West Hannahton, GA 80682",Amandaville,India,37385,False
ORD000665,CUST2659,Teresa Stark,ruizchristina@bryan.org,2025-04-30 19:50:00,PROD447,Poor Bag,Beauty,10,26.16,0.12,39.76,269.97,Credit Card,Cancelled,"812 Daniel Plaza Apt. 036, Ortizburgh, AL 08678",West Sharonburgh,UK,71180,False
ORD000666,CUST3064,Joshua Lopez,morrisbrandon@nelson.com,2025-10-28 06:06:00,PROD752,Oil Phone,Home,2,29.52,0.21,29.64,76.28,UPI,Processing,"269 Donna Port Apt. 076, Martinmouth, NE 32491",East Megan,UK,27607,False
ORD000667,CUST8140,Kathryn Orozco,lisarussell@miller.net,2026-01-07 19:28:00,PROD625,While Bag,Groceries,3,490.09,0.24,3.02,1120.43,UPI,Shipped,"67136 Sanford Coves Apt. 132, East Rachel, PA 20470",Lake Amberhaven,Germany,96326,True
ORD000668,CUST3369,Hannah Lopez,wnguyen@everett.info,2025-03-17 15:19:00,PROD158,Mind Shoes,Sports,10,689.09,0.11,0.4,6133.3,Wallet,Cancelled,"5920 Melissa Via, Johnland, DC 61723",Huberville,India,60878,False
ORD000669,CUST8657,Melissa Gomez,amberevans@hotmail.com,2025-06-26 06:12:00,PROD714,Modern Bag,Home,4,1571.6,0.1,33.39,5691.15,Wallet,Returned,"266 Dominguez View, Fergusonburgh, MI 75834",East Marioborough,Canada,40877,False
ORD000670,CUST9125,Leslie Vance,mark94@graham.com,2025-11-12 09:26:00,PROD324,Various Laptop,Beauty,6,328.75,0.14,39.46,1735.81,Debit Card,Pending,"4729 Henderson Hollow, Port Samuelfurt, AK 74220",New Kimberlymouth,Australia,40739,True
ORD000671,CUST7158,Kathleen Hansen,ghill@gmail.com,2025-08-27 19:13:00,PROD310,Suffer Watch,Fashion,4,964.09,0.23,40.73,3010.13,Credit Card,Returned,"67347 Clark Street Apt. 649, West Kellytown, PA 22346",Liumouth,Germany,22901,True
ORD000672,CUST6896,Stephen Johnson,susanwilliams@yahoo.com,2025-02-07 11:01:00,PROD144,Figure Laptop,Fashion,9,234.8,0.09,9.72,1932.73,Debit Card,Cancelled,"82484 Meyer Trail, North Angela, OK 73317",Port Elizabeth,Germany,05894,True
ORD000673,CUST3884,Eric Briggs,vgreen@tran.com,2025-04-23 08:46:00,PROD963,Address Book,Electronics,3,682.94,0.17,8.93,1709.45,Credit Card,Pending,"0003 Erin Stravenue Suite 619, Deannatown, MI 51278",Coltonview,Australia,74600,True
ORD000674,CUST7100,Jeffrey Weaver,dcole@hotmail.com,2025-07-14 20:50:00,PROD776,Sort Shoes,Sports,2,680.07,0.06,22.81,1301.34,Wallet,Shipped,"187 Robert Row, North Danielborough, MN 90669",North Jerryport,UK,40217,True
ORD000675,CUST6209,Darlene Guzman,qwebb@blevins-hansen.biz,2025-03-02 04:56:00,PROD713,Tell Watch,Beauty,3,1590.82,0.06,18.91,4505.02,Debit Card,Shipped,"PSC 2406, Box 2215, APO AA 80622",Brennanberg,India,41844,True
ORD000676,CUST9327,Patricia Lopez,lynchmartin@frederick.com,2026-03-14 17:18:00,PROD698,Less Watch,Fashion,3,658.72,0.02,39.78,1976.42,Cash on Delivery,Processing,"4764 Cohen Islands Suite 939, Nguyenville, IN 70542",West Adam,India,11227,False
ORD000677,CUST7131,Donna Chandler,martinmaria@brown.com,2026-02-09 21:39:00,PROD610,Your Phone,Books,2,339.03,0.12,44.12,640.81,Debit Card,Cancelled,"732 Simpson Manors, Amandaside, IA 81436",Angelamouth,Germany,73133,False
ORD000678,CUST1599,Christopher Barnett,donald51@wilson-shaw.info,2025-09-27 22:30:00,PROD312,Home Shoes,Fashion,8,950.15,0.17,31.91,6340.91,Net Banking,Cancelled,"05080 Parker Course Suite 774, Thomasstad, IL 47244",West Samuel,USA,69828,False
ORD000679,CUST2388,Sarah Phillips,kellykevin@hotmail.com,2025-04-22 09:27:00,PROD237,Machine Chair,Electronics,7,1144.88,0.28,18.71,5788.91,UPI,Cancelled,"305 Tracy Place Apt. 331, South Christopher, CA 90728",East Margaret,UK,68811,False
ORD000680,CUST7700,Veronica Simmons,lhunter@jones.info,2025-04-28 18:02:00,PROD476,Debate Chair,Books,8,1026.96,0.1,22.56,7416.67,UPI,Delivered,"51521 Holt Lodge Suite 353, Burnetthaven, CT 67594",West Rogerfort,Germany,25141,False
ORD000681,CUST9220,Sean Crawford,knewton@hotmail.com,2025-01-13 05:28:00,PROD625,Table Phone,Beauty,4,534.92,0.02,45.07,2141.96,Credit Card,Shipped,"3362 Oneal Roads, Greenmouth, RI 77511",Lake Benjaminton,Germany,70266,True
ORD000682,CUST5096,Gina Perez,marissasutton@martin-padilla.net,2025-02-20 03:04:00,PROD409,Phone Bag,Groceries,6,81.37,0.06,9.83,468.76,Cash on Delivery,Shipped,"2464 Harvey Villages Suite 957, New Renee, WI 64762",Cynthiashire,Germany,46183,True
ORD000683,CUST7616,Beth Holmes,whitecharles@silva.com,2025-12-28 19:08:00,PROD515,Ten Chair,Sports,9,1825.2,0.0,14.97,16441.77,Cash on Delivery,Shipped,"971 Smith Isle, Ruthview, CT 35349",South Tyler,India,21456,False
ORD000684,CUST8773,Jeanne Mills,jessicalittle@rice.biz,2025-12-01 16:48:00,PROD339,Time Phone,Sports,3,1731.6,0.07,36.17,4867.33,Wallet,Processing,"397 Joshua Junction, Port Andrewshire, GA 14311",Mcdonaldton,UK,49050,False
ORD000685,CUST8372,Justin Coleman,jeffreymccormick@gmail.com,2025-06-24 02:20:00,PROD973,Production Phone,Electronics,4,860.44,0.28,20.88,-2498.95,UPI,Delivered,"880 Woodward Bridge Suite 326, Lake Julieville, IA 77111",North Johnside,USA,16970,True
ORD000686,CUST7974,Victoria Parker,david60@hotmail.com,2025-06-06 23:00:00,PROD802,Artist Chair,Books,8,1621.75,0.25,16.99,9747.49,Cash on Delivery,Delivered,"181 Justin Circle Apt. 437, South Chad, UT 70091",Harrisfurt,Canada,18832,False
ORD000687,CUST7404,Angela Vaughn,jasonallen@hotmail.com,2025-06-16 18:01:00,PROD490,As Shoes,Books,10,1571.79,0.28,7.68,11324.57,Credit Card,Shipped,"561 Chen Highway Suite 315, Hooverbury, NM 74962",West Michael,Canada,15664,False
ORD000688,CUST3808,Dylan Long,marybartlett@tucker-bryant.com,2025-04-07 15:06:00,PROD206,Off Bag,Sports,6,1141.18,0.14,44.74,5933.23,Debit Card,Pending,"0534 Adriana Lane Suite 416, North Patriciamouth, SC 27336",Amandaport,India,54187,False
ORD000689,CUST9591,Amanda Brooks,lopezann@taylor.com,2025-01-14 05:12:00,PROD171,Everything Watch,Electronics,2,1823.13,0.12,10.29,3219.0,UPI,Shipped,"62814 Rhodes Motorway Apt. 893, Lauratown, MT 75884",South Tylerview,Canada,91618,True
ORD000690,CUST8835,Sylvia Dalton,glenherrera@mays-hicks.com,2025-03-29 10:55:00,PROD860,Try Laptop,Books,7,785.26,0.3,6.46,3854.23,Debit Card,Delivered,"35872 Martinez Grove Apt. 068, Port Danielfurt, KY 94983",East Kevinborough,USA,77918,True
ORD000691,CUST9232,Kelly Brown,amyramos@hotmail.com,2025-06-08 13:52:00,PROD833,Her Bag,Books,8,321.77,0.17,15.52,2152.07,UPI,Processing,"USNS Oconnor, FPO AE 53546",Kathleenmouth,USA,02326,True
ORD000692,CUST9043,Anna Love,mcmahonmichael@petersen.com,2025-03-15 14:04:00,PROD571,Offer Watch,Sports,0,1211.67,0.07,16.44,7904.41,Credit Card,Cancelled,"4204 Diana Extension, North Cheryl, SD 47175",Murraytown,Australia,35697,True
ORD000693,CUST3869,Andrea Brown,cory32@yahoo.com,2025-05-28 20:56:00,PROD525,Hot Shoes,Fashion,8,696.83,0.25,39.62,4220.6,Wallet,Delivered,"Unit 3810 Box 9794, DPO AE 83638",East Karen,Australia,71802,False
ORD000694,CUST4927,Alyssa Cross,juliebird@hotmail.com,2025-08-23 12:58:00,PROD991,Investment Shoes,Home,3,1398.55,0.03,34.93,4104.71,Cash on Delivery,Pending,"1742 Keith Greens, East Robert, ND 82009",North Jamesfurt,Canada,69423,False
ORD000695,CUST7041,Michael Lewis,hernandezreginald@hotmail.com,2025-12-08 02:44:00,PROD178,Read Chair,Electronics,4,1817.93,0.12,38.09,6437.2,Wallet,Pending,"09536 Griffith Cliff, Jamesside, AK 01808",Stevenmouth,Germany,04436,False
ORD000696,CUST8567,Johnny Taylor,lindseyjavier@davis-goodwin.com,2025-08-19 05:16:00,PROD490,Real Book,Beauty,4,1014.6,0.14,3.66,3493.88,Net Banking,Returned,"13869 Julia Mountains, Lake Peterberg, DE 03771",Leslieview,USA,97950,False
ORD000697,CUST8942,Brian Crawford,wellsadam@torres-russell.com,2025-01-20 00:16:00,PROD572,Thank Laptop,Electronics,2,1419.65,0.04,33.51,2759.24,Wallet,Delivered,"2252 Deborah Bridge Apt. 523, Karinaberg, TN 96239",New Josephmouth,Australia,62689,True
ORD000698,CUST2646,Jamie Johnson,wmay@davis-leblanc.info,2026-01-01 14:08:00,PROD281,Issue Book,Electronics,8,1641.75,0.25,8.53,9859.03,Wallet,Pending,"480 Joseph Key Suite 985, South Benjaminville, OK 87980",West Stephanieside,Australia,76711,False
ORD000699,CUST1564,Ann Trujillo,jessica86@yahoo.com,2025-03-28 02:42:00,PROD791,Measure Phone,Fashion,1,1356.38,0.05,17.9,1306.46,Net Banking,Processing,"37600 Collins Green Apt. 837, New Danielton, LA 81727",North Samuel,Australia,06217,True
ORD000700,CUST6051,Kenneth Barber,ufranklin@anderson.com,2026-03-05 20:51:00,PROD554,Family Laptop,Sports,9,1283.82,0.21,44.85,9172.81,Credit Card,Delivered,"7082 Jeffrey Pines Suite 546, East Jennifer, GA 09141",East Julia,India,64944,False
ORD000701,CUST1457,Natalie Cline,aaron33@gmail.com,2026-01-28 06:59:00,PROD114,Ask Book,Groceries,4,752.42,0.07,4.57,2803.57,Debit Card,Delivered,"46739 Cheryl Alley Apt. 141, Yatestown, CO 50895",Port Jimmy,Australia,90352,True
ORD000702,CUST6286,Timothy Harmon MD,priceamber@hotmail.com,2025-04-23 03:51:00,PROD675,Great Bag,Fashion,3,1449.4,0.01,25.63,4330.35,Wallet,Shipped,"674 Sanchez Causeway, New Lisashire, KY 90193",East Ryan,USA,13186,False
ORD000703,CUST6181,Dana Griffin,floreseileen@brewer.com,2026-04-26 13:07:00,PROD112,Song Watch,Fashion,4,431.49,0.11,8.68,1544.78,Net Banking,Delivered,"03401 Harris Track Apt. 466, South Marcshire, PA 33319",Brandiview,USA,53509,True
ORD000704,CUST9185,Charles Brown,josephschneider@patrick.net,2025-12-03 08:41:00,PROD204,Whether Bag,Sports,10,741.12,0.02,10.93,7273.91,Wallet,Shipped,"38794 Edward Lock, North Alyssa, CA 65628",Haleyberg,USA,61786,False
ORD000705,CUST3177,Thomas Walsh,ocollins@forbes-smith.com,2026-05-07 03:38:00,PROD440,Begin Shoes,Beauty,6,1962.92,0.21,33.9,9338.14,Cash on Delivery,Returned,"285 Ana Spur, Maysburgh, SC 43409",Anneport,Germany,87737,False
ORD000706,CUST4808,Jennifer Ware,oguzman@baker.com,2025-02-04 10:01:00,PROD615,Arm Phone,Beauty,10,1824.65,0.13,25.55,15900.0,Credit Card,Returned,"271 Christopher Summit, East Tonya, OK 96839",Jonesland,USA,16897,True
ORD000707,CUST3253,Tanner Potts,jimenezruben@yahoo.com,2025-11-12 03:19:00,PROD483,Door Watch,Home,4,1477.14,0.23,30.99,4580.58,Debit Card,Pending,"USNV Collins, FPO AP 06530",Dianaberg,USA,58147,False
ORD000708,CUST6385,Daniel Walters,rodriguezchristopher@gmail.com,2025-04-15 20:02:00,PROD237,Account Book,Home,4,1847.2,0.18,47.29,6106.11,Cash on Delivery,Returned,"472 Young Point, Millerchester, GA 21889",Katherineberg,India,60643,False
ORD000709,CUST9836,Catherine Chavez,tboone@donovan-frederick.biz,2025-11-28 09:48:00,PROD155,Claim Bag,Fashion,1,461.87,0.22,17.14,377.4,Cash on Delivery,Processing,"97687 Tyler Hill Suite 712, Lake Jaredtown, MT 14768",Vincentfort,Australia,39997,True
ORD000710,CUST2146,Beth Edwards,kyleparker@yahoo.com,2025-11-08 12:33:00,PROD297,Unit Laptop,Beauty,6,371.17,0.19,3.23,1807.12,Debit Card,Delivered,"212 Matthew Route Suite 495, West Jonathan, HI 02754",Kellerview,USA,37601,True
ORD000711,CUST7983,Anita Martinez,amymiller@gmail.com,2025-02-16 05:37:00,PROD842,Major Watch,Home,9,1663.29,0.28,11.82,10789.94,Debit Card,Pending,"43594 Jennifer Pines Suite 968, South Richardtown, CT 13707",East Christopherstad,Australia,41264,True
ORD000712,CUST4299,Paul Miller,michellewilson@williams-carr.net,2025-05-06 13:11:00,PROD378,Language Chair,Groceries,10,501.69,0.09,22.41,4587.79,Net Banking,Returned,"2186 Vanessa Flats, North Yvonne, CT 78446",Pierceshire,India,82145,False
ORD000713,CUST8897,Tina Miller,maysjason@yahoo.com,2025-07-23 12:10:00,PROD120,Tax Chair,Books,8,885.55,0.15,36.75,6058.49,Net Banking,Processing,"719 Gill Point, Williamsville, SC 99810",Hensonberg,India,47002,False
ORD000714,CUST5640,Lisa Potter,corey47@murphy.com,2025-11-01 17:09:00,PROD484,Ball Phone,Sports,9,1454.66,0.08,23.18,12067.76,Net Banking,Delivered,"3582 Andrew Expressway Suite 807, Port Taylor, AR 94225",South Daniel,India,54961,False
ORD000715,CUST7131,Alexander Vaughn,jdaugherty@english.org,2025-03-11 22:30:00,PROD603,Until Watch,Books,4,313.68,0.06,0.64,1180.08,Net Banking,Cancelled,"7718 Todd Villages Apt. 076, North Ianport, AL 88808",Kristenmouth,Australia,66102,False
ORD000716,CUST7304,Christopher Scott,laurentaylor@yahoo.com,2025-07-16 15:19:00,PROD679,Cultural Shoes,Fashion,10,147.11,0.27,49.62,1123.52,Net Banking,Pending,"9069 Arnold Vista, Greenfort, MS 58498",Carlville,Germany,32732,False
ORD000717,CUST5043,Vickie Huynh,morrisjill@kline-colon.biz,2025-09-18 22:31:00,PROD348,Baby Watch,Electronics,6,1394.43,0.2,46.33,6739.59,UPI,Returned,"35084 Julian Forest, New Amandabury, DC 38322",Wesleybury,Australia,03592,True
ORD000718,CUST5053,Thomas Rodgers,stewartjeremy@garcia.biz,2025-12-24 21:41:00,PROD716,Maybe Phone,Beauty,3,526.35,0.14,34.05,1392.03,Debit Card,Shipped,"463 Elizabeth Ridges Suite 348, North Aarontown, DE 36694",Fisherberg,India,64802,True
ORD000719,CUST4093,Rhonda Cobb,thomas85@garner-rocha.com,2026-01-30 02:41:00,PROD997,Certain Watch,Fashion,7,798.35,0.18,45.05,4627.58,Net Banking,Cancelled,"7512 Brittany Track, Huntermouth, KS 20786",Dickersonton,Germany,88508,False
ORD000720,CUST2456,Julia Perez,hernandezkristin@yahoo.com,2025-09-14 17:42:00,PROD211,Son Bag,Sports,7,1174.23,0.22,37.62,6448.92,UPI,Returned,"6772 Michael Mills Apt. 073, Port Vincentville, MS 35048",Schmidtbury,USA,63566,False
ORD000721,CUST1025,Amy Davis,tiffany80@gmail.com,2026-01-19 06:59:00,PROD199,View Laptop,Groceries,7,1399.52,0.0,8.42,9805.06,Cash on Delivery,Delivered,"8572 Williams Port, West Jordan, MO 90318",Zavalamouth,UK,24872,False
ORD000722,CUST8970,Sandra Shea,ipatterson@gmail.com,2025-12-02 09:46:00,PROD286,Like Phone,Electronics,7,345.42,0.11,35.2,2187.17,Net Banking,Processing,"327 Michele Squares Apt. 538, Alvarezberg, PA 16934",New Ryan,Canada,66554,True
ORD000723,CUST8220,Lisa Russell,zachary86@shelton.com,2025-04-06 06:03:00,PROD741,Star Phone,Electronics,3,1619.31,0.06,49.15,4615.6,Cash on Delivery,Delivered,"0892 Gonzalez Manor, West Caitlynmouth, KS 01658",Jamesmouth,USA,54436,True
ORD000724,CUST8949,Norman Porter,wpage@yahoo.com,2025-05-31 02:24:00,PROD788,Cold Chair,Electronics,2,557.14,0.1,29.28,1032.13,Credit Card,Delivered,"038 Thomas Falls, Clarkfurt, DC 60196",East Brian,India,23578,False
ORD000725,CUST7154,Mason Olson,huffmaria@eaton.info,2026-01-20 00:42:00,PROD717,Both Phone,Groceries,10,1579.47,0.01,10.55,15647.3,UPI,Pending,"2985 Keith Villages, Raybury, MN 23533",Port Rogershire,UK,01531,False
ORD000726,CUST4925,Scott White,juliecooley@norton.com,2026-01-23 10:38:00,PROD469,Create Bag,Books,7,676.42,0.2,17.15,3805.1,Net Banking,Shipped,"1068 Miranda Mission Suite 031, Bradshawmouth, WI 05657",Ginaton,Canada,38669,True
ORD000727,CUST3275,Christine Gutierrez,jonramirez@hotmail.com,2026-05-15 11:55:00,PROD126,Door Phone,Electronics,6,1613.51,0.0,43.53,9724.59,Wallet,Delivered,"94763 Amber Port Apt. 654, East Nicoleside, CT 92104",Lake Cassandra,Germany,17176,True
ORD000728,CUST6278,Christopher Chang,mooreashley@walker-pearson.com,2025-07-08 14:39:00,PROD117,Sport Bag,Home,8,1032.25,0.2,0.16,6606.56,Credit Card,Returned,"26676 Holloway Motorway Apt. 845, New Tracy, WA 82630",Andrewtown,Australia,66779,False
ORD000729,CUST8010,Jessica Cabrera,wchaney@yahoo.com,2025-12-14 14:14:00,PROD587,Throughout Bag,Groceries,10,971.65,0.22,39.7,7618.57,Cash on Delivery,Shipped,"80192 Gabriel Trail, West Kimberlyport, IA 81725",West Jonathonshire,India,05035,False
ORD000730,CUST9267,Carrie Moore,jamiesmith@sanchez.com,2025-05-31 19:12:00,PROD132,Class Shoes,Books,3,1740.37,0.26,39.24,3902.86,Credit Card,Returned,"0193 Campbell Underpass Apt. 369, Heatherborough, ID 99467",East Nancy,Germany,39107,False
ORD000731,CUST2465,Jennifer Martin,adrianmedina@yahoo.com,2025-03-28 14:07:00,PROD208,Organization Watch,Beauty,8,1326.97,0.07,10.58,9883.24,Credit Card,Returned,"24412 Sean Isle, Edwardsberg, DE 19197",South Richard,USA,10364,False
ORD000732,CUST3016,Mr. Jacob Moore,xwhite@davidson-knight.info,2026-04-08 12:49:00,PROD781,Guess Shoes,Sports,5,444.65,0.08,23.82,2069.21,Cash on Delivery,Returned,"226 Jones Forks, South Nathanfurt, NE 36423",Floreshaven,Australia,83018,False
ORD000733,CUST6623,Darlene Garcia,zamoraronald@stokes-perez.com,2025-02-16 22:21:00,PROD486,Own Bag,Beauty,4,1863.9,0.23,30.03,5770.84,Cash on Delivery,Returned,"2403 Janet Circles Suite 355, West Clintonborough, WI 18795",New Danielleport,Australia,31665,False
ORD000734,CUST2895,Amber York,qlittle@yahoo.com,2025-12-01 20:50:00,PROD397,Point Laptop,Electronics,9,1932.66,0.13,11.67,15144.4,Credit Card,Shipped,"Unit 5422 Box 1883, DPO AP 33842",Isabellaside,Germany,14848,True
ORD000735,CUST1027,Nancy Costa,bvasquez@yahoo.com,2026-01-17 03:36:00,PROD418,Protect Laptop,Sports,6,259.2,0.09,19.01,1434.24,Wallet,Returned,"32998 Gomez Knolls, East Matthewside, LA 57293",Brianhaven,USA,44219,False
ORD000736,CUST4639,Rachel Howard,teresaflores@page-woods.biz,2025-08-05 10:49:00,PROD209,Story Watch,Electronics,6,1596.05,0.28,6.32,6901.26,Wallet,Returned,"7292 Torres Forge Suite 519, Jacksonburgh, HI 46423",Port Danielburgh,UK,46725,False
ORD000737,CUST1562,Mary Reid,seth86@chapman.com,2025-03-16 09:53:00,PROD713,Race Book,Home,4,1002.17,0.14,30.07,3477.53,Wallet,Processing,"34149 Brooke Turnpike, New Jacquelinechester, GA 91415",Williamschester,Australia,52733,True
ORD000738,CUST1963,Thomas Snow,russell21@huff-holland.com,2025-05-21 22:36:00,PROD929,Series Book,Fashion,8,1264.0,0.06,14.57,9519.85,Cash on Delivery,Delivered,"19335 Amber Fall, East Kenneth, CO 11883",South Melissa,USA,91573,True
ORD000739,CUST3608,Vincent Huynh,ctucker@ross-ross.biz,2025-12-25 23:03:00,PROD122,Then Phone,Books,3,1714.27,0.22,14.96,4026.35,UPI,Returned,"2643 Smith Ports Suite 372, West Rodney, NE 86882",Port Jeffrey,UK,15092,False
ORD000740,CUST9978,Sean Gonzalez,smithsharon@hotmail.com,2025-06-28 12:25:00,PROD503,Event Laptop,Fashion,2,1058.05,0.08,34.82,1981.63,UPI,Processing,"4231 Bailey Viaduct, Darrenborough, HI 61308",Barrettfurt,Canada,69098,True
ORD000741,CUST5769,Trevor Shannon,ntrevino@munoz-white.com,2026-03-12 22:19:00,PROD248,Tell Shoes,Fashion,8,1310.99,0.17,22.09,8727.06,Cash on Delivery,Delivered,"75518 Smith Corners Suite 999, East Kevin, AZ 22612",Annmouth,USA,40825,True
ORD000742,CUST7997,Derek Mack,josephpatterson@flynn-mason.biz,2025-07-05 23:54:00,PROD795,Page Chair,Fashion,10,208.39,0.24,42.92,1626.68,Credit Card,Delivered,"54853 Wilkinson Dam, Hansenton, UT 61791",East Zachary,India,96700,False
ORD000743,CUST3434,Amy Smith,jeremy55@harmon-adams.com,2026-05-14 15:11:00,PROD742,Include Bag,Books,1,239.11,0.15,16.92,220.16,Debit Card,Delivered,"9900 Thomas Club, Emilyton, NM 85375",Mclaughlinport,India,29615,True
ORD000744,CUST2468,Tyler Mills,stephenfoster@yahoo.com,2025-05-04 12:31:00,PROD896,Beautiful Watch,Groceries,5,1377.53,0.29,32.64,4922.87,Cash on Delivery,Delivered,"564 Sweeney Curve Suite 368, West Donnaland, MN 68334",North Edwardfort,UK,91698,False
ORD000745,CUST9351,Ryan Smith,blake78@yahoo.com,2025-11-20 20:28:00,PROD330,Again Laptop,Sports,6,28.15,0.03,6.1,169.93,Wallet,Returned,"6605 Jeremy Gateway, Adamschester, NY 32698",North Randy,Canada,84991,False
ORD000746,CUST8105,Daniel Roth,kelleyderek@hotmail.com,2025-05-21 22:47:00,PROD405,Cover Phone,Fashion,2,1589.72,0.05,24.21,3044.68,Credit Card,Returned,"419 Kellie Mission Suite 538, Ericaton, NJ 98992",New Robert,Germany,40436,True
ORD000747,CUST9684,Caroline Robertson,ujohnson@hotmail.com,2026-01-01 17:11:00,PROD600,Future Laptop,Sports,7,1626.67,0.01,27.8,11300.62,Wallet,Cancelled,"221 Brown Rue Suite 186, Johnsonfurt, HI 08521",South Kathrynshire,Canada,89127,True
ORD000748,CUST8327,Alexis Lee,chambersashley@arias.biz,2026-01-21 06:42:00,PROD919,Scientist Book,Electronics,2,365.43,0.18,9.0,608.31,Credit Card,Cancelled,"71708 Short Inlet, Georgeshire, GA 04460",Lake Heather,USA,70698,True
ORD000749,CUST9292,Mary Compton,susanturner@guzman.org,2025-12-01 05:05:00,PROD405,Popular Book,Sports,9,517.24,0.23,4.23,3588.7,Debit Card,Pending,"Unit 7069 Box 2195, DPO AP 58066",North Micheal,UK,80095,True
ORD000750,CUST9035,Tina Nelson,lisaterry@hotmail.com,2025-05-08 09:02:00,PROD811,Resource Book,Sports,9,1809.72,0.09,26.71,14848.32,UPI,Processing,"8167 Paul Lane, Elizabethville, SD 69668",North Noahview,Canada,76643,True
ORD000751,CUST3198,Mary Valenzuela,aaron70@alvarez.com,2025-12-19 03:42:00,PROD716,Itself Phone,Fashion,1,478.02,0.06,14.99,464.33,Wallet,Processing,"0308 Zachary Way, South Erikberg, GA 79227",Pierceport,Germany,39710,False
ORD000752,CUST7554,Erika Potts,gthomas@riley.info,2025-03-07 23:39:00,PROD567,Program Laptop,Home,7,153.35,0.08,19.09,1006.66,Cash on Delivery,Processing,"8069 Jennifer Lights, East Laurenfurt, DC 02539",New Dennistown,UK,31972,True
ORD000753,CUST9379,Joy Reid,qlee@adams-nguyen.org,2025-10-02 06:04:00,PROD719,I Shoes,Books,5,1990.74,0.21,9.63,7873.05,Debit Card,Shipped,"458 Yoder Common, North Jill, TN 86713",West Francis,Germany,49513,False
ORD000754,CUST7664,Kyle Richards,stephenwright@arnold.org,2025-07-14 00:38:00,PROD167,Live Book,Beauty,4,159.66,0.04,5.5,618.59,Credit Card,Cancelled,"96702 Allen Island, Port Kathy, ME 06009",Michaelchester,Germany,34034,False
ORD000755,CUST7203,Angela Patel,kimberly40@gmail.com,2026-02-03 08:09:00,PROD207,Tv Chair,Electronics,4,550.93,0.03,48.97,2186.58,Debit Card,Processing,"821 Sawyer Port Suite 738, Joshuafurt, FL 26398",East Ronnie,Canada,50460,False
ORD000756,CUST2623,John Rowe,brenda25@hotmail.com,2025-10-29 15:06:00,PROD149,Force Shoes,Home,9,701.06,0.17,14.1,5251.02,Net Banking,Shipped,"220 Lopez Pine Suite 226, North Patrick, CA 59969",Thompsonstad,USA,49909,False
ORD000757,CUST3090,Leslie Preston,jasonwalton@woods.info,2026-02-17 23:43:00,PROD365,See Laptop,Beauty,9,1105.59,0.26,20.13,7383.36,Wallet,Cancelled,"6041 Jonathan Extensions, New Staceyview, PA 32878",West Jameshaven,Australia,98285,True
ORD000758,CUST7064,Phillip Miller,asmith@roberts.info,2025-12-03 04:09:00,PROD824,Wonder Chair,Fashion,7,1137.28,0.08,45.92,7370.0,Cash on Delivery,Returned,"3049 Jeff Crest, East Zacharyshire, MD 20464",Andersonshire,Canada,80834,False
ORD000759,CUST8008,Maria Wall,ernest24@gmail.com,2025-12-28 14:11:00,PROD633,Girl Bag,Groceries,8,1972.56,0.24,25.11,12018.27,Debit Card,Shipped,"82353 Ashley Oval, Pattersonville, KS 73730",Martinezshire,Germany,71961,True
ORD000760,CUST2534,Veronica Johnson,aferguson@gmail.com,2026-05-01 09:26:00,PROD269,Matter Phone,Electronics,6,1691.26,0.19,3.83,8223.35,Credit Card,Processing,"079 Ortiz Pine, Armstrongfort, WV 85912",Melissatown,Australia,41083,False
ORD000761,CUST3235,Todd Henry,louisbrandt@lee.biz,2025-10-11 15:51:00,PROD591,Bill Watch,Sports,1,1924.52,0.13,25.43,1699.76,Cash on Delivery,Returned,"7321 Ewing Keys Apt. 361, North Dwayne, RI 98046",New Jamesfort,Australia,25847,True
ORD000762,CUST9754,Andrew Evans,melissa44@mitchell-lynch.com,2025-07-27 00:39:00,PROD867,Minute Book,Fashion,4,1822.22,0.22,35.71,5721.04,Cash on Delivery,Returned,"862 Leslie Circles Apt. 765, Port Katherineland, NJ 83059",Lake Angelastad,Australia,12274,True
ORD000763,CUST9416,Mr. Matthew Shields,adamspatrick@yahoo.com,2025-11-07 14:10:00,PROD461,Although Laptop,Books,9,1808.08,0.05,18.35,15477.43,Net Banking,Processing,"580 Reed Streets, Lake Jillville, NV 34654",Jenniferfurt,UK,88198,True
ORD000764,CUST5901,Lance Wilson,lucaslori@gmail.com,2025-07-11 03:21:00,PROD594,Apply Book,Home,4,1664.29,0.26,42.89,4969.19,Debit Card,Shipped,"45418 Rollins Trace, New Sandra, ND 20110",North Linda,India,03664,False
ORD000765,CUST8999,Leah Long,allennathan@spencer.com,2025-04-22 09:59:00,PROD158,Receive Book,Electronics,9,1652.33,0.01,23.15,14745.41,Wallet,Cancelled,"65295 Tara Light, Heatherborough, IL 95184",West Jennifer,UK,17822,False
ORD000766,CUST2660,Timothy Jacobs,joseph08@hotmail.com,2025-06-02 11:06:00,PROD541,We Watch,Fashion,1,702.69,0.22,20.1,568.2,Credit Card,Pending,"0898 Riddle Canyon Apt. 019, New Maryport, IN 10837",East Erinberg,Canada,51592,True
ORD000767,CUST7477,Brent Medina,cooperlauren@gmail.com,2025-07-30 03:58:00,PROD483,Cultural Book,Home,8,18.79,0.23,12.51,128.26,Net Banking,Delivered,"604 Lindsey Spring, East Andrew, PA 62155",South Thomasview,USA,48127,False
ORD000768,CUST4251,Elizabeth Barber,samanthawoodard@wallace.com,2025-02-25 14:42:00,PROD213,In Shoes,Home,8,327.86,0.11,21.7,2356.06,Credit Card,Shipped,"394 Walter Oval Suite 626, East Mark, OK 49774",West Jessetown,USA,18571,False
ORD000769,CUST5354,Angela Nichols,nathanielhess@smith-meadows.net,2025-08-04 23:21:00,PROD221,Institution Watch,Books,1,324.82,0.06,23.96,329.29,Wallet,Returned,"3066 Ryan Branch, Bradleyhaven, SD 11999",Adamstown,UK,82269,True
ORD000770,CUST3548,Barbara Heath,mcneilbrian@young.com,2025-06-16 12:32:00,PROD452,Political Phone,Electronics,7,267.18,0.29,39.64,1367.52,Cash on Delivery,Processing,"375 Horton Lakes, Port Daniel, HI 51936",North Cindyside,USA,56912,True
ORD000771,CUST2353,Scott Ford,dorothy44@hotmail.com,2025-12-14 10:27:00,PROD879,Performance Watch,Fashion,10,1476.18,0.13,14.47,12857.24,Wallet,Delivered,"USS Flores, FPO AP 73486",Heathermouth,USA,30009,True
ORD000772,CUST4250,Becky Smith,wbailey@lewis.com,2025-05-08 08:49:00,PROD585,Information Bag,Groceries,2,1729.01,0.3,12.37,2432.98,Credit Card,Delivered,"Unit 2295 Box 2179, DPO AA 07360",Hollyfurt,Australia,02083,True
ORD000773,CUST3395,Robert Garcia,kylehenderson@yahoo.com,2025-04-07 18:40:00,PROD536,Action Laptop,Sports,3,462.62,0.04,1.92,1334.27,Debit Card,Processing,"6023 Marsh Circles, Williamtown, MN 26590",North Scottland,India,55965,True
ORD000774,CUST8851,Brandon Henderson MD,brooksharold@yahoo.com,2025-07-14 13:33:00,PROD162,Bad Phone,Books,5,1401.82,0.29,11.09,4987.55,Cash on Delivery,Delivered,"7940 Schmitt Street Suite 315, Silvamouth, NH 16637",Port Dawnhaven,India,84023,False
ORD000775,CUST3977,Jennifer Brandt,bcarpenter@yahoo.com,2025-02-26 08:23:00,PROD141,Important Laptop,Electronics,5,1886.28,0.21,12.35,7463.16,Cash on Delivery,Pending,"59748 Foster Avenue, Gloriaton, HI 32336",Abbottland,Australia,71550,False
ORD000776,CUST6956,Scott Shaffer,frankmorrison@burns-robinson.com,2025-04-19 09:30:00,PROD442,Road Book,Electronics,5,1817.42,0.03,9.24,8823.73,Credit Card,Delivered,"23964 Williams Ways Apt. 532, Donovanmouth, RI 78323",West Frederick,Australia,62550,True
ORD000777,CUST9664,Lisa Fletcher,denise02@parks.org,2025-12-16 17:49:00,PROD719,Between Book,Fashion,3,665.77,0.22,18.07,1575.97,Cash on Delivery,Cancelled,"69332 Carter Forest, Troyland, OR 69349",New Albert,Germany,88668,True
ORD000778,CUST4120,Dr. Scott Murphy,david60@yahoo.com,2025-10-27 12:05:00,PROD297,Game Bag,Books,2,265.32,0.22,6.02,419.92,Credit Card,Cancelled,"83100 Kramer Gardens, Lake Eric, WV 57189",East Trevor,India,61769,False
ORD000779,CUST5137,Dalton Jones,tmorales@mendoza.com,2025-06-04 23:30:00,PROD998,Open Chair,Groceries,4,1069.45,0.05,6.39,4070.3,Wallet,Delivered,"0595 Claire Underpass, Derekport, VA 05428",Moodyport,Germany,95911,False
ORD000780,CUST1358,Steven Nelson,xharrington@hotmail.com,2025-08-18 20:45:00,PROD270,Computer Phone,Home,2,1822.14,0.02,20.95,3592.34,Cash on Delivery,Cancelled,"59062 Megan Gardens Suite 385, Wareview, VA 09803",Ashleyview,USA,41796,False
ORD000781,CUST2228,Maria Clark,igoodman@ramirez.com,2025-01-24 18:03:00,PROD269,Place Watch,Groceries,4,1482.73,0.12,34.23,5253.44,Wallet,Cancelled,"PSC 8609, Box 9550, APO AA 78779",East Madison,UK,57716,False
ORD000782,CUST1145,Cameron Mcgee,ggarcia@gmail.com,2025-07-25 19:17:00,PROD909,Serious Phone,Books,4,372.21,0.05,10.89,1425.29,Wallet,Returned,"159 Hart Junction, West Allen, CA 24415",Kimburgh,Australia,18519,False
ORD000783,CUST5781,Ruth Stanton,oevans@gmail.com,2025-06-05 07:18:00,PROD140,Growth Bag,Fashion,5,1106.54,0.05,2.28,5258.35,UPI,Processing,"871 Regina Crossroad Apt. 788, Brownside, LA 09334",Boydfurt,USA,91927,False
ORD000784,CUST6692,Nicholas Wolfe,richard79@hotmail.com,2026-03-24 01:41:00,PROD747,Not Phone,Home,4,1979.12,0.06,5.81,7447.3,UPI,Returned,"Unit 4605 Box 8679, DPO AA 74867",Leeside,India,32147,False
ORD000785,CUST6824,Selena Hodge,jamesbrock@gmail.com,2026-01-05 04:26:00,PROD324,Those Bag,Home,10,593.32,0.3,31.3,4184.54,Debit Card,Pending,"1662 Corey Islands, Rachelmouth, NY 53762",Markhaven,Germany,52745,True
ORD000786,CUST5216,Paul Howard,cory24@yahoo.com,2025-10-03 21:55:00,PROD990,Lawyer Bag,Beauty,10,217.35,0.22,19.1,1714.43,Wallet,Returned,"68758 Stokes Walks, West Felicia, CA 54859",Gomezmouth,Canada,14461,True
ORD000787,CUST3550,Steven Hensley,carrillobrianna@yahoo.com,2026-02-23 14:14:00,PROD556,Worker Shoes,Beauty,6,541.24,0.17,40.39,2735.77,Cash on Delivery,Delivered,"38686 William Fort, Loriton, CA 59828",East Rickyton,UK,82055,False
ORD000788,CUST9036,Timothy Moore,cbrown@cook.net,2025-03-17 15:05:00,PROD846,Dog Shoes,Beauty,8,367.12,0.06,43.12,2803.86,UPI,Processing,"134 Brandy Meadows Apt. 979, Parrishshire, NM 18186",Matthewberg,India,73277,False
ORD000789,CUST5018,Daniel Price,evansrobin@yahoo.com,2025-03-25 05:52:00,PROD565,Democratic Bag,Books,7,1376.3,0.06,7.18,9063.23,Credit Card,Delivered,"748 Ashley Parks Apt. 940, Breannaside, DC 86728",Smithview,Australia,35925,True
ORD000790,CUST1716,Shane Gates,gomezalyssa@cook.org,2026-01-08 00:38:00,PROD235,Thought Shoes,Groceries,2,758.86,0.01,41.33,1543.87,Credit Card,Returned,"42031 Ortega Mountains Suite 867, Chelseaville, ME 09242",Rojashaven,Germany,95087,True
ORD000791,CUST6544,Aaron Boyd,kristin86@robertson.biz,2026-04-26 20:38:00,PROD973,Cold Bag,Electronics,1,1585.84,0.0,39.58,1625.42,Debit Card,Cancelled,"60586 Martin Manor, Carterhaven, CT 58625",Lake Aaron,USA,53304,False
ORD000792,CUST1915,Kevin Sandoval,christopher81@fernandez-hernandez.com,2026-01-24 18:57:00,PROD656,Various Bag,Home,8,1631.85,0.09,23.95,11903.82,Cash on Delivery,Processing,"9469 Sarah Drives Apt. 272, Lake Thomas, RI 66376",East Nicolebury,Canada,62304,True
ORD000793,CUST1019,Laura Johnson,madison87@gmail.com,2025-01-11 01:06:00,PROD329,Remain Laptop,Fashion,9,596.99,0.15,41.82,4608.79,Net Banking,Processing,"7954 Courtney Mills Suite 755, New Alicia, ND 71383",Port Shaunborough,UK,61157,True
ORD000794,CUST2841,Heather Brown,grantkevin@hotmail.com,2025-06-30 20:18:00,PROD603,Politics Shoes,Electronics,4,1843.77,0.21,34.34,5860.65,Debit Card,Returned,"68384 Jenkins Pine Apt. 207, Millerbury, MO 89794",East Dannytown,India,83343,False
ORD000795,CUST3475,Nancy Payne,sarahholland@mills.com,2025-07-02 02:39:00,PROD282,Much Watch,Sports,6,241.11,0.28,45.99,1087.59,UPI,Pending,"706 Espinoza Vista, Port Davidmouth, DC 29264",Maxwellshire,Canada,73224,True
ORD000796,CUST9179,Juan Barry,rebecca86@torres.com,2025-12-14 13:09:00,PROD777,Sell Book,Home,5,1251.39,0.09,43.77,5737.59,Cash on Delivery,Shipped,"5789 Atkins Tunnel Apt. 355, Smithfort, IA 97459",Port Georgeborough,India,13627,True
ORD000797,CUST2102,Gerald Williams,clowe@yahoo.com,2026-03-18 04:49:00,PROD215,Care Phone,Books,3,643.91,0.12,36.07,1735.99,Cash on Delivery,Delivered,"938 Page Harbors Suite 045, North Teresa, CA 40945",Tapiaville,Germany,99138,True
ORD000798,CUST7782,Darrell Wong,gonzalezamanda@yahoo.com,2025-02-16 10:08:00,PROD716,Build Chair,Beauty,3,1536.23,0.11,24.71,4126.44,UPI,Delivered,"910 Johns Mission Suite 802, Lake Teresa, WI 82756",Michaelhaven,USA,38763,True
ORD000799,CUST7301,William Andrews,hermanveronica@yahoo.com,2025-07-16 13:35:00,PROD185,She Phone,Beauty,8,1079.8,0.15,26.81,7369.45,Net Banking,Processing,"16329 Castillo Trace Suite 831, Brandifort, NV 93092",New Renee,Canada,88235,True
ORD000800,CUST8764,Jeffrey Garcia,jennifertaylor@gmail.com,2025-12-26 02:15:00,PROD236,Glass Laptop,Electronics,6,10.72,0.3,0.86,45.88,UPI,Cancelled,"233 Kevin Lane Suite 185, Amandashire, MS 03642",Lozanoport,Germany,38726,True
ORD000801,CUST1915,Sarah Fletcher,jessicareed@hotmail.com,2025-05-31 14:09:00,PROD864,Page Shoes,Electronics,9,1943.78,0.27,12.12,12782.75,Cash on Delivery,Processing,"174 Roger Mills Apt. 502, North William, MO 74496",Lake Maryport,Australia,13461,True
ORD000802,CUST8812,Phillip Monroe,dhale@hotmail.com,2025-07-13 23:01:00,PROD957,Performance Phone,Groceries,7,746.51,0.21,33.14,4161.34,Debit Card,Pending,"774 Jill Crossroad, New Richard, SC 32137",Port Sarah,India,20366,True
ORD000803,CUST3988,Samuel Bailey,lmann@grant.biz,2025-07-07 04:05:00,PROD581,Huge Bag,Fashion,4,158.75,0.17,40.69,567.74,Cash on Delivery,Processing,"666 Cisneros Alley, West Julie, IA 36923",Port Stephanie,Canada,04704,False
ORD000804,CUST3554,Samuel Anderson,christina80@yoder.info,2025-08-29 13:46:00,PROD161,Land Bag,Electronics,6,890.73,0.19,0.66,4329.61,Wallet,Pending,"5901 Lin Ridges Apt. 524, Lisaville, LA 04027",East John,USA,46436,True
ORD000805,CUST9222,Eric Foster,ikeith@yahoo.com,2025-01-06 12:53:00,PROD413,Teach Bag,Fashion,7,1361.41,0.26,27.71,7079.81,Net Banking,Shipped,"72631 Moss Row Suite 955, Lake Ian, NV 49735",Lisaport,USA,80173,False
ORD000806,CUST1917,Daniel Garrison,kaufmanjulia@yahoo.com,2026-05-14 02:33:00,PROD324,Gun Watch,Fashion,7,1955.96,0.04,10.59,13154.64,Cash on Delivery,Cancelled,"4486 Taylor Place, New Aaron, WV 32115",North Johnny,Canada,47843,True
ORD000807,CUST1895,Nicholas Dominguez,mcarter@gmail.com,2026-02-23 22:29:00,PROD922,Help Book,Beauty,8,629.81,0.19,41.36,4122.53,Net Banking,Processing,"978 Lawrence Island Apt. 120, Alexismouth, IA 58279",Curtischester,USA,12921,False
ORD000808,CUST3666,Amber Rice,brownjennifer@hotmail.com,2025-02-25 03:04:00,PROD654,Media Laptop,Electronics,6,1208.36,0.25,1.4,5439.02,Debit Card,Shipped,"Unit 1439 Box 1511, DPO AA 30495",Olsonchester,Canada,22892,True
ORD000809,CUST1735,Theresa Smith,ndavis@sullivan.com,2026-01-23 09:12:00,PROD677,Give Chair,Books,9,407.44,0.28,12.02,2652.23,Credit Card,Pending,"8026 John Valleys, West Sheriburgh, WA 26214",South Arthurburgh,India,26091,False
ORD000810,CUST7400,Tyler Reynolds,renee05@gmail.com,2025-02-17 09:00:00,PROD843,Concern Book,Fashion,6,1504.6,0.29,25.01,6434.61,Cash on Delivery,Shipped,"42066 Johnson Island, West Luisshire, FL 03003",Port Richardbury,Australia,27476,True
ORD000811,CUST7260,Kelly Anderson,benjamin53@anderson.biz,2025-06-19 13:57:00,PROD588,Challenge Phone,Groceries,9,206.5,0.24,7.51,1419.97,Credit Card,Cancelled,"901 Katherine Glens, Jasonshire, ID 30362",West Hunter,Germany,50155,True
ORD000812,CUST3307,Audrey Lewis,matthew64@martinez-torres.net,2025-03-19 21:29:00,PROD887,Instead Bag,Fashion,2,1770.98,0.03,35.92,3471.62,Wallet,Processing,"760 Joseph Passage Suite 634, Lake Brian, OR 47242",South Karen,Canada,83948,False
ORD000813,CUST7350,Lori Camacho,dorothy85@howell.com,2025-08-18 04:21:00,PROD344,Interview Shoes,Sports,5,723.83,0.26,21.55,2699.72,Wallet,Returned,"2665 Hart Circles, Tonyfurt, MN 32782",New Sabrinachester,India,39841,True
ORD000814,CUST2428,John Riddle,richardperkins@moore-humphrey.com,2025-10-18 20:31:00,PROD610,Wind Laptop,Books,2,1610.43,0.04,43.52,3135.55,UPI,Cancelled,"535 Ann Square Suite 298, Julieberg, ID 93178",Snydershire,USA,20258,False
ORD000815,CUST5226,Gerald Miller,vtapia@hotmail.com,2025-03-24 02:17:00,PROD584,Officer Book,Groceries,10,729.84,0.03,8.96,7088.41,Net Banking,Delivered,"USNV Nelson, FPO AP 38068",Dunnhaven,Australia,98684,True
ORD000816,CUST3113,Michael Johnson,jcross@cunningham-lawrence.com,2026-04-27 03:36:00,PROD551,Power Book,Sports,8,83.99,0.26,20.05,517.27,Wallet,Cancelled,"1538 Craig Tunnel, Lake Steven, IA 03531",Drakefort,Germany,17645,False
ORD000817,CUST1934,John Martin,hillchristina@haley-mckee.com,2025-02-12 21:26:00,PROD858,Only Chair,Fashion,9,902.93,0.26,49.56,6063.07,Cash on Delivery,Pending,"PSC 6493, Box 1214, APO AA 26251",Kristamouth,Canada,52518,True
ORD000818,CUST8573,Marvin Massey,skirby@christensen-harris.com,2025-03-21 03:18:00,PROD785,Piece Laptop,Home,7,320.62,0.12,3.65,1978.67,Net Banking,Delivered,"994 Jason View, Williamland, DE 24293",Parkfurt,UK,94690,False
ORD000819,CUST7578,Joe Oliver,jenkinspamela@gmail.com,2025-02-25 02:11:00,PROD436,Discover Laptop,Home,2,1835.33,0.28,38.41,2681.29,UPI,Processing,"16125 Daniel Trail, New Carolyn, OR 04942",East Jeremyview,Canada,36139,False
ORD000820,CUST3384,Thomas Barnes,susanhill@gmail.com,2025-04-19 22:47:00,PROD755,Father Shoes,Home,8,233.08,0.14,27.25,1630.84,Wallet,Delivered,"01679 Benjamin Glen Apt. 160, Bethshire, TN 11384",North Melindaburgh,India,05567,False
ORD000821,CUST7929,Justin Keith,powellamy@gmail.com,2025-02-01 11:50:00,PROD376,Small Book,Beauty,7,1957.23,0.06,10.57,12889.14,Debit Card,Pending,"Unit 9903 Box 4213, DPO AA 66291",Kevinview,India,20939,True
ORD000822,CUST4507,Christine Gonzalez MD,tuckersheila@hotmail.com,2025-02-05 08:25:00,PROD785,Black Book,Fashion,2,600.18,0.21,43.56,-991.84,Credit Card,Cancelled,"15711 Wilson Wells Apt. 194, East Kevinmouth, AL 21678",West Christopherberg,India,70443,False
ORD000823,CUST3632,Mark Stewart,bartoncathy@yahoo.com,2025-06-25 09:10:00,PROD813,Maybe Watch,Home,4,701.81,0.13,23.77,2466.07,Cash on Delivery,Returned,"6463 John Turnpike Apt. 074, Lake Valerieville, OK 38022",East Darlene,Canada,16094,False
ORD000824,CUST6304,Shawn Jones,morajeff@jenkins.biz,2026-02-26 00:35:00,PROD780,Recently Chair,Beauty,10,401.13,0.22,28.92,3157.73,Cash on Delivery,Processing,"8455 Yesenia Extensions, Singhland, DC 83469",Justinland,Australia,93245,False
ORD000825,CUST7658,Joshua Bush,ronald94@hotmail.com,2025-01-08 04:57:00,PROD369,Over Phone,Beauty,8,1867.97,0.15,15.82,12718.02,Credit Card,Returned,"Unit 9300 Box 5195, DPO AA 59669",Sheilafurt,UK,27791,True
ORD000826,CUST9947,Richard Phillips,shaneramsey@moore-powell.com,2025-11-21 14:40:00,PROD892,Interview Shoes,Sports,10,199.4,0.07,48.95,1903.37,Net Banking,Delivered,"0700 Kelly Shoal Suite 130, Hickschester, HI 34668",Port Jackiemouth,USA,13949,False
ORD000827,CUST6029,April Little,dweaver@hotmail.com,2025-04-18 06:43:00,PROD614,Expert Chair,Groceries,10,1910.43,0.11,18.19,17021.02,Credit Card,Shipped,"Unit 1728 Box 2076, DPO AE 25689",North Michaelburgh,Australia,18851,False
ORD000828,CUST2857,Juan White,alexander47@cline-fox.com,2025-11-29 14:26:00,PROD280,Police Watch,Books,7,706.7,0.25,21.29,3731.47,UPI,Shipped,"04108 Chavez Unions Apt. 351, East Michaeltown, WI 41712",West Tammy,USA,58565,True
ORD000829,CUST2625,Carmen Day,moodysamuel@bowman.com,2025-10-05 13:24:00,PROD189,Might Chair,Groceries,5,1690.96,0.21,21.87,6701.16,Credit Card,Shipped,"783 David Plains, Port Charlesport, RI 38210",Johnland,India,80882,True
ORD000830,CUST8276,Peter Buchanan,keith86@roberts-stephenson.com,2025-11-12 13:06:00,PROD615,Oil Phone,Groceries,8,1501.14,0.19,27.24,9754.63,Credit Card,Returned,"889 Andrew Forges, Tylerside, VT 03769",South Angela,Australia,15627,False
ORD000831,CUST3038,Anne Holloway,sarah36@hotmail.com,2026-03-13 13:13:00,PROD459,Parent Chair,Books,4,1554.88,0.17,5.73,5167.93,Net Banking,Delivered,"557 Vargas Inlet Apt. 842, Port Robertchester, SC 06902",Michaelberg,Australia,68635,False
ORD000832,CUST7794,Kimberly Smith,pricerobert@hall.com,2025-01-04 11:50:00,PROD789,Life Shoes,Electronics,4,1017.58,0.08,32.93,3777.62,Net Banking,Shipped,"PSC 1652, Box 7613, APO AA 87517",West Brianaside,India,08180,True
ORD000833,CUST6490,Daniel Smith,timothyross@hotmail.com,2025-01-14 04:50:00,PROD274,College Phone,Books,6,1682.34,0.16,37.06,8516.05,Debit Card,Shipped,"4477 Marcus Wells Apt. 842, Lake Donald, HI 28365",Williamton,Canada,36402,False
ORD000834,CUST7396,Michael Parker,john69@gmail.com,2025-04-09 19:41:00,PROD845,Generation Shoes,Books,7,1657.96,0.24,28.89,8849.24,UPI,Processing,"4906 Mary Port Suite 024, West Shannon, WV 28405",Lake Drew,Canada,44795,True
ORD000835,CUST5263,Doris White,morrisamanda@fox.com,2025-08-12 07:06:00,PROD957,Far Phone,Fashion,3,1010.99,0.19,39.21,2495.92,UPI,Returned,"662 Scott Courts, Phillipsburgh, DC 17674",West Christophermouth,USA,71486,True
ORD000836,CUST9907,Cassandra Wilson,rachelreyes@wells.biz,2025-02-17 00:27:00,PROD180,Do Phone,Books,1,1259.64,0.18,1.39,1034.29,Credit Card,Returned,"Unit 5031 Box 3928, DPO AE 40093",Adrianberg,Australia,06410,True
ORD000837,CUST9772,Michael Williams,jasonmontgomery@munoz-miller.com,2025-08-21 20:40:00,PROD960,Able Shoes,Beauty,6,377.18,0.2,11.09,1821.55,Net Banking,Processing,"95616 Jack Junctions, Baldwinview, NM 08888",Michaelport,Germany,00823,True
ORD000838,CUST2817,Lauren Howell,aaronbauer@acosta-madden.com,2025-05-21 02:59:00,PROD570,Situation Phone,Electronics,3,1256.74,0.19,28.97,3082.85,Credit Card,Pending,"778 Justin Lane Suite 743, Smithville, LA 99714",Jamesville,USA,11023,False
ORD000839,CUST2649,Valerie Patterson,wmorgan@gmail.com,2025-05-15 05:05:00,PROD602,Reason Chair,Electronics,2,991.02,0.11,41.92,1805.94,Net Banking,Delivered,"20928 Lori Rue Suite 780, Bateston, DC 32732",Lake Danielfort,India,82560,False
ORD000840,CUST3639,Tammy Johnson,pharris@gmail.com,2026-05-07 20:04:00,PROD284,City Book,Electronics,4,1376.24,0.11,15.68,4915.09,Debit Card,Delivered,"85921 Nicholas Roads Suite 856, South Christopher, FL 79966",Jameston,Australia,04291,True
ORD000841,CUST5169,Danielle Greer,morganwarner@clark.biz,2025-03-02 10:22:00,PROD224,Guy Shoes,Sports,8,1989.86,0.18,0.25,13053.73,Credit Card,Cancelled,"9327 Garcia Shoals Apt. 765, West Paulahaven, AZ 12854",Port Joshuatown,Canada,51335,True
ORD000842,CUST6366,Carla Patterson,ryanglenn@gmail.com,2025-09-23 16:48:00,PROD241,Try Shoes,Electronics,3,436.53,0.11,44.93,1210.47,Cash on Delivery,Pending,"72455 Suzanne Gateway, Clementsstad, MO 41659",Austinchester,Australia,34603,True
ORD000843,CUST8652,Kayla Chapman,joshuapham@erickson-rivas.com,2025-05-18 08:30:00,PROD863,Food Chair,Books,4,1906.69,0.1,27.57,6891.65,Net Banking,Shipped,"0692 Murphy Place, Micheleberg, TX 07609",Cannonmouth,Canada,55274,False
ORD000844,CUST2685,Cassie Duffy,austinbreanna@gmail.com,2026-04-18 06:16:00,PROD697,Even Chair,Groceries,3,399.76,0.25,35.87,935.33,Wallet,,"12914 Melton Shoals Suite 022, West Patricia, OH 90884",West Reneefort,Germany,95271,True
ORD000845,CUST6222,Shannon Taylor,helen07@harris.org,2026-02-11 06:46:00,PROD737,Next Laptop,Sports,8,869.78,0.13,29.82,6083.49,Net Banking,Shipped,"8233 Brewer Drives Apt. 945, Lake Sandrafort, WI 96163",Smithborough,UK,53846,True
ORD000846,CUST7714,Megan Allison,adamjones@gmail.com,2025-10-18 11:23:00,PROD400,Use Phone,Groceries,2,901.56,0.27,47.9,1364.18,Cash on Delivery,Shipped,"08484 Paul Glen, East Victoria, NE 59661",Johnsonhaven,Canada,22309,False
ORD000847,CUST2190,Melissa Jacobs,terrypatrick@yahoo.com,2025-07-23 00:07:00,PROD320,Push Bag,Home,3,1619.04,0.13,9.3,4234.99,UPI,Processing,"9208 Stark Harbors Apt. 132, Christyland, OK 28701",Brendantown,USA,10651,False
ORD000848,CUST4811,Gary Myers,kristin80@hotmail.com,2025-03-04 00:20:00,PROD675,Understand Laptop,Books,1,1435.02,0.06,28.37,1377.29,UPI,Shipped,"4104 Joseph Circles, Richardhaven, CA 90561",Port Mark,Canada,68978,True
ORD000849,CUST2225,Ashley Robertson,ucollins@wagner-gonzalez.org,2025-09-27 06:06:00,PROD687,Purpose Bag,Books,9,559.71,0.18,44.17,4174.83,Cash on Delivery,Returned,"564 Rodriguez Ville Suite 840, New Benjaminmouth, TN 13963",Merritthaven,UK,91453,False
ORD000850,CUST7901,Michele Webb,xdavis@reilly.biz,2026-02-21 10:12:00,PROD222,Budget Laptop,Books,4,104.07,0.15,2.34,356.18,Debit Card,Shipped,"7598 Elizabeth Estate Suite 170, Michellemouth, IL 49643",West Michael,Canada,71164,False
ORD000851,CUST1076,Gregory Murphy,john33@douglas.com,2025-10-30 12:15:00,PROD572,Collection Book,Fashion,10,47.43,0.01,39.17,508.73,Net Banking,Cancelled,"77580 Erin Plains, Sarahchester, NM 79767",North Lisa,India,27029,True
ORD000852,CUST5500,Richard Peterson,wwhite@jordan-castro.com,2025-06-22 20:01:00,PROD424,Especially Chair,Home,2,942.44,0.25,20.75,1434.41,Net Banking,Shipped,"025 Nancy Land Suite 613, Port Amyborough, AL 70646",Martineztown,India,84244,False
ORD000853,CUST2989,Ronald Peters,eleon@gillespie-clements.com,2025-09-10 19:03:00,PROD963,Camera Book,Sports,7,600.4,0.3,24.67,2966.63,Credit Card,Returned,"52786 Aaron Rapids Apt. 071, North Brandon, VT 37025",East Kenneth,India,38546,True
ORD000854,CUST3788,Stephen Brandt MD,gduke@hotmail.com,2025-01-25 00:08:00,PROD190,They Shoes,Beauty,2,1987.11,0.26,36.21,2977.13,UPI,Processing,"PSC 6199, Box 7165, APO AP 80443",Baileyfurt,Canada,53275,True
ORD000855,CUST2229,Jennifer Williams,jamesmaxwell@gmail.com,2026-04-24 22:55:00,PROD370,Adult Book,Beauty,1,523.08,0.24,5.54,403.08,Wallet,Shipped,"24265 Kimberly Road Apt. 221, Port Jonathantown, AK 47928",Timothybury,UK,55726,False
ORD000856,CUST7771,Brian Vasquez,velezmark@park.com,2025-12-24 05:59:00,PROD752,Kind Watch,Beauty,3,1168.99,0.04,15.97,3382.66,Credit Card,Processing,"65893 Kirk Junction, Boyerborough, MD 38383",West Travis,Canada,12200,True
ORD000857,CUST2504,Ashley Duncan,meyerspatrick@hotmail.com,2025-10-23 15:42:00,PROD370,Mouth Chair,Home,8,1952.82,0.1,36.54,14096.84,Cash on Delivery,Processing,"PSC 6432, Box 0317, APO AP 18681",Hendersonberg,India,68454,False
ORD000858,CUST1215,James Cook,ssantiago@williams.com,2025-10-13 07:42:00,PROD786,Against Shoes,Books,4,1391.46,0.02,24.73,5479.25,Net Banking,Processing,"46051 Anita Junction, Jaredberg, DE 53014",Lake Brian,USA,85037,False
ORD000859,CUST8438,Christina Young,patrickmarquez@gmail.com,2025-02-23 10:13:00,PROD771,Task Shoes,Groceries,10,1524.4,0.15,15.67,12973.07,Wallet,Shipped,"09089 Cameron Mills, Lake Adamport, ND 06380",New Dawn,India,30731,True
ORD000860,CUST2124,Trevor Brown,howelljerry@mccarthy-schultz.biz,2025-04-23 11:24:00,PROD384,Language Watch,Fashion,8,1736.38,0.15,39.0,11846.38,Cash on Delivery,Processing,"2808 Donald Dam Suite 815, Kimberlyview, NH 00991",Rhondabury,Germany,10154,True
ORD000861,CUST5370,Sharon Davis DVM,alansalazar@spears-jacobs.org,2025-03-17 14:56:00,PROD129,Most Watch,Beauty,2,1491.33,0.07,44.7,2818.57,Wallet,Processing,"89142 Obrien Mountains, Quinnstad, AK 99783",South Lisachester,UK,63276,False
ORD000862,CUST8059,Annette Simpson,dominiquedaniels@gmail.com,2025-05-16 03:59:00,PROD620,Issue Book,Electronics,9,172.71,0.13,7.53,1359.85,Net Banking,Cancelled,"PSC 6885, Box 0162, APO AA 53128",New Erik,Germany,56221,False
ORD000863,CUST3894,Jeremy Rivas,sethsanders@mayo-nguyen.com,2025-02-20 01:41:00,PROD708,Oil Book,Sports,7,1465.34,0.13,14.7,8938.62,Wallet,Delivered,"PSC 9890, Box 7499, APO AE 42180",East Marcusfort,UK,63451,False
ORD000864,CUST5361,Jeffrey Villegas,jphillips@gmail.com,2025-02-25 21:03:00,PROD344,While Laptop,Sports,4,1918.15,0.07,2.66,7138.18,Credit Card,Pending,"0141 Rodriguez Tunnel, Riveraside, ID 75429",Port Donstad,Germany,52468,True
ORD000865,CUST5395,Brandon Patel,skinnerkyle@williams-marks.com,2026-03-28 19:44:00,PROD607,Staff Shoes,Fashion,0,786.86,0.03,36.7,5379.48,Debit Card,Returned,"4928 Hoffman Overpass, Danielleton, IN 84722",Port Donaldborough,Germany,02862,False
ORD000866,CUST6002,Nicholas Hernandez,schneiderpeter@johnson.com,2025-12-28 19:18:00,PROD973,Interest Bag,Fashion,1,193.01,0.15,35.02,199.08,Debit Card,Delivered,"22336 Lori Roads Apt. 620, Port Stephanieborough, DC 34799",South Denise,Germany,56006,True
ORD000867,CUST1341,Michael Andrews,terrencesparks@hotmail.com,2025-03-27 05:21:00,PROD281,Fight Book,Electronics,8,287.96,0.0,23.73,2327.41,Debit Card,Shipped,"Unit 5714 Box 4695, DPO AA 89405",Scottfurt,Australia,71640,True
ORD000868,CUST1284,Rachel Cox,shelby34@yahoo.com,2025-11-01 11:30:00,PROD680,Shake Bag,Home,10,7.01,0.26,23.63,75.5,Debit Card,Pending,"688 Gomez Well Apt. 483, Annabury, MI 86341",Sotochester,Canada,65319,True
ORD000869,CUST6747,William Gallegos,ericvalencia@yahoo.com,2026-01-22 04:49:00,PROD658,Material Book,Beauty,2,204.48,0.24,16.78,327.59,Net Banking,Delivered,"89432 Wise Ridge Apt. 443, Sheamouth, ND 04652",Andrewport,Germany,42329,False
ORD000870,CUST8935,Heather Le,richard20@ellis.com,2025-08-23 00:52:00,PROD215,Whose Book,Beauty,6,605.76,0.1,25.89,3296.99,Wallet,Returned,"Unit 9390 Box 7737, DPO AE 77871",Josephstad,Australia,87920,True
ORD000871,CUST8056,Melissa Allen,fishermatthew@rodriguez-johnson.com,2025-03-17 13:54:00,PROD468,Risk Shoes,Beauty,4,1320.44,0.04,24.89,5095.38,Credit Card,Processing,"5028 Larry Junctions, North Donald, PA 35211",Port Jeffrey,USA,64919,False
ORD000872,CUST3866,Sandra Rivera,rodriguezjohn@johnston-hill.com,2025-11-24 03:17:00,PROD371,Institution Bag,Home,9,1798.95,0.13,47.92,14133.7,UPI,Cancelled,"2866 Linda Key Apt. 085, Walkerborough, VT 89223",Michaelmouth,UK,11019,False
ORD000873,CUST3014,Peter Davila,mariomiller@winters.com,2026-04-29 08:19:00,PROD543,Someone Chair,Books,4,86.99,0.16,17.16,309.45,Wallet,Cancelled,"062 Lopez Vista Apt. 673, South John, DC 11887",Mariastad,Germany,55967,False
ORD000874,CUST3664,Pamela Burgess,nicole26@gmail.com,2025-02-26 00:31:00,PROD410,My Watch,Home,3,935.3,0.05,48.33,2713.93,Credit Card,Cancelled,"762 Brianna Circle, Duncanland, NE 32023",Port Meganmouth,Germany,10168,True
ORD000875,CUST8050,Johnny Brown,josephjennifer@hotmail.com,2025-08-21 01:13:00,PROD460,Notice Bag,Groceries,5,1651.81,0.04,24.42,7953.11,Credit Card,Pending,"673 Stacey Trace, West Kimberly, WI 70102",West Wayneland,India,86690,False
ORD000876,CUST3540,Christian Thomas,cevans@thomas.com,2025-03-12 11:56:00,PROD188,Employee Bag,Home,5,1571.6,0.15,47.93,6727.23,Debit Card,Cancelled,"5767 Catherine Circles Apt. 549, Lake Justinview, CO 68833",Lake Kevin,Australia,57632,True
ORD000877,CUST7328,Jacqueline Herman,jenningsmelissa@zavala.com,2025-08-10 18:58:00,PROD532,Full Watch,Electronics,2,585.15,0.01,46.65,1205.25,UPI,Processing,"917 Peter Tunnel, Lisamouth, GA 67247",Port Ronaldland,Germany,97971,False
ORD000878,CUST3223,Jonathan Perez,coreypierce@bradley-jones.com,2025-03-30 18:27:00,PROD526,Level Phone,Fashion,6,1609.74,0.04,38.38,9310.48,UPI,Shipped,"7105 Annette Springs Suite 707, Michaelland, ID 07903",Joshuaton,Germany,01857,True
ORD000879,CUST2573,Cassandra Anderson,annpeters@gmail.com,2025-06-02 18:59:00,PROD241,Very Phone,Books,8,1093.93,0.11,43.8,7832.58,Cash on Delivery,Delivered,"502 Shaw Mission Suite 030, Alanborough, MT 90264",Sheltonport,Germany,82477,False
ORD000880,CUST1432,Michael Thomas,williamspamela@hotmail.com,2025-08-28 11:27:00,PROD885,Red Watch,Electronics,8,843.91,0.12,1.38,5942.51,Debit Card,Cancelled,"05133 Brooks Courts, Eriktown, IA 70679",West Laura,Canada,23282,False
ORD000881,CUST1877,Joshua Gonzalez,umills@jenkins.net,2026-02-07 07:37:00,PROD873,Other Chair,Books,9,749.36,0.19,45.0,5507.83,Debit Card,Shipped,"736 Steven Pass, Deborahchester, HI 06552",North Michaelland,UK,34183,True
ORD000882,CUST6463,Ariel Williams,bryantryan@yahoo.com,2025-08-25 16:29:00,PROD708,Option Laptop,Groceries,1,173.89,0.08,49.31,209.29,UPI,Pending,"895 Henry Mount, New Nathanville, WI 77065",New Josephport,Canada,47923,False
ORD000883,CUST1868,Jack Jacobs,ycooper@greene.biz,2025-12-20 10:55:00,PROD818,Moment Shoes,Sports,1,247.28,0.18,25.54,228.31,Debit Card,Returned,"1886 Meghan Garden Suite 612, Hubbardfurt, NV 71791",North Nathan,Canada,65305,False
ORD000884,CUST8945,Brett Stephens,madeline02@hotmail.com,2025-03-11 07:57:00,PROD738,Challenge Bag,Fashion,3,605.28,0.09,49.46,1701.87,Credit Card,Pending,"614 Cobb Light Apt. 763, North Kenneth, DE 09888",Butlerville,India,90180,True
ORD000885,CUST9287,Mark Garcia,william19@mooney-mclaughlin.com,2025-03-20 19:56:00,PROD554,Very Watch,Electronics,2,1042.05,0.07,5.18,1943.39,Credit Card,Pending,"PSC 4704, Box 6568, APO AP 51291",Mcintoshborough,Germany,49968,False
ORD000886,CUST8194,Peggy Hall,amber79@perez.com,2025-09-05 05:52:00,PROD979,Southern Bag,Sports,4,1684.23,0.16,41.08,5700.09,Credit Card,Returned,"291 Timothy Centers, Riverabury, CA 06226",Brendanberg,UK,76392,True
ORD000887,CUST9956,Joshua Jackson,timothy83@miller.info,2025-11-22 00:11:00,PROD305,Same Watch,Books,3,1638.01,0.2,8.54,3939.76,UPI,Returned,"075 Fox Stream Suite 974, Weberton, GA 18172",South Davidview,Germany,72103,True
ORD000888,CUST8601,Rachel Travis,tranamanda@gmail.com,2026-05-07 18:31:00,PROD526,Yeah Chair,Books,6,1337.06,0.12,34.88,7094.56,Debit Card,Pending,"1735 Hensley Court, Gonzalezville, PA 60924",Marissamouth,India,23832,False
ORD000889,CUST8282,Nicole Garcia,jrobinson@hotmail.com,2025-08-23 03:36:00,PROD143,Avoid Book,Fashion,7,26.98,0.09,32.26,204.12,Net Banking,Returned,"999 Philip Expressway, North Kathryntown, CA 56340",Baileyburgh,Australia,15563,False
ORD000890,CUST9602,Robert Vazquez,langjohn@yahoo.com,2025-05-22 00:10:00,PROD499,Positive Phone,Electronics,6,1003.77,0.26,10.54,4467.28,Debit Card,Returned,"9004 John Spring Apt. 954, Zacharymouth, IN 45294",Mckeebury,Australia,89640,True
ORD000891,CUST5963,Laurie Blake,timothyramirez@robinson.com,2025-06-30 20:46:00,PROD503,Standard Laptop,Groceries,10,681.89,0.21,39.33,5426.26,Cash on Delivery,Shipped,"USNV Rodriguez, FPO AA 09641",West Angela,UK,09252,False
ORD000892,CUST5247,Sarah Leach,ldillon@gmail.com,2026-05-08 15:38:00,PROD232,Tell Bag,Home,3,1154.2,0.28,38.77,2531.84,Wallet,Cancelled,"360 Heather Locks, New Carmen, KS 13302",Lake Kendra,Canada,33490,False
ORD000893,CUST2581,Brandon Price,alaningram@harper-boyd.com,2025-10-27 19:53:00,PROD781,Stage Laptop,Books,7,139.8,0.01,36.64,1005.45,Cash on Delivery,Processing,"USS Curtis, FPO AA 91696",Michaelshire,UK,71067,False
ORD000894,CUST7882,Mark Melendez,jacquelinemurray@frank.com,2026-01-25 07:49:00,PROD165,Kid Laptop,Sports,4,215.34,0.26,36.41,673.82,UPI,Delivered,"33973 Chavez Neck, North Timothy, VT 39001",Lake Samanthaport,India,17881,True
ORD000895,CUST6261,Maria Moss,barkeralicia@hotmail.com,2026-03-10 23:04:00,PROD210,Drug Bag,Books,8,1527.89,0.18,42.03,10064.99,Net Banking,Processing,"3236 Parker Bridge, New Coryport, KY 22546",Kathleenside,USA,35988,True
ORD000896,CUST9659,William Johnson,lindseymolina@gmail.com,2025-04-11 08:31:00,PROD928,Save Chair,Fashion,8,1359.3,0.07,37.11,10150.3,Credit Card,Delivered,"5118 Sandoval Junction Suite 409, Dakotafort, ID 81896",East Taylormouth,Canada,41270,True
ORD000897,CUST9955,Brandi Roberson,romeromakayla@dalton-contreras.com,2025-11-19 21:06:00,PROD985,Agreement Laptop,Home,4,71.31,0.04,0.26,274.09,Debit Card,Delivered,"5942 Austin Extensions Apt. 766, Aguilarchester, HI 22505",Jesusside,Australia,50796,False
ORD000898,CUST2100,David Davenport,houstonlaura@martinez-valdez.com,2025-04-08 06:36:00,PROD549,Financial Watch,Beauty,8,1004.2,0.11,44.99,7194.89,Net Banking,Processing,"283 Ortiz Flats Suite 889, East Jonathan, MN 13939",Grahamview,India,96400,True
ORD000899,CUST1369,Jeffrey Stokes,justinluna@gmail.com,2025-03-07 16:19:00,PROD329,Identify Chair,Home,2,240.27,0.07,30.07,476.97,UPI,Shipped,"USNS Spencer, FPO AA 03230",Adamsmouth,UK,03346,False
ORD000900,CUST9192,Hannah Dickson,natasha70@gmail.com,2025-02-04 05:18:00,PROD419,Outside Watch,Sports,2,1071.18,0.07,25.89,2018.28,Credit Card,Cancelled,"5359 Mary Mountains Suite 504, Martinezside, ID 01094",Port Brittanyshire,Canada,45094,True
ORD000901,CUST6481,Joshua Herring,valerie96@bennett.org,2025-10-26 15:59:00,PROD883,Nothing Laptop,Fashion,5,1308.2,0.01,21.07,6496.66,Debit Card,Processing,"0617 Monica Way Suite 901, Christineland, AK 99947",Port Alexandra,Canada,94325,False
ORD000902,CUST1579,Joan Rogers,robert50@hotmail.com,2026-04-19 21:58:00,PROD454,Ground Laptop,Books,1,475.06,0.02,47.4,512.96,Wallet,Cancelled,"16744 James Square Apt. 596, Andrewview, WV 02681",Kimberlychester,Australia,93222,True
ORD000903,CUST4690,Tiffany Washington,taylorjennifer@yahoo.com,2026-03-31 17:30:00,PROD765,Wear Book,Books,3,544.66,0.01,1.78,1619.42,Net Banking,Cancelled,"78925 Martinez Bypass Apt. 503, Monicafort, WA 23101",Baxterport,Germany,67893,True
ORD000904,CUST1296,Andrea Jenkins PhD,katherinerussell@hotmail.com,2025-01-11 01:01:00,PROD665,Trouble Watch,Electronics,4,1070.7,0.26,34.1,3203.37,Net Banking,Returned,"58530 Andrew Common Apt. 789, Burkeland, RI 85504",North Katherine,UK,84741,True
ORD000905,CUST6763,Shannon Hernandez,ybell@yahoo.com,2025-08-09 22:27:00,PROD298,Anything Book,Books,9,279.85,0.13,44.86,2236.09,Credit Card,Shipped,"6203 Lewis Hollow Suite 394, Romerofurt, WA 94706",East Daniel,USA,09930,True
ORD000906,CUST1750,Brittany Walker,tdavis@hotmail.com,2025-02-17 18:00:00,PROD921,Week Laptop,Groceries,4,829.07,0.23,40.39,2593.93,Cash on Delivery,Cancelled,"74457 Mercado Extensions, Zamorafurt, MO 58762",Heatherhaven,USA,81012,True
ORD000907,CUST5001,Kristen Tanner,fbaker@yahoo.com,2025-02-09 01:08:00,PROD399,Position Shoes,Sports,8,365.28,0.01,17.48,2910.5,Net Banking,Returned,"348 Taylor Knoll Apt. 774, Port Kristenfort, NH 55537",Campbellview,UK,20200,True
ORD000908,CUST4609,Sean Fisher,parkersean@gmail.com,2025-12-03 02:04:00,PROD554,Fire Bag,Home,5,1877.05,0.06,35.26,8857.39,UPI,Shipped,"3309 Kristina Row Apt. 940, Watsonstad, NY 20163",Lake Kelly,Canada,35024,False
ORD000909,CUST1884,Joseph Benjamin,vdiaz@gmail.com,2026-03-21 20:15:00,PROD454,White Watch,Beauty,9,1786.49,0.1,27.07,14497.64,Wallet,Pending,"6000 Owens Walk, North Brianbury, ME 77166",Madisonland,UK,10811,False
ORD000910,CUST4453,Pamela Shaw,victoria18@gmail.com,2025-02-10 06:58:00,PROD225,Result Book,Beauty,3,1683.64,0.16,15.25,4258.02,Debit Card,Cancelled,"746 Jones Stream, Thomaschester, NY 84758",Dixontown,India,37288,True
ORD000911,CUST5554,Morgan Jenkins,jeansmith@yahoo.com,2025-12-24 14:41:00,PROD702,Seem Watch,Home,8,1906.32,0.01,41.82,15139.87,Credit Card,Shipped,"9950 Joshua Expressway Apt. 302, South Roberto, AK 41860",Marybury,India,82177,False
ORD000912,CUST4370,Carrie Moore,gomezjavier@gmail.com,2026-03-14 19:24:00,PROD488,Night Shoes,Beauty,8,42.6,0.11,22.2,325.51,Net Banking,Processing,"7473 Andrea Villages, West Shawnhaven, GA 34730",Evansport,Canada,17304,True
ORD000913,CUST5301,Garrett Baker,conradjulie@jackson.info,2025-12-05 09:02:00,PROD929,Quite Chair,Sports,9,1527.18,0.28,45.5,9941.63,Debit Card,Shipped,"86647 Turner Ford Apt. 351, North Donald, MN 26138",Rachelchester,India,42218,False
ORD000914,CUST7358,Angela Clark,heatherburns@hotmail.com,2026-01-07 19:27:00,PROD838,Generation Bag,Home,7,1566.31,0.28,37.62,7931.82,Wallet,Pending,"841 Teresa Plaza, Riverahaven, DE 49887",Reedburgh,UK,28698,False
ORD000915,CUST3160,Terri Davis,amanda91@snow.com,2025-10-21 23:36:00,PROD115,No Book,Groceries,9,523.9,0.29,23.37,3371.09,Cash on Delivery,Processing,"3429 Larry Estate Apt. 959, Garnerbury, AR 77522",East Bryanmouth,Germany,20782,True
ORD000916,CUST5104,Corey Davis,jennifer13@miller.com,2025-05-08 17:18:00,PROD901,Him Bag,Groceries,6,1144.31,0.01,13.71,6810.91,Wallet,Shipped,"53030 Phillips Mission, Patelville, AR 81325",Wardside,India,40226,True
ORD000917,CUST8207,Emily Bryant,karatorres@yahoo.com,2025-06-07 18:42:00,PROD109,Call Watch,Electronics,6,1672.82,0.25,22.19,7549.88,UPI,Pending,"912 Mcmillan Walks, Matthewton, ME 90211",New Samanthaville,UK,03503,True
ORD000918,CUST8216,Brian Neal,fvaughn@gmail.com,2025-07-29 01:37:00,PROD284,Artist Book,Groceries,2,556.51,0.18,15.7,928.38,UPI,Pending,"PSC 8224, Box 2168, APO AE 55210",East Gloria,Germany,83445,False
ORD000919,CUST1630,Heather Little,khouston@blevins-johnson.com,2025-03-07 07:40:00,PROD288,Program Bag,Sports,3,298.07,0.19,2.48,726.79,Net Banking,Pending,"005 Donald Union, Travisberg, SC 60252",Lake Jamesberg,Canada,04499,False
ORD000920,CUST1264,Matthew Ford,christina24@gmail.com,2025-01-22 17:45:00,PROD794,Only Chair,Groceries,4,126.32,0.21,12.95,412.12,UPI,Shipped,"95145 Rachel Valleys, West Ericahaven, SD 03524",Lake Stacie,Canada,52855,True
ORD000921,CUST4343,James Roberts,laceydecker@smith-logan.com,2025-11-04 07:22:00,PROD433,Various Phone,Home,2,159.57,0.13,25.55,303.2,Cash on Delivery,Processing,"9509 Jonathan Corner Suite 664, North Clayton, MA 82683",Ryanberg,UK,29409,True
ORD000922,CUST7686,Katherine Romero,sbailey@hotmail.com,2025-11-25 13:56:00,PROD767,Price Book,Books,5,290.44,0.1,39.41,1346.39,UPI,Shipped,"60622 Nicole Courts, New Patrick, NJ 77718",Elizabethmouth,Canada,10939,True
ORD000923,CUST4464,Lisa Lewis,markwolf@scott.com,2025-03-24 11:02:00,PROD927,Show Book,Sports,5,1860.97,0.27,1.28,6793.82,Cash on Delivery,Cancelled,"944 Brianna Terrace, West Steveshire, AR 47908",West Scott,Australia,74005,False
ORD000924,CUST2285,Ian Davis,dlewis@hotmail.com,2026-04-27 06:24:00,PROD179,Glass Shoes,Sports,10,70.04,0.22,19.05,565.36,Wallet,Returned,"670 Lin Trace, Briggshaven, WI 54747",Normanberg,Canada,78226,False
ORD000925,CUST8225,Holly Alvarado,aliciamartin@santana.com,2025-10-03 23:07:00,PROD424,Class Book,Fashion,9,1597.42,0.18,32.96,11821.92,Wallet,Cancelled,"68856 Maldonado Village, Washingtonchester, NM 66349",New Stacyview,Germany,42961,True
ORD000926,CUST4949,Colleen Beltran,mariah75@gmail.com,2025-06-18 07:51:00,PROD555,Base Bag,Books,6,465.63,0.09,48.62,2590.96,UPI,Returned,"75559 Sandra Squares, Hillmouth, CO 90394",Lake Daisyhaven,India,51064,False
ORD000927,CUST4764,Vickie Moore,kathleen19@hotmail.com,2025-10-14 16:04:00,PROD683,Mind Chair,Groceries,6,1308.39,0.18,22.45,6459.73,Debit Card,Delivered,"49655 Katrina Tunnel Suite 419, Alexanderchester, VA 01541",New Stephaniestad,Canada,97022,True
ORD000928,CUST6142,Catherine Conley,marymiller@hotmail.com,2026-02-02 13:43:00,PROD220,Generation Laptop,Books,10,1333.48,0.18,39.79,10974.33,Net Banking,Shipped,"42284 Kevin Shore, South Patrick, AR 74913",Ryanton,Canada,11355,True
ORD000929,CUST7858,Shelly Arellano,leonjames@yahoo.com,2025-10-22 15:40:00,PROD369,On Chair,Sports,4,1800.25,0.26,0.78,5329.52,Cash on Delivery,Pending,"73586 Hatfield Oval Apt. 554, Roberttown, IA 77279",South Blake,UK,57834,True
ORD000930,CUST9672,Mr. Paul Ewing,otaylor@curry-foster.com,2025-03-06 01:53:00,PROD497,Probably Watch,Home,7,52.74,0.05,3.65,354.37,Debit Card,Cancelled,"285 Wallace Road, Port Walter, AZ 22876",West Taraborough,UK,73518,True
ORD000931,CUST2765,Alejandro Crawford,ana12@yahoo.com,2025-12-31 09:07:00,PROD839,Court Laptop,Electronics,6,1795.37,0.27,29.57,7893.29,Cash on Delivery,Cancelled,"567 Roberts Locks, South Anntown, NJ 45510",Lake Kimberlyshire,Germany,91853,False
ORD000932,CUST3205,Ariel Wagner,ebrooks@gmail.com,2026-04-12 13:40:00,PROD851,Page Shoes,Beauty,8,1482.69,0.13,37.88,10357.4,Wallet,Returned,"1492 Harris Courts Suite 498, New Katherine, IA 68311",Elizabethfort,Canada,36167,True
ORD000933,CUST3895,Jeffrey Gray,olsonmichael@yahoo.com,2025-03-19 00:37:00,PROD620,Share Bag,Sports,10,742.9,0.19,18.97,6036.46,UPI,Delivered,"436 Sandoval Cove, Michelleshire, FL 95649",Port Branditon,India,64316,True
ORD000934,CUST5673,Travis Allen,jason97@martinez-williams.com,2025-06-02 15:21:00,PROD430,Break Watch,Home,1,1130.44,0.27,28.99,854.21,Debit Card,Delivered,"477 Katie Ridges Suite 314, Andersonstad, NH 66100",Richardville,USA,29762,True
ORD000935,CUST2629,Matthew Simon,cody85@hotmail.com,2026-02-21 23:56:00,PROD455,House Book,Fashion,4,863.92,0.08,43.98,3223.21,Credit Card,Shipped,"32855 Tran Village Suite 794, Coxhaven, SD 54081",Williamshaven,Germany,34906,False
ORD000936,CUST4795,Autumn Lee,jasonfitzgerald@turner.com,2025-09-07 14:14:00,PROD782,Enter Book,Fashion,3,580.52,0.28,49.44,1303.36,Credit Card,Pending,"147 Le Valley Apt. 418, Jennifershire, AZ 68422",South Sheila,USA,49372,True
ORD000937,CUST9001,Jennifer Martinez,charlotteprice@miller.org,2025-01-15 19:57:00,PROD952,Resource Chair,Electronics,1,1919.91,0.16,39.95,1652.67,UPI,Pending,"70679 Andrews Overpass, Haynesburgh, MD 41633",South Rebeccaberg,USA,14898,False
ORD000938,CUST2965,Holly Cochran,rwallace@gomez.biz,2026-04-28 18:27:00,PROD555,Message Watch,Books,8,1044.18,0.25,14.75,6279.83,UPI,Pending,"Unit 5589 Box 6070, DPO AA 17289",New Amanda,India,35902,True
ORD000939,CUST2218,Tracy Hall,mullinscheryl@gmail.com,2025-05-23 23:42:00,PROD434,Expert Shoes,Sports,2,1937.04,0.24,37.21,2981.51,UPI,Processing,"2749 Ryan Vista Apt. 579, Alexanderland, KY 68679",East Janetown,Germany,87558,False
ORD000940,CUST2645,Jesus Le,jbridges@gmail.com,2025-11-19 23:32:00,PROD822,In Chair,Sports,2,1415.09,0.09,46.24,2621.7,UPI,Delivered,"2637 Zimmerman Union, East Oliviahaven, NE 76951",North Lisaberg,USA,26207,True
ORD000941,CUST4205,Carol Baker,michelle61@richards.net,2026-05-01 20:40:00,PROD371,Out Watch,Fashion,1,495.6,0.18,43.61,450.0,Net Banking,Processing,"9465 Stuart Roads, Nicholasstad, IL 24207",Glendamouth,USA,37222,False
ORD000942,CUST8115,Billy Meyer,lewissandra@gmail.com,2025-05-25 04:12:00,PROD168,Much Watch,Sports,2,1901.91,0.26,37.47,2852.3,Wallet,Pending,"Unit 5203 Box 8819, DPO AE 58770",Palmerville,USA,70894,True
ORD000943,CUST8933,Diana Crawford,patrick22@shah.net,2025-01-20 13:44:00,PROD643,Either Bag,Fashion,5,1228.69,0.19,11.74,4987.93,UPI,Shipped,"0112 Jackson Fords Suite 030, Johnsfurt, LA 61936",Williamsshire,USA,01886,False
ORD000944,CUST2841,Mary Webb MD,vbennett@brooks.com,2025-12-09 15:31:00,PROD873,Provide Chair,Home,7,1197.7,0.16,14.77,7057.25,Net Banking,Processing,"2048 Hoffman Shoals, Dakotafurt, OK 29647",East Oliviaburgh,UK,51241,False
ORD000945,CUST7522,Martha Flynn,gmcdonald@hotmail.com,2025-05-07 21:27:00,PROD821,Position Shoes,Groceries,2,356.51,0.29,33.03,539.27,Net Banking,Shipped,"3906 Flynn Port, New Jenniferfort, AL 30577",Davidville,UK,92928,False
ORD000946,CUST1996,Joanne Brown,angelica13@holder-thomas.biz,2025-12-18 07:01:00,PROD675,Majority Chair,Home,5,539.51,0.06,42.55,2578.25,UPI,Delivered,"USCGC Ramirez, FPO AE 44031",North Carmen,Australia,84074,False
ORD000947,CUST4587,Monica Norman,richardsmith@gmail.com,2025-07-30 12:51:00,PROD447,Budget Bag,Groceries,8,853.27,0.08,2.73,6282.8,Credit Card,Delivered,"875 Robertson Divide, East Kendra, ND 30751",Jamesland,Germany,01059,False
ORD000948,CUST6401,Jerry Mcclure,castillomatthew@yahoo.com,2025-07-29 07:36:00,PROD232,Huge Phone,Sports,3,1074.35,0.23,5.52,2487.27,Credit Card,Cancelled,"02140 Edward Plains Apt. 319, Michaelshire, NJ 74722",East Matthewmouth,Australia,13603,True
ORD000949,CUST1806,Johnny Vincent DDS,reedvincent@barry.com,2026-02-15 12:05:00,PROD631,Carry Shoes,Home,6,1824.9,0.23,27.64,8458.68,Wallet,Returned,"51648 Kathleen Roads Suite 337, Hansenville, OH 59948",Ellischester,USA,08449,True
ORD000950,CUST4532,Douglas Collins,meganfowler@yahoo.com,2026-03-06 17:25:00,PROD666,Soon Bag,Fashion,4,583.92,0.05,18.69,2237.59,Credit Card,Delivered,"24967 Gaines Parks, Virginiamouth, WI 00543",Amyside,India,06161,True
ORD000951,CUST1397,Meredith Lucero,weavervicki@smith-peterson.com,2026-01-22 16:06:00,PROD335,Commercial Bag,Groceries,9,798.89,0.15,7.85,6119.36,Cash on Delivery,Shipped,"959 Lang Loop Apt. 110, Ashleyshire, MO 40697",Coxstad,USA,55332,True
ORD000952,CUST2391,Chris Cunningham,garrettvega@gmail.com,2025-05-20 23:07:00,PROD178,Fine Laptop,Sports,7,1312.28,0.04,37.03,8855.55,Cash on Delivery,Shipped,"039 Chelsea Green Suite 856, Port Ryanshire, PA 24355",Joneshaven,Australia,17830,False
ORD000953,CUST4183,Rachael Alvarez,czamora@hotmail.com,2025-01-11 00:47:00,PROD951,House Phone,Groceries,9,1211.72,0.05,36.79,10397.0,UPI,Delivered,"962 Walker Mountain, Lake Lindsey, CA 88329",North Staceybury,Germany,47371,False
ORD000954,CUST8723,Julian Barnes,russelltammy@hendricks.com,2025-09-20 23:01:00,PROD485,Return Book,Books,5,551.73,0.06,13.21,2606.34,Credit Card,Returned,"USNS Williams, FPO AE 28769",West Joshua,USA,03457,False
ORD000955,CUST9143,Robin Preston,jasmine06@hotmail.com,2025-10-15 08:30:00,PROD845,Guy Watch,Home,5,1815.79,0.16,12.23,7638.55,Wallet,Pending,"7865 Carol Course, New Matthew, VT 06865",Port Patrickview,Australia,33768,True
ORD000956,CUST2785,Samantha Rogers,john19@hotmail.com,2025-08-20 07:36:00,PROD758,Some Book,Home,1,797.71,0.07,18.49,760.36,Debit Card,Cancelled,"2554 Alyssa Avenue, Johnmouth, WV 40174",West Mason,Australia,04415,True
ORD000957,CUST7605,Scott Bean,ljohnson@gmail.com,2025-02-18 17:10:00,PROD731,Drop Chair,Books,4,1730.33,0.15,12.5,5895.62,Wallet,Processing,"13170 Christy Stravenue, Annchester, OR 76088",New Lisa,Australia,74669,True
ORD000958,CUST7660,Karen Gillespie,margaretlyons@yahoo.com,2025-01-31 15:16:00,PROD992,Suddenly Laptop,Home,7,626.35,0.1,7.53,3953.54,Cash on Delivery,Shipped,"562 Thomas Shores Suite 441, Smithborough, HI 71529",South Adammouth,USA,10800,False
ORD000959,CUST2334,Cassandra Freeman,hernandezandrew@hotmail.com,2025-10-07 15:20:00,PROD207,Collection Watch,Beauty,4,647.07,0.21,25.72,-2070.46,Credit Card,Returned,"75454 Raymond Pines, Harveyland, KY 53688",Andersonmouth,UK,42383,True
ORD000960,CUST1639,Alicia Davis,kbecker@king-jackson.com,2026-01-23 00:10:00,PROD534,Drug Watch,Fashion,9,1497.56,0.05,21.88,12826.02,Cash on Delivery,Pending,"78548 James Ports Suite 872, Lake Angela, ND 93197",South Brandonland,Canada,34529,False
ORD000961,CUST5441,William Hernandez,rwashington@alvarado.org,2025-03-13 23:55:00,PROD635,Protect Book,Sports,9,839.2,0.0,5.88,7558.68,UPI,Shipped,"0196 Lynch Vista, Caldwelltown, DC 46428",New Davidville,Canada,74209,True
ORD000962,CUST5116,Nathaniel Gomez,janetmontes@wilkinson-guerra.org,2025-03-14 09:33:00,PROD583,Radio Watch,Fashion,4,1606.61,0.29,18.56,4581.33,UPI,Cancelled,"582 Matthew Roads Suite 511, Kirbymouth, LA 79346",North Rebecca,Australia,61665,True
ORD000963,CUST1091,Timothy Turner,robin48@serrano-aguilar.com,2025-03-26 16:45:00,PROD419,Image Bag,Fashion,8,24.59,0.12,7.52,180.63,Debit Card,Pending,"831 Kevin Ports, Lunabury, SD 57418",Castilloview,Australia,39438,True
ORD000964,CUST4703,Eric Soto,cindy78@yahoo.com,2025-10-03 14:21:00,PROD453,Community Bag,Electronics,2,126.91,0.14,7.82,226.11,Debit Card,Shipped,"7156 Walker Path Apt. 299, Port Lindaview, SD 02960",Davidfort,Germany,76677,False
ORD000965,CUST9864,Tonya Sims,albert16@gomez.com,2026-02-25 13:37:00,PROD756,Until Bag,Fashion,5,737.71,0.23,46.72,2886.9,Credit Card,Cancelled,"225 Wheeler Bypass Apt. 693, New Kathleenview, SC 08188",Lake Martinmouth,Canada,32184,True
ORD000966,CUST7274,Michael Goodwin,randypruitt@henry-cline.biz,2025-02-22 23:13:00,PROD438,Owner Phone,Groceries,5,360.76,0.17,6.34,1503.49,Wallet,Cancelled,"Unit 0018 Box 4293, DPO AE 43749",Shaneport,Canada,21942,False
ORD000967,CUST4546,Joshua Allen,scohen@yahoo.com,2026-05-10 23:55:00,PROD193,Store Chair,Sports,10,1338.65,0.14,8.4,11520.79,Debit Card,Processing,"3902 Ryan Estates, Stevenbury, MD 01890",Lake Jamesshire,USA,02584,True
ORD000968,CUST7969,Michele Fields,megan61@hotmail.com,2025-09-01 00:20:00,PROD780,Forget Watch,Home,2,1792.43,0.02,25.59,3538.75,UPI,Delivered,"735 Green Center Suite 231, Harveyberg, VT 98795",Lake Ryanstad,Canada,35581,True
ORD000969,CUST6193,Courtney Gonzalez,rmatthews@nash-stevenson.org,2025-05-04 17:25:00,PROD643,Treatment Laptop,Sports,7,1548.97,0.21,17.75,8583.55,Debit Card,Cancelled,"87835 Gonzalez Views Apt. 330, Hallmouth, SC 89526",North Henry,USA,30647,False
ORD000970,CUST2970,Brian White,bmahoney@hotmail.com,2025-12-31 04:53:00,PROD671,Over Watch,Beauty,7,1123.17,0.15,39.45,6722.31,UPI,Returned,"720 Jerry Cape, Ruthfurt, DC 33077",West Cody,USA,04215,True
ORD000971,CUST4129,Mr. Travis Nguyen,brockstephanie@yahoo.com,2026-03-20 11:54:00,PROD491,Protect Book,Fashion,8,1542.64,0.1,21.2,11128.21,Cash on Delivery,Cancelled,"Unit 0422 Box 4564, DPO AE 10815",West Lisa,India,11983,True
ORD000972,CUST5157,David Owen,etownsend@davis.com,2025-08-15 11:33:00,PROD614,Well Laptop,Sports,4,16.2,0.09,4.71,63.68,UPI,Shipped,"494 Christina Well, Rodriguezfort, WV 41665",Tylerville,India,51924,False
ORD000973,CUST1498,David Benjamin,robert06@mcgee.com,2025-11-25 15:25:00,PROD983,Remain Bag,Books,1,1991.5,0.21,13.71,1587.0,Wallet,Pending,"635 Albert Tunnel Apt. 761, Bobberg, MD 80076",Masonstad,Australia,88010,False
ORD000974,CUST3509,Linda Murray,james36@durham.com,2025-09-09 05:30:00,PROD822,Skill Bag,Fashion,9,1615.82,0.01,1.44,14398.4,Debit Card,Returned,"01461 Jessica Rapid, South Mariah, NY 73543",New Brittneyton,India,37338,False
ORD000975,CUST5546,Stephanie Douglas,angelawilson@hotmail.com,2026-03-04 03:03:00,PROD973,Material Shoes,Beauty,8,1276.77,0.02,4.87,10014.75,Wallet,Cancelled,"85690 Burton Shore Suite 568, South Timothy, AZ 02077",Averyfort,Australia,21025,True
ORD000976,CUST7000,Misty Lucero,seth37@bell.com,2025-06-20 21:54:00,PROD628,Man Laptop,Beauty,6,1795.98,0.05,49.31,10286.4,Net Banking,Returned,"306 Farley Pike, Dakotaview, LA 80135",South Steven,UK,10912,True
ORD000977,CUST5514,John Elliott,urose@yahoo.com,2025-02-03 06:52:00,PROD723,Listen Shoes,Beauty,9,299.29,0.08,8.63,2486.75,Wallet,Pending,"1164 Jordan Keys Suite 634, Port Christopher, SC 86460",Clarkberg,UK,02631,True
ORD000978,CUST2410,Brandy Moreno,yrivera@gmail.com,2025-11-22 23:53:00,PROD679,Education Watch,Electronics,1,625.77,0.17,5.89,525.28,Credit Card,Delivered,"3031 Simpson Point Suite 192, Rodriguezport, NJ 88751",North Melissa,India,19319,True
ORD000979,CUST4563,Anthony Finley,manuel05@yahoo.com,2026-01-09 02:11:00,PROD753,Performance Book,Books,6,1184.34,0.29,38.34,5083.63,Credit Card,Pending,"Unit 8099 Box 8397, DPO AA 83220",Younghaven,Australia,63194,True
ORD000980,CUST5703,James Myers,laureningram@fox.com,2025-06-07 21:41:00,PROD282,Ahead Book,Fashion,4,1496.08,0.22,15.52,4683.29,Wallet,Delivered,"3529 Montgomery Fork, South Heatherview, NV 74968",Edwardsview,Germany,54674,False
ORD000981,CUST2514,Brittany Harvey,cory96@thomas.info,2025-04-26 06:17:00,PROD601,Star Book,Sports,4,358.34,0.09,34.88,1339.24,UPI,Shipped,"02230 Jeffrey Heights Apt. 567, Castanedaville, MN 10831",Aprilton,Germany,34893,False
ORD000982,CUST4451,Jose Fuller,chad66@mckinney.com,2026-03-01 20:43:00,PROD819,Director Watch,Home,3,78.28,0.25,19.28,195.41,Cash on Delivery,Cancelled,"844 Reid Bypass Suite 361, Donaldfurt, MD 72807",Kevinberg,Australia,02442,False
ORD000983,CUST4452,Robert Green,amanda63@jones.com,2025-04-17 10:44:00,PROD364,First Shoes,Books,9,1105.46,0.22,13.45,7773.78,UPI,Cancelled,"18026 Welch Valleys, West Kristinbury, OK 54078",South Christopherview,India,60033,True
ORD000984,CUST7191,Rachel Marks,olsenlinda@martinez.org,2025-09-22 21:40:00,PROD774,Character Phone,Electronics,3,953.04,0.14,16.15,2474.99,UPI,Cancelled,"8834 Tanya Forges Suite 141, Port Chad, DE 74211",West Alecmouth,Australia,11763,True
ORD000985,CUST4065,Crystal Edwards,qrusso@collins.com,2025-11-19 11:55:00,PROD466,Morning Book,Fashion,1,321.71,0.14,16.83,293.5,Net Banking,Pending,"406 Garcia Shore, Roseland, ID 14206",Lisastad,Canada,51583,True
ORD000986,CUST8759,John Potts,emurphy@adams.com,2026-01-21 00:28:00,PROD954,Doctor Shoes,Home,10,915.61,0.17,21.75,7621.31,Cash on Delivery,Delivered,"4999 Smith Forks Apt. 913, Adkinsport, HI 83086",Richmondland,Germany,01065,False
ORD000987,CUST2767,Alice Jackson,jesus18@gmail.com,2025-09-05 21:25:00,PROD531,Happen Watch,Groceries,5,85.06,0.28,11.72,317.94,UPI,Cancelled,"10108 Schneider Hill Suite 125, South Benjamin, AK 08553",Scotthaven,Canada,52930,False
ORD000988,CUST9586,Eric Hoffman,zachary70@hotmail.com,2025-10-31 00:10:00,PROD303,Employee Phone,Groceries,9,336.94,0.09,29.84,2789.38,Debit Card,Returned,"07701 Tucker Track, Lake Timothy, ME 78556",Port James,USA,05347,False
ORD000989,CUST3708,Brian Huynh,trodriguez@collier-haney.com,2026-02-08 01:05:00,PROD571,Power Laptop,Beauty,5,1586.76,0.04,17.31,7633.76,Debit Card,Delivered,"4415 Sweeney Manors, Ramirezbury, TN 87267",Elizabethchester,USA,92425,True
ORD000990,CUST3525,Jacqueline Martin,bparsons@acosta.com,2025-06-04 09:05:00,PROD801,What Phone,Groceries,3,476.19,0.06,4.51,1347.37,UPI,Processing,"9992 Sims Keys, Lake Paul, WA 80903",Hollandmouth,India,31349,False
ORD000991,CUST7165,Jesse Nixon,jbenson@yahoo.com,2025-03-23 11:06:00,PROD951,Move Watch,Beauty,8,1101.91,0.12,10.62,7768.07,Debit Card,Delivered,"85865 Mary Drives, Hopkinsfurt, NH 87504",West Jacquelinebury,India,36346,False
ORD000992,CUST7956,Rachel Kline,calexander@yahoo.com,2025-03-07 10:48:00,PROD711,According Watch,Sports,3,802.77,0.1,14.16,2181.64,Credit Card,Returned,"3579 David Stravenue, South Derektown, UT 77498",West Karen,Germany,52031,False
ORD000993,CUST6935,Daniel Watkins,garciakenneth@hotmail.com,2025-12-09 23:37:00,PROD448,Race Phone,Groceries,1,447.28,0.18,38.39,405.16,Credit Card,Shipped,"39342 Dominguez Courts Suite 692, Marcoton, AK 81914",South Traci,Canada,01430,False
ORD000994,CUST2521,Bobby Mullen,millermark@perry.info,2026-04-14 02:41:00,PROD447,Data Watch,Beauty,4,280.47,0.06,10.56,1065.13,Debit Card,Delivered,"981 Stacey Walk Apt. 008, Lake Kathryn, ME 87796",Collierton,UK,89682,True
ORD000995,CUST7524,Stacy Fletcher,randerson@gmail.com,2025-05-26 09:24:00,PROD798,Back Phone,Groceries,8,74.48,0.29,21.09,444.14,Credit Card,Processing,"177 Courtney Loop Suite 561, East Vanessa, NC 72190",East Andrew,UK,28461,True
ORD000996,CUST6226,Kelsey Riggs,castillobryan@hotmail.com,2025-06-27 21:46:00,PROD231,Product Phone,Sports,2,1313.46,0.12,40.35,2352.04,Net Banking,Processing,"Unit 3023 Box 6416, DPO AP 31792",Huntermouth,Australia,82509,False
ORD000997,CUST2899,Andrea Abbott,alexis32@gmail.com,2025-01-06 15:41:00,PROD718,Station Chair,Groceries,7,847.8,0.02,21.25,5837.16,Net Banking,Returned,"932 Taylor Place, Lake Linda, NH 13830",South Pamela,Canada,32010,False
ORD000998,CUST7947,David Singleton,sharonedwards@hotmail.com,2026-02-04 15:45:00,PROD644,Join Chair,Books,6,1689.12,0.29,5.58,7201.23,Cash on Delivery,Processing,"8436 Hunter Well Apt. 143, North Ronald, PA 93238",West Annafort,India,11664,True
ORD000999,CUST8125,Emily Bailey,khale@schmidt-hickman.com,2025-01-04 10:59:00,PROD149,Congress Watch,Home,10,519.38,0.15,30.73,4445.46,Credit Card,Delivered,"PSC 9120, Box 4637, APO AE 15735",Whitefurt,India,52309,False
ORD001000,CUST1385,Cindy Lee,nicholsadam@hotmail.com,2025-08-24 11:03:00,PROD655,Front Book,Fashion,10,1374.34,0.08,16.87,12660.8,UPI,Shipped,"3793 Davila Walk Suite 519, West Jennifer, TX 11686",North Timothyborough,Germany,51817,False
ORD001001,CUST9704,Joy Robinson,susanlong@hotmail.com,2025-01-09 14:20:00,PROD856,Major Watch,Fashion,5,1273.79,0.18,17.86,5240.4,Debit Card,Pending,"25842 Jared Underpass, New Bradleyfurt, AZ 97902",New Tamara,India,82850,True
ORD001002,CUST4999,Mark Taylor,suzanneroberson@gmail.com,2025-03-06 23:09:00,PROD945,Successful Chair,Beauty,8,865.05,0.08,48.59,6415.36,Wallet,Returned,"883 George Mill Apt. 654, Edwardtown, DC 01363",New Shanetown,Canada,72644,False
ORD001003,CUST7257,Joshua King,kmaldonado@austin-jordan.com,2025-01-21 02:20:00,PROD624,Professional Bag,Electronics,6,81.38,0.18,36.19,436.58,UPI,Pending,"95551 Andrew Lakes, North Williamport, ND 34046",East Ruben,Australia,23165,False
ORD001004,CUST8101,Anthony Clark,ptaylor@johnson-reese.net,2025-08-05 12:01:00,PROD219,During Chair,Fashion,3,1900.97,0.08,32.64,5279.32,Wallet,Pending,"424 Wendy Isle, New Danny, WI 75621",Port Sue,Germany,04450,False
ORD001005,CUST8158,Ashley Perry,davidlarsen@yahoo.com,2025-11-12 16:34:00,PROD381,Population Bag,Beauty,4,1390.04,0.01,28.67,5533.23,Debit Card,Processing,"403 Michele Glens Suite 441, South Coryfurt, OR 61358",North Ginaport,Germany,38531,True
ORD001006,CUST7788,Erin Johnson,burnskevin@hotmail.com,2025-11-06 12:58:00,PROD772,Young Shoes,Home,3,1358.03,0.08,20.36,3768.52,UPI,Pending,"092 Davis Knolls, West Lisachester, OK 92917",Garciaborough,UK,16513,False
ORD001007,CUST8547,Christopher Rivera,heatheranderson@walls.com,2025-02-19 07:14:00,PROD702,Lose Watch,Beauty,1,1419.47,0.07,30.57,1350.68,Wallet,Returned,"54047 Thompson Junctions Apt. 950, North Darrellmouth, GA 43050",Williamchester,Germany,24300,False
ORD001008,CUST9175,Michael Arnold,fwilliams@hill-matthews.com,2025-09-01 17:00:00,PROD315,Again Phone,Beauty,6,684.49,0.1,22.22,3718.47,Debit Card,Delivered,"809 Wilson Plains Suite 142, New Victoria, MN 92581",Susanport,Australia,87106,False
ORD001009,CUST2361,Linda White,anna75@yahoo.com,2025-05-11 12:02:00,PROD312,Mission Bag,Sports,10,1935.61,0.19,28.07,15706.51,UPI,Shipped,"37983 Jeanne Trace, Taylorberg, KS 43117",North Wendytown,Germany,72524,False
ORD001010,CUST8070,Stephanie Kelly,yatesdaniel@yahoo.com,2026-01-20 10:28:00,PROD525,Receive Chair,Electronics,8,63.98,0.19,8.34,422.93,UPI,Shipped,"PSC 2213, Box 3689, APO AA 08468",New Jamesmouth,Canada,57205,False
ORD001011,CUST7483,Andrea Powers,mcdanielsamantha@myers-rodriguez.com,2025-05-01 12:58:00,PROD323,Small Shoes,Electronics,9,267.74,0.18,42.48,2018.4,Wallet,Pending,"927 Cynthia Isle Suite 033, Goodmanhaven, MI 19576",Jessicaside,Germany,81080,True
ORD001012,CUST5569,Kayla Garcia,tanyamcdonald@hotmail.com,2026-03-19 05:49:00,PROD427,Eight Chair,Home,7,1102.39,0.11,10.89,6878.78,Cash on Delivery,Cancelled,"073 Matthews Ridges, Kimberlymouth, TX 84723",Mollyport,India,36821,False
ORD001013,CUST8363,Victor Hayes,otaylor@mitchell-hall.info,2025-09-15 17:34:00,PROD260,Then Chair,Fashion,7,454.07,0.12,37.84,2834.91,Net Banking,Shipped,"604 Matthew Run, New Zachary, SC 93645",South Lisashire,Germany,56756,True
ORD001014,CUST7850,Scott Cole,qrivera@jones.com,2025-09-30 10:48:00,PROD528,Follow Watch,Fashion,8,1314.1,0.21,4.92,8310.03,Cash on Delivery,Cancelled,"307 Lindsay Ville Suite 761, West Diane, SC 00843",Romeroborough,India,51344,True
ORD001015,CUST6325,Brittany Gonzalez,alexander36@hotmail.com,2025-03-12 19:39:00,PROD724,People Shoes,Fashion,9,1997.83,0.18,36.61,14780.6,Wallet,Pending,"502 Christopher Dam, Edwardsburgh, IA 41600",Lisaport,Australia,82167,False
ORD001016,CUST9377,Dennis Vaughn,tanyasanchez@freeman-carter.org,2025-12-17 02:23:00,PROD984,Girl Shoes,Groceries,1,1487.22,0.27,32.71,1118.38,Debit Card,Cancelled,"555 Neal Canyon, North Blake, NJ 33462",East Robertport,UK,35296,False
ORD001017,CUST2061,Rebecca Elliott,krodriguez@gmail.com,2026-01-06 07:11:00,PROD131,Ok Shoes,Sports,8,1874.6,0.28,16.14,10813.84,Net Banking,Shipped,"270 Nguyen Mill, Garciaberg, FL 71413",Lake Jennifer,UK,03963,True
ORD001018,CUST6427,Edward Barnes,emilyzuniga@yahoo.com,2025-12-17 19:28:00,PROD993,Hope Shoes,Fashion,4,1594.52,0.29,25.01,4553.45,Net Banking,Pending,"502 Lewis Isle Suite 077, Tateport, IL 30921",South Robert,Australia,25625,True
ORD001019,CUST7833,Lindsay Baker,johnsongregory@hotmail.com,2025-01-04 23:02:00,PROD366,Thank Bag,Sports,7,1734.79,0.3,43.11,8543.58,Credit Card,Pending,"269 Isaiah Spur Apt. 209, Brooksmouth, AK 52983",South Kerriton,Australia,57080,True
ORD001020,CUST6953,Sydney Johnson,erika20@clark.com,2025-08-13 15:52:00,PROD509,For Bag,Sports,1,589.46,0.12,41.12,559.84,Cash on Delivery,Pending,"9721 White Cliffs Apt. 339, Lake Caitlynshire, MS 85540",North Aaron,Australia,44695,False
ORD001021,CUST3768,John Moore,glennrachael@gmail.com,2025-08-08 03:06:00,PROD475,Usually Watch,Beauty,3,1694.91,0.23,28.99,3944.23,UPI,Pending,"774 Shawn Center, Justinside, NM 96883",Mccormickside,USA,19544,True
ORD001022,CUST9053,Corey Moore,pollardgary@tran.biz,2026-02-12 15:13:00,PROD870,History Shoes,Groceries,5,198.77,0.19,3.7,808.72,UPI,Returned,"47609 Cardenas View Apt. 647, Lake Courtney, MA 23685",Stevenmouth,Germany,72605,False
ORD001023,CUST3425,David Simpson,alexanderlisa@hotmail.com,2025-12-19 14:21:00,PROD634,Police Book,Electronics,8,1400.63,0.17,29.72,9329.9,Debit Card,Processing,"7706 Douglas Ridges Suite 284, South Alexandra, PA 18370",South Gloria,Germany,09833,False
ORD001024,CUST5831,Nicole Scott,smithjames@yahoo.com,2026-01-01 09:19:00,PROD258,Bad Bag,Groceries,3,1137.44,0.09,35.65,3140.86,Cash on Delivery,Returned,"56688 Laura Club Suite 647, Cynthiaberg, OR 69142",North Nicole,USA,34908,True
ORD001025,CUST5963,Michael Allen,christopher60@gmail.com,2025-11-08 09:54:00,PROD251,Part Phone,Electronics,7,518.32,0.07,42.55,3416.81,UPI,Cancelled,"087 Sarah Crest Suite 086, Brennanville, GA 05666",Mcdonaldville,Germany,95466,False
ORD001026,CUST6149,Kaitlin Mitchell,jeffreyproctor@hotmail.com,2025-09-02 19:57:00,PROD635,Hotel Book,Books,3,1944.94,0.19,29.36,4755.56,Net Banking,Cancelled,"2461 Mark Cliff Apt. 090, Lake Taylorville, OH 97089",Anthonyburgh,Australia,02050,True
ORD001027,CUST6609,Charles Ortega,ginaconrad@gmail.com,2026-03-22 16:30:00,PROD330,Score Book,Fashion,3,970.58,0.11,33.44,2624.89,Debit Card,Pending,"10297 Conway Turnpike, Adamsmouth, UT 86215",Daniellechester,USA,42613,False
ORD001028,CUST1199,Nicole Hayes,marie25@gmail.com,2025-11-08 23:50:00,PROD960,Identify Bag,Groceries,2,1301.74,0.11,22.97,2340.07,Wallet,Returned,"204 Richard Creek Suite 374, Port Kristinstad, ID 31742",Pinedabury,USA,58715,True
ORD001029,CUST9761,Rebecca Foster,vferguson@hotmail.com,2025-07-06 21:02:00,PROD966,Wear Bag,Sports,7,1254.67,0.29,25.37,6261.08,Credit Card,Shipped,"557 Lindsey Mount, Carolton, MN 68784",Christinafurt,India,68161,False
ORD001030,CUST5015,Denise Chapman,lewislori@gordon-jackson.com,2025-10-18 16:15:00,PROD333,Represent Bag,Beauty,4,515.86,0.22,34.48,1643.96,Net Banking,Returned,"5099 Clark Green Suite 352, Doyleville, DE 12366",Lake Aprilland,USA,70523,True
ORD001031,CUST3171,Michael Prince,lorijones@yahoo.com,2025-11-08 08:35:00,PROD635,The Book,Electronics,5,187.26,0.06,41.53,921.65,Debit Card,Pending,"307 Debra Square, Port Billberg, TN 55366",Ericfort,USA,87362,True
ORD001032,CUST2196,Alexa York,lynnholmes@yahoo.com,2025-10-27 18:30:00,PROD301,Will Watch,Electronics,8,201.05,0.26,2.55,1192.77,Net Banking,Returned,"921 Ruiz Springs, Chelseaside, NV 40484",Smithburgh,India,77030,False
ORD001033,CUST8041,Jesus Garcia,lhatfield@gmail.com,2025-04-12 03:34:00,PROD981,Everybody Laptop,Beauty,10,433.91,0.15,28.47,3716.7,Net Banking,Cancelled,"75804 Mcbride Road Apt. 676, Lawrenceside, NH 62188",Kellymouth,Australia,67704,True
ORD001034,CUST9070,Jesse Phillips,joshuawilson@howe.com,2025-10-29 20:39:00,PROD746,Just Shoes,Home,8,1984.51,0.08,20.36,14626.35,Wallet,Shipped,"Unit 0596 Box 2751, DPO AP 76709",West Nicholas,UK,33163,False
ORD001035,CUST9242,Alyssa Hernandez,kristin79@gmail.com,2026-05-03 20:19:00,PROD416,Knowledge Bag,Books,5,1735.19,0.07,13.76,8082.39,Credit Card,Cancelled,"1156 Taylor Curve Apt. 070, Rogersview, AK 41929",North Nicholas,USA,17713,False
ORD001036,CUST5991,Joanna Bradshaw,brianhood@thompson.info,2025-01-04 10:57:00,PROD196,Author Chair,Books,9,943.66,0.05,3.28,8071.57,UPI,Delivered,"4756 Michelle Union, East Connieborough, UT 02380",Stephensburgh,Australia,73586,True
ORD001037,CUST8731,Kimberly Yates,sjones@yahoo.com,2025-04-10 03:48:00,PROD205,Hand Bag,Home,4,430.37,0.15,16.0,1479.26,Wallet,Cancelled,"663 Hamilton Station Suite 180, Lake Melissa, NC 23572",Donaldburgh,USA,87371,True
ORD001038,CUST6335,Kimberly Reynolds,mary94@lawrence-espinoza.net,2025-06-15 05:12:00,PROD628,Sort Watch,Beauty,0,1572.69,0.26,30.51,8177.04,Wallet,Processing,"847 Mark Cape, North Elizabeth, TX 22463",Davisburgh,UK,27974,False
ORD001039,CUST6166,Tabitha Clark,smills@gmail.com,2025-04-28 08:30:00,PROD560,Store Book,Books,5,744.73,0.09,36.34,3424.86,Wallet,Returned,"626 Lopez Divide Suite 603, North William, NJ 59330",Port Joseph,UK,10985,False
ORD001040,CUST1319,Adrienne White,josephschultz@padilla.biz,2025-01-03 12:03:00,PROD938,Consumer Bag,Fashion,7,710.46,0.24,48.75,3828.4,Debit Card,Shipped,"7004 Lewis Pines, Janicefort, AR 16993",Walkerberg,Australia,22811,False
ORD001041,CUST4267,Robyn Patrick,jenna40@maddox.biz,2025-05-31 11:01:00,PROD916,Near Shoes,Sports,6,857.86,0.11,27.9,4608.87,Wallet,Returned,"770 Garcia Mall, Maddoxside, CA 47645",Walshport,UK,52894,False
ORD001042,CUST1753,Julia Rose,tfranklin@yahoo.com,2025-02-24 02:15:00,PROD899,Myself Bag,Books,3,654.34,0.14,36.06,1724.26,Cash on Delivery,Delivered,"673 Jacob Fall Apt. 248, Michaelmouth, UT 57871",North Donnachester,Australia,21692,False
ORD001043,CUST9812,Lucas Case,robertjohnson@yahoo.com,2025-05-08 08:38:00,PROD478,Agent Watch,Home,10,753.16,0.03,31.98,7337.63,Credit Card,Shipped,"01203 Barbara Burgs Apt. 387, Port Katherineberg, IN 32974",Rogerton,UK,42505,True
ORD001044,CUST5896,Kimberly Bolton,pottsmichael@clark.com,2026-03-27 23:04:00,PROD687,Gas Shoes,Sports,6,1954.47,0.22,41.22,9188.14,Credit Card,Processing,"77287 Whitney Light, Cathystad, UT 76701",Michaelfort,UK,45147,True
ORD001045,CUST2114,Lisa Wood,vancemario@hotmail.com,2025-06-17 18:34:00,PROD991,Education Chair,Beauty,5,1115.57,0.25,34.48,4217.87,Cash on Delivery,Processing,"91714 Hutchinson Villages Suite 183, Sherimouth, WA 87376",Douglaston,Australia,59893,False
ORD001046,CUST8549,Patricia Brewer,fosterlawrence@bishop.com,2026-05-06 11:57:00,PROD470,Best Book,Fashion,8,1495.81,0.06,16.06,11264.55,Cash on Delivery,Processing,"4452 Linda Canyon Apt. 769, Steventown, VA 72187",West Stephanie,Australia,25214,False
ORD001047,CUST1786,Heidi Garrison,floydjoann@humphrey-mitchell.com,2025-05-11 19:47:00,PROD951,Pass Phone,Electronics,1,284.84,0.19,21.37,252.09,Wallet,Delivered,"40941 Laura Corners Apt. 525, Armstrongshire, AR 93221",West Sarafort,Germany,80164,True
ORD001048,CUST6468,Ann Mcbride,markrussell@spencer.com,2025-10-17 13:02:00,PROD749,Station Laptop,Beauty,9,1746.8,0.1,26.94,14176.02,Credit Card,Shipped,"348 Kennedy Flats Apt. 996, South Ronald, CO 24833",Allenberg,Canada,15702,True
ORD001049,CUST8675,Brittany Mejia,waynemcknight@davis.com,2026-05-14 17:49:00,PROD724,Opportunity Bag,Fashion,2,1065.87,0.24,42.31,1662.43,Credit Card,Pending,"881 Byrd Hollow, Ericville, OK 14616",New Ericborough,Australia,25692,False
ORD001050,CUST2196,Victor Acosta,ramosedward@ibarra-garrett.info,2026-02-23 08:29:00,PROD286,Arm Bag,Sports,8,1779.26,0.3,7.61,9971.47,UPI,Shipped,"Unit 1710 Box 3891, DPO AP 15594",Robertsmouth,UK,04455,False
ORD001051,CUST4690,Nathan Harrington,josephlloyd@richardson.com,2026-04-01 00:25:00,PROD430,Wall Watch,Fashion,10,591.16,0.19,19.5,4807.9,UPI,Pending,"0775 Michael Wall Suite 231, Avilaborough, MO 03921",Lake Tyler,USA,84713,False
ORD001052,CUST3500,Angela Pearson,kaylee70@malone.org,2025-09-30 14:41:00,PROD293,Hundred Chair,Fashion,4,1541.01,0.17,17.73,5133.88,Debit Card,Returned,"66700 Wheeler Harbors, Sloanfurt, TX 79746",Port Jennifer,Germany,32983,True
ORD001053,CUST2134,Joel Johnson,alexandra00@simpson.com,2025-02-21 00:34:00,PROD435,Operation Chair,Home,10,1889.27,0.01,6.37,18710.14,Debit Card,Shipped,"34306 Preston Tunnel, Carterside, NC 72860",New Nancy,Australia,22927,True
ORD001054,CUST1447,George Oconnor,douglasrosales@yahoo.com,2025-04-14 09:10:00,PROD240,White Watch,Electronics,7,1982.05,0.07,45.99,12949.14,Net Banking,Shipped,"585 Kelly Ways, East Christineville, OK 55660",East Samanthahaven,India,22140,False
ORD001055,CUST7234,Cynthia Simpson,kgonzalez@lee.com,2026-03-21 23:54:00,PROD704,Evening Chair,Electronics,4,763.93,0.13,19.96,2678.44,Credit Card,,"7584 Fisher Union Suite 867, Coreybury, WI 12079",North Richard,USA,14348,True
ORD001056,CUST4129,Gregory Jackson,hross@yahoo.com,2025-03-25 06:07:00,PROD315,Help Laptop,Groceries,8,1482.58,0.11,49.77,10605.74,Wallet,Delivered,"114 Lloyd Land, Thompsonville, ME 93737",Lake Nicholas,Germany,09471,False
ORD001057,CUST6811,Joshua Wilson,mlowery@yahoo.com,2025-05-11 16:07:00,PROD469,Bag Book,Groceries,8,37.21,0.11,21.0,285.94,Credit Card,Pending,"0555 Gray Keys, Gregoryfurt, IA 50278",Sarabury,UK,66014,False
ORD001058,CUST6296,William Roman,natalie45@braun-abbott.com,2025-04-28 22:05:00,PROD146,Represent Shoes,Groceries,7,1752.5,0.0,48.21,12315.71,Debit Card,Returned,"03011 Schneider Dam Apt. 723, Marshfort, KY 90546",Lake Corey,USA,95761,True
ORD001059,CUST5801,Jill Brennan,oyates@richardson.org,2025-03-07 16:09:00,PROD480,Garden Phone,Books,3,1391.67,0.23,3.06,3217.82,Debit Card,Processing,"93409 Richard Lake Apt. 811, South Linda, KS 99279",East Joshuahaven,UK,82862,True
ORD001060,CUST9151,Dillon Savage,sjohnson@yahoo.com,2025-03-31 16:09:00,PROD308,Consider Book,Books,3,733.31,0.28,39.33,1623.28,Cash on Delivery,Pending,"951 Shepherd Ranch Suite 449, Pattersonmouth, DC 11582",Kirbystad,Germany,57533,False
ORD001061,CUST7679,Grant Mason,perrysarah@lin.com,2025-11-15 10:01:00,PROD147,Follow Phone,Books,1,666.51,0.27,1.71,488.26,Wallet,Processing,"592 Lawrence Crest Suite 383, South Joshua, NY 79935",Higginston,Australia,07450,True
ORD001062,CUST8793,Adam Hawkins,feliciadean@douglas.com,2025-03-22 03:00:00,PROD575,Amount Watch,Groceries,6,1794.89,0.03,49.41,10495.67,Wallet,Pending,"414 Colleen Route Apt. 552, Lake Jason, TX 70608",Marquezfurt,UK,86803,True
ORD001063,CUST6290,Wyatt Martinez II,ymcclure@walsh-sampson.info,2026-03-15 19:51:00,PROD772,Big Phone,Home,1,626.3,0.14,45.14,583.76,Wallet,Processing,"821 Moyer Spring Suite 107, North Vanessaville, ME 53103",Jonathanland,Australia,14010,True
ORD001064,CUST4695,Dr. Daisy Chang DDS,jessicaturner@yahoo.com,2025-09-02 15:47:00,PROD775,Difference Laptop,Beauty,10,396.59,0.07,6.49,3694.78,Credit Card,Processing,"USNV Cordova, FPO AE 32112",Cookefort,Australia,38825,False
ORD001065,CUST8571,Sara Luna,brownann@gmail.com,2025-05-25 19:06:00,PROD784,Project Phone,Sports,4,456.32,0.06,32.97,1748.73,Wallet,Shipped,"51218 Andrea Estates, South Timothy, AR 81045",Wadechester,Canada,95923,False
ORD001066,CUST7308,Joshua Ward,marialucas@stevens-ortiz.biz,2026-01-25 04:20:00,PROD747,Son Laptop,Groceries,7,752.67,0.04,36.82,5094.76,Debit Card,Pending,"00370 Sergio Valleys, South Abigail, NC 83274",Ellisonchester,USA,98996,True
ORD001067,CUST6634,Lauren Martin,duncanpamela@hotmail.com,2025-03-15 20:02:00,PROD292,Easy Bag,Groceries,4,327.96,0.1,28.6,1209.26,Wallet,Delivered,"267 Fernandez Way Suite 296, Brianfort, LA 88738",Lisafurt,UK,42006,False
ORD001068,CUST6527,Jeffery Foster,ayalawilliam@hotmail.com,2025-04-20 14:39:00,PROD445,Board Shoes,Home,5,1094.03,0.04,13.97,5265.31,UPI,Cancelled,"7950 James Isle Apt. 202, Proctorfurt, IN 08148",East Megan,UK,51480,False
ORD001069,CUST1416,Sue Reed,awalker@hotmail.com,2025-12-06 03:42:00,PROD656,Whether Shoes,Electronics,6,1527.72,0.08,39.1,8472.11,Debit Card,Delivered,"4063 Miller Passage, Dwayneberg, NH 52892",Richardsonberg,UK,45406,True
ORD001070,CUST2359,Christina Wolf,cortezmichael@ross.org,2025-03-03 17:45:00,PROD987,Word Phone,Fashion,5,256.97,0.1,22.63,1179.0,Net Banking,Cancelled,"6334 Edward Knoll, Moorehaven, NH 18826",South Emily,Canada,24911,True
ORD001071,CUST9692,Kevin Garcia,jennifersummers@hale.org,2025-03-14 21:14:00,PROD637,Forget Laptop,Groceries,1,401.36,0.22,26.28,339.34,Wallet,Processing,"0370 Gonzalez Fort, Lake David, ND 67955",New Juan,Germany,52749,True
ORD001072,CUST4707,Tracy Anderson,adamsjeffery@gmail.com,2025-12-22 16:10:00,PROD963,Person Chair,Beauty,6,321.71,0.2,31.75,1575.96,Debit Card,Cancelled,"176 Fernandez Shoal Suite 455, Kevinberg, MN 64656",South Christine,Canada,21124,False
ORD001073,CUST7901,Alvin Clark,mgonzalez@boyd-cox.com,2026-03-16 06:17:00,PROD587,Everyone Watch,Home,1,1918.32,0.28,14.82,1396.01,Debit Card,Cancelled,"839 Jeffrey Motorway, Mcintyrehaven, IL 89331",North Heather,Australia,03496,False
ORD001074,CUST2094,Brandon Hicks,lauren10@gmail.com,2025-01-01 02:16:00,PROD160,Glass Chair,Books,9,1337.9,0.06,36.67,11355.3,Debit Card,Cancelled,"8606 Walker Hills Suite 671, Mariashire, ND 56673",East Anita,USA,47473,False
ORD001075,CUST4168,Ann Cross,jacob27@jackson-garcia.com,2026-02-26 05:48:00,PROD354,Others Chair,Home,4,785.52,0.05,20.95,3005.93,Credit Card,Cancelled,"743 Perez Rapids, Christinaport, ID 73420",Lukeport,USA,54864,False
ORD001076,CUST5513,Richard Delgado,harrisonwilliam@johnson.com,2025-03-13 12:07:00,PROD878,Admit Book,Electronics,10,1888.96,0.05,22.17,17967.29,Cash on Delivery,Returned,"66325 Douglas Mountain Apt. 223, Samanthamouth, OK 28527",South Elizabethtown,India,13088,False
ORD001077,CUST9867,Amanda Smith,ucortez@gmail.com,2025-09-26 03:49:00,PROD860,Small Phone,Books,10,944.86,0.2,14.94,7573.82,Debit Card,Pending,"4478 Elizabeth Passage, Christinaview, NJ 56959",Port Lisatown,India,79074,False
ORD001078,CUST3759,Brent Perry,smithmichael@yahoo.com,2026-03-25 08:02:00,PROD997,Teacher Bag,Beauty,7,1676.77,0.08,31.34,10829.74,Net Banking,Delivered,"6944 Mcguire Spurs Apt. 878, Lake Kellimouth, NY 75552",Lake Martinchester,Germany,45690,True
ORD001079,CUST9102,Anita Lee,lramos@hotmail.com,2025-09-25 03:05:00,PROD956,Win Bag,Books,10,1919.67,0.26,12.06,14217.62,Net Banking,Returned,"4345 Catherine Lodge, Christinehaven, MO 21176",Brianbury,India,06409,True
ORD001080,CUST5116,Laura Vargas,phillip92@yahoo.com,2026-03-19 08:53:00,PROD465,Wonder Laptop,Electronics,5,1809.94,0.19,16.44,7346.7,Credit Card,Returned,"4869 Thompson Creek, Port Curtis, MS 04720",New Shannon,Australia,01170,False
ORD001081,CUST8993,Amanda Rivera,yhowell@yahoo.com,2025-05-05 18:31:00,PROD674,A Phone,Groceries,4,1184.21,0.2,5.2,3794.67,Wallet,Returned,"PSC 9037, Box 6474, APO AA 56902",Lake Judithland,UK,56341,False
ORD001082,CUST2924,Christopher Burnett,jessicacabrera@hale-werner.net,2025-01-22 19:06:00,PROD882,Story Shoes,Home,10,1677.22,0.19,4.93,13590.41,Wallet,Pending,"900 Martinez Pike, East Jay, ND 55024",Smithbury,Australia,68084,False
ORD001083,CUST9564,Paul Miranda,brendafloyd@lee-stone.com,2026-02-22 12:45:00,PROD138,Type Watch,Groceries,1,697.87,0.24,42.61,572.99,Cash on Delivery,Cancelled,"45718 Rhonda Points, South Julieland, LA 80138",East Robinstad,Australia,05243,False
ORD001084,CUST7752,Gabriella Johnston,fpatel@hamilton.com,2025-12-09 00:13:00,PROD921,Not Laptop,Beauty,10,365.57,0.19,16.45,2977.57,Net Banking,Shipped,"293 Karen Vista Suite 071, Millershire, IL 18916",Port Jamesshire,Germany,46771,False
ORD001085,CUST6316,Chad Hart,wadesherry@gmail.com,2026-02-24 21:22:00,PROD569,Mean Bag,Beauty,6,1947.29,0.07,22.3,10888.18,UPI,Pending,"7588 Cruz Stravenue, Scotttown, MO 14423",Lake Samanthaburgh,USA,54832,True
ORD001086,CUST9189,Natalie Le,vangbrittany@hahn-jordan.info,2025-10-13 17:41:00,PROD977,Report Laptop,Home,6,1482.71,0.23,39.05,6889.17,UPI,Processing,"86018 Rachel Shores, Port Elizabeth, WI 30650",East Brian,Canada,43039,True
ORD001087,CUST7270,Shaun Romero,brianfrench@gmail.com,2025-06-12 09:06:00,PROD307,Building Book,Groceries,2,1280.71,0.09,24.86,2355.75,Cash on Delivery,Processing,"688 Megan Prairie Suite 196, West Michaelstad, CO 09034",Port Brandon,UK,28963,False
ORD001088,CUST4109,Abigail Martinez,pughpamela@gmail.com,2025-06-22 14:57:00,PROD695,Environment Book,Sports,6,1510.77,0.29,16.14,6452.02,Cash on Delivery,Pending,"81971 Johnson Trail Apt. 469, Josephshire, MI 04411",Smithmouth,Australia,66233,False
ORD001089,CUST7629,Ronald Schwartz,matthew69@hotmail.com,2026-01-23 17:34:00,PROD972,Discussion Book,Fashion,3,798.95,0.21,9.93,1903.44,Cash on Delivery,Pending,"074 Charlene Harbor Apt. 429, West Christinemouth, SD 58574",Whiteborough,Germany,88906,False
ORD001090,CUST2346,Kimberly Gibson,humphreylindsay@gmail.com,2025-07-23 04:58:00,PROD431,Another Shoes,Books,7,211.73,0.29,40.73,1093.03,Credit Card,Shipped,"2861 Hays Spring Suite 859, East Tammyfurt, PA 58957",Millerfurt,USA,51218,True
ORD001091,CUST8214,Nathan Ross,kyleboyd@morton-ross.net,2025-12-08 08:01:00,PROD763,Phone Chair,Fashion,8,452.81,0.21,10.95,2872.71,Debit Card,Processing,"PSC 6701, Box 6562, APO AA 98282",Underwoodport,India,06373,False
ORD001092,CUST4149,Steven Underwood,jamielove@gmail.com,2025-05-05 00:54:00,PROD522,Future Shoes,Groceries,10,969.13,0.13,27.82,8459.25,Wallet,Cancelled,"52560 Abigail Summit, Carolineland, HI 14656",Stephanieton,Canada,44997,False
ORD001093,CUST8066,Alejandra Ward,james13@wilson.com,2025-11-18 18:56:00,PROD479,Girl Book,Fashion,7,1494.85,0.21,49.1,8315.62,UPI,Shipped,"2322 Adam Corner, New Joseph, WA 30152",Port Lisaland,Canada,37337,False
ORD001094,CUST3109,Rhonda Medina,josephmeadows@gmail.com,2025-02-09 22:08:00,PROD198,Responsibility Chair,Sports,6,1720.59,0.3,12.34,7238.82,Cash on Delivery,Cancelled,"9824 Katelyn Court Apt. 682, North Jay, OK 89820",New Danieltown,UK,06089,False
ORD001095,CUST8623,Latasha Hernandez,teresacooper@yahoo.com,2025-02-23 19:14:00,PROD375,Natural Phone,Groceries,6,1436.54,0.19,27.7,7009.28,Credit Card,Processing,"55877 Parsons Ways Suite 263, Wayneside, ID 98672",Hollowayberg,UK,41731,False
ORD001096,CUST1942,Paul Anderson,markjones@yahoo.com,2025-09-12 18:27:00,PROD455,New Watch,Groceries,2,1906.56,0.05,28.0,-3650.46,Cash on Delivery,Cancelled,"050 Johnathan Lakes, New Jill, NY 62331",North Valerie,USA,58353,True
ORD001097,CUST9041,Jeffrey Herman,amberbooker@flores-horton.net,2025-12-16 11:04:00,PROD541,Likely Bag,Groceries,5,1141.66,0.28,36.39,4146.37,Debit Card,Returned,"75313 Peters Rapids, North Nathan, VT 18361",Andersonton,UK,63515,True
ORD001098,CUST7670,Michelle Shepard,jeffrey10@yahoo.com,2025-12-05 14:19:00,PROD247,Beat Chair,Sports,9,1395.93,0.09,11.63,11444.3,Cash on Delivery,Cancelled,"2996 Gomez Mountain Suite 433, New Laurafort, DE 90092",Jeremybury,Canada,36759,False
ORD001099,CUST2042,Tasha Martin,bjohnson@gmail.com,2026-03-18 00:39:00,PROD642,Skin Watch,Beauty,1,1425.67,0.11,5.98,1274.83,Debit Card,Pending,"44997 Rodgers Plains Suite 861, Port Sarahhaven, AR 93634",North Michael,Australia,77933,True
ORD001100,CUST2957,Lawrence Robinson,zacharyhenry@yahoo.com,2025-05-08 19:49:00,PROD439,Past Laptop,Electronics,3,1672.3,0.01,46.44,5013.17,Net Banking,Returned,"12223 Baker Canyon, Smithmouth, TX 15922",Jessicahaven,Canada,29119,False
ORD001101,CUST3906,Kristi Collins,dscott@gmail.com,2026-02-17 13:24:00,PROD824,Do Watch,Home,8,281.33,0.1,4.79,2030.37,Net Banking,Shipped,"6007 Rivers Dam Apt. 821, Port Grace, DC 16350",Port Melissa,India,54940,True
ORD001102,CUST2540,Kimberly Castillo,qanderson@hotmail.com,2025-05-14 12:12:00,PROD636,Street Book,Electronics,4,705.65,0.19,4.08,2290.39,Wallet,Delivered,"04596 Eileen Camp, Moralesfurt, KY 71683",Vanessaville,India,24317,True
ORD001103,CUST7303,Matthew Baker,beth81@gmail.com,2025-12-16 11:06:00,PROD413,Near Laptop,Groceries,3,8.45,0.3,0.63,18.37,Wallet,Shipped,"1242 Anthony Loaf Apt. 781, Shermantown, OH 93604",Port Nicholas,Canada,82541,False
ORD001104,CUST2588,Anna Norris,sara85@hotmail.com,2026-03-16 02:11:00,PROD993,Work Bag,Fashion,4,1274.78,0.15,26.76,4361.01,Wallet,Shipped,"379 Sandra Fords, Leefurt, OK 65584",South Ricardo,Germany,56556,True
ORD001105,CUST1635,Karen Diaz,kristina61@bass.com,2026-04-02 14:45:00,PROD650,Mention Chair,Electronics,3,1017.12,0.24,22.26,2341.29,UPI,Cancelled,"538 Susan Shoal, Haroldfort, DC 25665",New Catherine,Germany,89574,True
ORD001106,CUST3543,Sarah Wilson,davischristopher@rodriguez.com,2025-06-28 21:11:00,PROD727,Fear Book,Books,10,1039.39,0.27,24.88,7612.43,Cash on Delivery,Cancelled,"4792 Jose Prairie, North Aaronhaven, CT 50894",Margarettown,Canada,41377,False
ORD001107,CUST4085,Veronica Hopkins,tina73@stanley.org,2026-02-06 14:07:00,PROD913,I Watch,Electronics,9,135.6,0.07,7.07,1142.04,UPI,Delivered,"7209 Wilson Unions, Port James, NE 40550",Lake Glenn,India,48189,False
ORD001108,CUST9639,Jasmine Knight,rhonda97@beck.com,2026-02-20 21:45:00,PROD676,High Phone,Beauty,10,202.07,0.16,33.18,1730.57,Wallet,Shipped,"PSC 7932, Box 7701, APO AE 89799",Kyleville,Canada,61651,False
ORD001109,CUST7984,Christine Stokes,montoyabrenda@hotmail.com,2026-01-23 17:41:00,PROD513,Grow Watch,Books,4,568.71,0.04,38.18,2222.03,Credit Card,Shipped,"08597 Shelly Parkway Suite 794, Lake Ruth, MT 36389",Nicoleton,UK,22549,True
ORD001110,CUST1903,Chris Foster,wdyer@yahoo.com,2025-09-09 03:20:00,PROD640,Phone Chair,Electronics,9,970.79,0.12,24.88,7713.54,Debit Card,Shipped,"587 Cruz Green Suite 715, Meaganbury, NV 33628",Deborahberg,India,33686,False
ORD001111,CUST1458,Jacob Ramos,hansenjoshua@warren.org,2026-04-02 18:47:00,PROD148,Evening Book,Books,10,1087.86,0.19,36.96,8848.63,Debit Card,Cancelled,"75480 Warren Landing, New Jason, ND 49243",Carpenterburgh,Germany,95084,True
ORD001112,CUST1732,Danielle Burke,hortonjoshua@gmail.com,2026-02-26 21:55:00,PROD319,May Laptop,Books,7,1478.39,0.16,8.91,8701.84,Debit Card,Shipped,"41506 Gregory Squares, Marymouth, AZ 97244",South Michael,USA,30707,False
ORD001113,CUST4375,Jodi Perkins,patriciamiddleton@campbell-simmons.biz,2025-02-07 22:13:00,PROD805,Treat Laptop,Home,8,417.44,0.19,0.78,2705.79,Credit Card,Delivered,"32739 Baker Isle, Port Brian, OK 37683",North Natalietown,USA,23968,False
ORD001114,CUST5033,Jessica Webb,danny48@vargas-murray.org,2025-04-01 12:52:00,PROD736,Protect Bag,Home,4,746.71,0.25,2.24,2242.37,Net Banking,Processing,"06144 Pamela Mission, Josephfort, OR 28075",Andrewstad,Australia,88146,False
ORD001115,CUST5556,Margaret White,kathleenjohnson@valencia-ruiz.biz,2025-04-15 20:47:00,PROD962,Something Shoes,Groceries,5,821.36,0.0,41.18,4147.98,Net Banking,Delivered,"81292 Nicole Locks Apt. 391, East Travis, MN 78911",Susanville,Germany,92236,True
ORD001116,CUST2155,Christine Gentry,cmcconnell@gmail.com,2025-11-17 22:25:00,PROD752,Good Laptop,Electronics,1,1393.52,0.13,33.15,1245.51,Debit Card,Processing,"PSC 8079, Box 1065, APO AE 04428",Adamsfort,UK,05195,True
ORD001117,CUST7524,Kelsey Juarez,rschmidt@hotmail.com,2025-04-04 17:20:00,PROD391,Deal Phone,Home,3,1887.29,0.08,34.05,5242.97,UPI,Returned,"8573 Spears Isle, Hannahtown, LA 34883",South Jack,Canada,08071,False
ORD001118,CUST9490,Chelsea Camacho,qlara@stevenson.biz,2025-02-25 03:25:00,PROD136,Mind Watch,Books,4,1900.67,0.17,24.9,6335.12,Credit Card,Processing,"984 Mcknight Canyon Suite 930, East Teresa, NH 82595",Ryanmouth,India,20753,True
ORD001119,CUST7076,Mario Brown,jamiebarr@gmail.com,2025-01-20 12:11:00,PROD548,Way Bag,Fashion,2,1526.27,0.24,12.09,2332.02,Net Banking,Cancelled,"3309 Renee Knolls Suite 540, North Scott, OR 15880",Joshuaton,Canada,24094,True
ORD001120,CUST3502,Christine Martin,michelleburton@lewis-hansen.com,2025-12-06 16:49:00,PROD449,Above Chair,Home,4,1538.26,0.22,2.19,4801.56,Debit Card,Pending,"18206 Lindsey Centers, Allisonville, UT 04765",North Regina,Germany,45929,False
ORD001121,CUST4014,Dwayne West,favila@hotmail.com,2025-04-13 20:03:00,PROD742,Likely Shoes,Home,7,763.17,0.28,25.28,3871.66,Cash on Delivery,Processing,"5538 Nicholas Corner, South Dustin, ID 68031",South Sarah,Australia,17737,False
ORD001122,CUST6202,Shawna Garcia,monicadiaz@yahoo.com,2025-01-13 14:04:00,PROD158,Rich Laptop,Beauty,4,1205.31,0.09,8.05,4395.38,Credit Card,Cancelled,"5903 Sharon Crossing, Lunamouth, ME 34815",Hughesmouth,UK,02453,True
ORD001123,CUST1096,Pamela Hunt,dyermegan@hotmail.com,2025-11-13 23:10:00,PROD490,Allow Laptop,Sports,6,743.89,0.04,5.19,4290.0,Credit Card,Processing,"446 Williams Isle, South Sarahchester, MN 45939",Carolynborough,UK,48770,True
ORD001124,CUST7325,Katie Miller,elizabethgriffin@evans-saunders.info,2026-03-15 07:48:00,PROD389,Product Bag,Sports,1,1129.46,0.02,32.44,1139.31,Net Banking,Delivered,"5925 Suarez Crest Apt. 387, Port Keith, IA 63746",Gilberttown,UK,65179,True
ORD001125,CUST8441,Dustin Rivera,amy49@hotmail.com,2025-12-16 15:39:00,PROD649,Since Book,Fashion,5,693.57,0.3,22.75,2450.24,Debit Card,Processing,"166 James Port Suite 671, West Michael, MA 04416",Port Shannon,Germany,59057,True
ORD001126,CUST1697,Nicholas Smith,caseyrhonda@gmail.com,2026-05-09 12:16:00,PROD570,Military Watch,Beauty,3,739.32,0.01,40.27,2236.05,Wallet,Processing,"5314 Fry Square Apt. 417, North Matthewstad, OH 32044",Michaelmouth,USA,48149,False
ORD001127,CUST8410,Rebecca Mullen,jamesbauer@hotmail.com,2025-03-06 20:22:00,PROD554,Member Watch,Books,4,1884.05,0.13,20.89,6577.38,UPI,Returned,"8089 Blake Hollow Apt. 086, West Jamesfort, MN 43706",Hansenburgh,Germany,12754,False
ORD001128,CUST6954,Lauren Aguilar,chawkins@maldonado.biz,2025-12-07 12:08:00,PROD574,Also Phone,Groceries,9,415.8,0.07,9.55,3489.8,Net Banking,Processing,"010 Watson Track Apt. 911, West Maureenburgh, GA 53702",Brandonborough,Germany,90412,False
ORD001129,CUST7752,Cynthia Robinson,vincentwilliams@gmail.com,2025-04-20 12:09:00,PROD152,Reduce Shoes,Fashion,8,221.76,0.2,15.02,1434.28,UPI,Cancelled,"878 Sherry Circles, New Kenneth, NC 13521",Mejiachester,Canada,53477,True
ORD001130,CUST7323,Stephen Gilmore,stephenskerry@davis.biz,2025-12-04 12:59:00,PROD681,Learn Bag,Fashion,9,866.41,0.28,1.19,5615.53,UPI,Processing,"64404 Wong Fields Apt. 796, Allenmouth, CO 90036",Wallaceport,Australia,36234,True
ORD001131,CUST3139,Caroline Price,torresstephanie@yahoo.com,2025-11-25 12:36:00,PROD880,Team Watch,Home,4,305.61,0.09,12.28,1124.7,Wallet,Returned,"15566 Valdez Flat Suite 026, Port Angelashire, MS 35663",Myershaven,Canada,08873,True
ORD001132,CUST6431,Barbara Downs,barbaragibbs@ortega.com,2025-12-13 03:50:00,PROD973,Exactly Laptop,Home,2,176.07,0.0,43.11,395.25,UPI,Pending,"20373 Todd Point Suite 061, New Robert, ME 93148",Tylerbury,USA,07245,True
ORD001133,CUST8783,Rachel Murphy,emma76@hotmail.com,2026-05-06 06:19:00,PROD446,Ten Bag,Fashion,2,729.07,0.27,29.17,1093.61,UPI,Delivered,"8680 Olivia Junction Apt. 267, Greenview, KS 28659",Sextonburgh,Germany,61697,True
ORD001134,CUST3593,Jason Scott,james44@gmail.com,2026-02-15 17:10:00,PROD675,And Phone,Beauty,3,330.7,0.04,45.51,997.93,Net Banking,Delivered,"86747 Michelle Dam, East Markshire, OK 69665",Emilytown,Australia,45108,False
ORD001135,CUST8746,Mark Young,brandon14@gmail.com,2025-12-20 07:07:00,PROD488,While Watch,Fashion,3,1818.82,0.03,1.97,5294.74,Credit Card,Delivered,"987 Jenkins Ford, Port Tracy, UT 94435",Port Joshuaborough,Canada,27299,False
ORD001136,CUST6633,April Williams,xwilliams@martinez.net,2026-04-22 14:37:00,PROD447,Example Laptop,Home,10,367.76,0.27,48.51,2733.16,Credit Card,Returned,"659 Matthew Curve Suite 025, Davisville, LA 28756",Rebeccahaven,USA,25894,True
ORD001137,CUST4229,Tom Smith,vdennis@hotmail.com,2025-11-16 09:43:00,PROD749,Hit Book,Home,7,1833.94,0.03,46.75,12499.2,Cash on Delivery,Returned,"1092 Daniel Plaza, Robertsborough, NH 14949",Yeseniabury,India,20816,False
ORD001138,CUST4146,David Lynch,john12@yahoo.com,2025-11-05 15:01:00,PROD625,Large Book,Sports,10,1782.64,0.13,8.45,15517.42,Credit Card,Shipped,"23361 Faulkner Junction Apt. 624, Nguyenmouth, MT 60388",North Emily,UK,53609,False
ORD001139,CUST1662,Kara Brown,daniel05@hotmail.com,2026-04-09 05:03:00,PROD379,Through Bag,Groceries,4,1402.53,0.08,49.81,5211.12,Cash on Delivery,Shipped,"706 Luis Club Apt. 218, Port Patrickborough, HI 32079",Laurenborough,UK,75782,True
ORD001140,CUST1314,Paige Ellison,joseph49@flores.com,2025-06-20 17:02:00,PROD409,Material Watch,Fashion,3,1744.72,0.28,0.53,3769.13,Net Banking,Cancelled,"432 Jasmin Forks Apt. 242, Vegachester, NC 44322",Jocelynshire,UK,03718,False
ORD001141,CUST7671,Andrew Jones,jennifer88@maxwell.com,2025-01-19 22:43:00,PROD824,Policy Book,Fashion,5,1395.23,0.1,40.16,6318.69,UPI,Delivered,"5336 Kathryn Avenue Suite 754, South Jackie, AL 76213",Davidview,Australia,31078,False
ORD001142,CUST6220,Jerry Bowman,hartmanalex@adams.com,2025-10-10 06:31:00,PROD982,Score Phone,Electronics,5,537.01,0.27,45.94,2006.03,Credit Card,Pending,"339 Davis Row, Oscarville, MS 79816",Brooksstad,USA,79708,True
ORD001143,CUST2235,Trevor Young,gallagherchad@jennings.com,2025-05-05 02:11:00,PROD109,Wait Bag,Electronics,6,134.59,0.17,11.85,682.11,Cash on Delivery,Pending,"9833 Tony Forest, Robertsfort, NC 79427",Jenniferton,Germany,51056,True
ORD001144,CUST2998,Mitchell Soto,tiffanycook@gmail.com,2025-03-21 18:40:00,PROD157,Word Bag,Fashion,8,1263.85,0.1,33.25,9132.97,Debit Card,Cancelled,"76509 Myers Ways Apt. 785, Thomasburgh, DE 76649",South Anthony,Australia,17366,True
ORD001145,CUST2301,Sandra Sandoval,hoffmanwilliam@stevenson.org,2025-04-06 02:45:00,PROD496,Various Book,Beauty,2,12.66,0.24,11.65,30.89,Wallet,Pending,"USNS Graham, FPO AE 77523",New Joshuashire,USA,00958,False
ORD001146,CUST2003,Andrea Mcdonald,virginiaporter@estrada-rose.com,2026-02-23 06:45:00,PROD553,Woman Shoes,Sports,8,1212.89,0.06,14.4,9135.33,Credit Card,Returned,"7701 Lambert Mountain Apt. 682, North Annachester, SD 96871",Torrestown,India,64838,True
ORD001147,CUST2241,Mark Nixon,kdominguez@hotmail.com,2026-05-14 06:16:00,PROD292,Brother Shoes,Groceries,3,1756.96,0.17,9.47,4384.3,UPI,Pending,"Unit 2205 Box 1356, DPO AE 96096",Robleshaven,USA,88347,True
ORD001148,CUST7988,Heather Williams,colemanjulie@hotmail.com,2025-07-22 20:53:00,PROD356,Network Chair,Home,10,596.96,0.12,32.03,5285.28,Cash on Delivery,Processing,"58182 Tracy Parks Suite 874, Hayesbury, RI 82152",Diamondport,USA,28833,True
ORD001149,CUST1989,Jacqueline Munoz,thompsonduane@gmail.com,2025-12-02 21:16:00,PROD734,Thousand Chair,Groceries,5,1509.82,0.02,3.14,7401.26,Net Banking,Shipped,"64691 Patrick Overpass, New Christopherchester, OK 25293",West John,India,05425,False
ORD001150,CUST2079,Billy Duran,benjamindavidson@hotmail.com,2025-01-07 23:43:00,PROD682,Cause Book,Beauty,2,640.2,0.23,45.72,1031.63,UPI,Returned,"3355 Rodney Extension Apt. 294, Kinghaven, DE 24919",South Brittany,UK,87592,False
ORD001151,CUST4117,Donna Richardson,ashleymartin@gmail.com,2026-01-16 15:23:00,PROD333,Certain Phone,Fashion,8,603.99,0.15,27.3,4134.43,Credit Card,Returned,"7865 Laura Port, Ginamouth, WV 84933",West Markfort,Australia,91297,False
ORD001152,CUST8596,Misty Norman,eturner@caldwell.com,2025-07-29 14:56:00,PROD989,Put Watch,Books,8,652.11,0.24,47.26,4012.09,Debit Card,Delivered,"81157 Johnson Radial Apt. 720, Zacharyborough, OR 92491",Shannonstad,USA,55250,False
ORD001153,CUST7544,Logan Gonzalez,yherrera@bray-drake.net,2025-08-03 00:55:00,PROD474,Forward Laptop,Books,3,1577.59,0.11,43.51,4255.68,Cash on Delivery,Processing,"439 Adams Coves Apt. 104, Port Tommy, OR 62621",Cindystad,USA,36992,True
ORD001154,CUST1355,Brittany Mccall,rosaleslauren@gardner.org,2025-10-31 05:13:00,PROD609,Put Watch,Fashion,2,37.7,0.14,13.54,78.38,UPI,Processing,"935 Maddox Islands, New Kristopher, SC 10667",North Markfort,Canada,05427,False
ORD001155,CUST8984,Elizabeth Wood,harrellmary@skinner-koch.com,2025-04-27 06:31:00,PROD781,If Laptop,Home,10,1448.84,0.13,47.37,12652.28,Credit Card,Processing,"4620 Suzanne Village Apt. 546, East Elizabeth, LA 01020",Copelandland,India,98903,False
ORD001156,CUST7821,Melvin Perez,zgentry@hotmail.com,2025-12-28 15:38:00,PROD602,With Laptop,Home,5,287.25,0.16,24.71,1231.16,Cash on Delivery,Processing,"0060 Sara Pine Apt. 079, Danielborough, DC 10273",Cynthialand,USA,97522,False
ORD001157,CUST6588,Thomas Martin,emorgan@robertson-whitehead.com,2025-11-19 09:43:00,PROD842,Least Book,Groceries,10,860.85,0.04,6.47,8270.63,Cash on Delivery,Shipped,"541 Jeffery Flat, Myerstown, NC 45136",West Rebeccamouth,USA,72842,False
ORD001158,CUST4824,Matthew Garcia,kdunn@gmail.com,2025-10-17 15:04:00,PROD992,Score Book,Beauty,1,896.92,0.13,10.47,790.79,Net Banking,Shipped,"221 Dawn Cove Suite 299, Williamport, LA 01397",East Lisastad,Germany,91382,False
ORD001159,CUST4750,Stephanie Perkins,melissa65@smith.com,2025-10-23 10:44:00,PROD825,Tend Phone,Sports,4,1804.2,0.29,39.08,5163.01,Debit Card,Cancelled,"4020 Miles Mews, Powellport, CA 91075",South Jacob,USA,79125,False
ORD001160,CUST6269,Matthew Bryant,gentrylarry@yahoo.com,2025-10-16 15:56:00,PROD183,Rule Phone,Books,1,630.35,0.26,19.21,485.67,Net Banking,Processing,"3218 Patricia Courts, North Zachary, DC 29039",West Richardside,Canada,22891,False
ORD001161,CUST8761,Cynthia White,acostadylan@hotmail.com,2025-02-04 14:24:00,PROD352,Under Shoes,Beauty,4,1583.61,0.08,7.15,5834.83,Credit Card,Pending,"2671 Yvette Estate Apt. 253, Erikside, NV 05659",Wellstown,Germany,41256,False
ORD001162,CUST9786,Lisa Dennis,eerickson@yahoo.com,2026-02-27 19:30:00,PROD304,Area Chair,Groceries,9,296.51,0.08,16.0,2471.1,Cash on Delivery,Shipped,"Unit 7721 Box 0752, DPO AA 90698",North Johnborough,USA,92114,True
ORD001163,CUST7930,Rick Bond,jlevy@yates-brock.com,2025-06-01 23:03:00,PROD817,Guy Chair,Groceries,4,1049.39,0.15,12.41,3580.34,Credit Card,Delivered,"4168 Brittney Oval Suite 398, Hollybury, TN 14053",Port Sarah,Germany,76071,False
ORD001164,CUST8617,James Lee,bdunn@smith.com,2025-04-15 04:18:00,PROD894,Eye Shoes,Books,1,62.5,0.19,21.07,71.69,Cash on Delivery,Shipped,"7318 Riley Cliffs, Lake Ronaldshire, HI 88904",Lake Jamesbury,UK,41455,True
ORD001165,CUST8427,Michelle Reed,simpsonnicholas@hotmail.com,2025-11-01 14:48:00,PROD391,Open Shoes,Sports,6,219.95,0.08,13.8,1227.92,Debit Card,Returned,"499 Gonzalez Key Suite 686, Martinezland, ND 02006",Rhondastad,Germany,10063,True
ORD001166,CUST7144,Samantha Tran,kaitlin25@hotmail.com,2025-03-05 01:55:00,PROD663,Go Laptop,Beauty,6,1107.39,0.11,15.76,5929.22,Net Banking,Returned,"05915 Davis Loop, Lake Haley, WA 92775",North Candicefort,Australia,40952,False
ORD001167,CUST1645,Michael Madden,richardkelly@hotmail.com,2025-07-22 05:20:00,PROD623,Action Laptop,Beauty,10,1672.97,0.01,14.15,16576.55,Cash on Delivery,Cancelled,"USNV Gross, FPO AA 09005",Youngberg,Australia,18938,True
ORD001168,CUST4850,Chad Cline,coneill@hotmail.com,2025-09-12 02:59:00,PROD194,Decide Chair,Home,2,284.12,0.03,8.17,559.36,UPI,Returned,"81281 Brown Turnpike, West Shirley, TX 58581",Natalieville,Germany,09755,True
ORD001169,CUST7487,Jessica Stewart,katherinejimenez@gmail.com,2025-07-31 10:48:00,PROD811,Avoid Shoes,Sports,2,987.45,0.16,26.23,1685.15,Credit Card,Returned,"10886 Terri Center, Dennismouth, OR 34503",North Jimmyside,USA,13021,False
ORD001170,CUST1859,Alicia Bush,jennifer00@gmail.com,2025-03-23 03:48:00,PROD758,Author Chair,Beauty,5,458.66,0.02,34.18,2281.61,Debit Card,Pending,"40817 Dennis Greens Suite 168, Patelborough, WV 08919",Ashleyshire,UK,63185,True
ORD001171,CUST6291,Sarah Clark,ramirezdawn@simpson.com,2025-01-22 07:48:00,PROD496,Carry Chair,Beauty,4,1900.18,0.29,6.88,5403.39,Cash on Delivery,Shipped,"1004 Smith Bridge Suite 131, West Michael, NH 75372",Deanfort,UK,19734,True
ORD001172,CUST4278,Bethany Hall,sfischer@yahoo.com,2025-09-19 09:31:00,PROD703,Case Laptop,Fashion,1,1340.94,0.21,27.5,1086.84,Debit Card,Pending,"1898 Espinoza Vista Suite 767, Hardinland, NY 63465",Douglasberg,Canada,28430,False
ORD001173,CUST7507,Angela Maddox,zday@williams.info,2025-01-04 11:44:00,PROD317,Down Shoes,Sports,2,1165.26,0.11,44.93,2119.09,Credit Card,Processing,"94558 Noble Valley Apt. 734, New Angelatown, OR 86657",Maxwellton,Australia,33003,False
ORD001174,CUST6480,Rebecca Bailey,william93@hotmail.com,2025-05-17 17:23:00,PROD300,Born Book,Home,9,779.9,0.25,37.71,5302.03,Net Banking,Shipped,"62054 Burke Trafficway Apt. 927, Lake Annaview, MT 30372",Melaniemouth,India,01606,False
ORD001175,CUST4028,Anthony Mcdonald,james84@brown.com,2025-08-20 00:28:00,PROD215,Rest Laptop,Books,10,1935.63,0.2,38.5,15523.54,Credit Card,Processing,"54407 Bryant Square Apt. 210, South Kimberlytown, AK 99604",Troyland,Australia,16858,True
ORD001176,CUST6913,Elizabeth Garcia,elizabeth80@yahoo.com,2025-04-13 18:47:00,PROD574,Beyond Laptop,Beauty,5,1666.69,0.2,44.33,6711.09,Cash on Delivery,Shipped,"USS Cisneros, FPO AA 72846",Ortizland,USA,68896,False
ORD001177,CUST9185,Trevor Hernandez,kaylaturner@yahoo.com,2025-04-22 16:01:00,PROD837,Artist Watch,Beauty,5,29.66,0.25,43.02,154.24,UPI,Processing,"1101 Owens Bridge Apt. 325, Frankport, LA 29878",South Johnport,UK,49811,False
ORD001178,CUST5071,Patricia Knight,caroline03@hotmail.com,2025-11-05 05:58:00,PROD179,Stand Phone,Electronics,8,962.95,0.18,39.75,6356.7,Credit Card,Returned,"177 Jose Ville, West Tanner, NC 16388",Lake Jamesland,India,67564,True
ORD001179,CUST2593,William Sanchez,cervantessandra@gray.com,2026-03-15 00:17:00,PROD154,Compare Book,Fashion,1,610.38,0.11,28.41,571.65,Cash on Delivery,Processing,"0034 Rebecca Mount, Jamesberg, MS 89974",Phillipsmouth,USA,28024,False
ORD001180,CUST5948,Ethan Hutchinson,davidunderwood@rodriguez-jones.org,2026-01-15 11:04:00,PROD245,Think Book,Books,5,837.89,0.01,38.52,4186.08,Debit Card,Pending,"PSC 0206, Box 0713, APO AP 53193",North Kristen,India,47749,True
ORD001181,CUST5475,Cassandra Levine,frank67@hotmail.com,2026-03-27 15:11:00,PROD376,Young Laptop,Beauty,1,229.61,0.22,22.76,201.86,Wallet,Cancelled,"84256 David Lodge Apt. 599, Josephberg, WY 92484",New Joshuamouth,UK,41734,True
ORD001182,CUST8085,Phillip Barajas,richardmartinez@hotmail.com,2026-01-10 22:09:00,PROD950,Probably Watch,Books,4,134.99,0.2,1.49,433.46,Debit Card,Delivered,"9940 Lauren Dale, West Angela, IN 46089",Lake Jamiemouth,India,85021,True
ORD001183,CUST1399,Joseph Rogers,brandon78@gmail.com,2025-12-03 02:49:00,PROD787,Pay Book,Groceries,5,1421.25,0.22,10.13,5553.0,Debit Card,Shipped,"54425 Juan Squares Suite 777, Justinview, MS 35175",North Kevin,USA,37504,False
ORD001184,CUST9004,Amber Smith,bevans@horne.info,2026-02-19 00:41:00,PROD910,Himself Shoes,Beauty,1,1747.67,0.25,21.77,1332.52,Cash on Delivery,Returned,"7938 Leach Way, Denisefurt, OR 13696",North Andrew,India,33814,False
ORD001185,CUST7082,Christopher Ward,carriewilliams@yahoo.com,2025-07-06 02:38:00,PROD843,As Phone,Sports,6,915.23,0.14,8.19,4730.78,Debit Card,Returned,"47079 Randy Dale, Elizabethville, NJ 39383",North Gina,Germany,07942,False
ORD001186,CUST9102,Jacob Banks,john98@green.net,2025-07-28 05:37:00,PROD791,Page Phone,Books,7,747.36,0.3,38.37,3700.43,UPI,Processing,"1794 Swanson Junction, Cassandrastad, RI 46905",Quinnville,UK,23215,True
ORD001187,CUST3691,Corey Rodriguez,scottrodriguez@gmail.com,2025-11-05 08:56:00,PROD143,Cause Book,Sports,3,668.94,0.11,23.33,1809.4,Cash on Delivery,Cancelled,"23936 Thomas Cove Suite 640, Tiffanyview, MS 44587",Coryburgh,USA,72909,False
ORD001188,CUST7493,Jonathan Krueger,adam22@higgins.com,2025-10-04 20:53:00,PROD183,Respond Chair,Books,3,1702.94,0.17,48.86,4289.18,Credit Card,Processing,"82767 Norton Falls Apt. 935, Jaybury, SC 60375",Lake Kristin,Canada,94276,True
ORD001189,CUST4715,Victor Franklin,summersmelvin@smith.com,2025-09-24 03:36:00,PROD800,Might Bag,Groceries,1,513.16,0.17,47.11,473.03,UPI,Returned,"43486 Mata Village, Jayfort, MN 47224",Wrighttown,UK,47175,True
ORD001190,CUST4589,Justin Hansen,qwalker@mcneil.com,2025-06-16 23:53:00,PROD690,Manage Book,Beauty,6,1099.16,0.12,32.84,5836.4,Net Banking,Delivered,"29734 Judy Path, Brettburgh, UT 59990",Catherinetown,Australia,69377,True
ORD001191,CUST1009,Joshua Smith,bhernandez@rios.com,2025-04-26 20:41:00,PROD912,Nearly Phone,Groceries,8,315.62,0.21,37.67,2032.39,Credit Card,Returned,"2395 Barton Curve Apt. 315, Shahville, MN 58890",East Garytown,UK,72695,True
ORD001192,CUST2582,Amy Hamilton,sheila75@jackson.com,2026-04-14 02:44:00,PROD934,Campaign Shoes,Electronics,5,487.46,0.12,41.26,2186.08,Credit Card,Cancelled,"USS Williams, FPO AP 82456",Snyderstad,India,68091,False
ORD001193,CUST7602,Kari Peterson,matthewsbailey@gmail.com,2025-03-03 06:11:00,PROD110,Floor Bag,Sports,2,138.71,0.14,5.95,244.53,UPI,Shipped,"723 Gutierrez Highway Suite 272, Mosesville, DE 38254",North Kyle,Germany,30118,False
ORD001194,CUST1686,Debra Bates,rebecca21@mcdowell-green.com,2025-07-11 06:19:00,PROD795,Woman Watch,Electronics,7,1240.42,0.28,31.76,6283.48,Net Banking,Cancelled,"416 Cole Bypass, Petersside, UT 55481",Amandamouth,Germany,35986,False
ORD001195,CUST7925,Tina Miller,jellis@yahoo.com,2025-01-16 08:44:00,PROD805,Figure Phone,Sports,8,1723.04,0.12,26.95,12157.15,UPI,Pending,"USCGC Weber, FPO AP 76400",Medinamouth,Australia,28894,False
ORD001196,CUST2359,Anthony Rasmussen,natasharodriguez@hotmail.com,2025-01-14 12:02:00,PROD351,Exactly Bag,Groceries,8,1519.3,0.03,12.61,11802.38,Cash on Delivery,Pending,"3780 Alexander Highway, South Courtneyborough, MI 09449",Brooksshire,Australia,23888,True
ORD001197,CUST8392,Dr. Stephanie Taylor,elizabethfry@harrison.com,2025-08-21 12:47:00,PROD321,Stand Phone,Books,6,486.55,0.3,1.72,2045.23,Credit Card,Shipped,"6721 Melissa Avenue, New Kimberlymouth, NY 76012",Kristinville,India,48658,True
ORD001198,CUST5501,Michael White,lsmith@hotmail.com,2025-10-31 21:49:00,PROD813,Still Phone,Books,1,1871.4,0.13,25.1,1653.22,Wallet,Delivered,"7836 Heidi Ford, East Rachelview, IA 83977",Morganborough,Australia,16886,True
ORD001199,CUST1652,Erica Oconnor,zglenn@yahoo.com,2025-05-10 18:07:00,PROD397,Team Phone,Home,9,984.74,0.27,14.67,6484.41,Net Banking,Processing,"Unit 7060 Box 0746, DPO AE 36938",East Monica,India,04614,True
ORD001200,CUST3893,Rachel Quinn MD,patricia43@yahoo.com,2026-05-11 02:12:00,PROD891,Opportunity Watch,Electronics,8,975.06,0.0,38.79,7839.27,UPI,Returned,"87621 Mcclain Station Suite 405, Teresahaven, NE 16483",West Kathleen,USA,95453,True
ORD001201,CUST2663,Mr. Christopher Hunter PhD,daniel98@harrison.org,2025-06-24 21:37:00,PROD268,Consider Shoes,Fashion,8,461.32,0.13,35.04,3245.83,Cash on Delivery,Pending,"33998 David Port, North Stevenville, DC 87246",West Jenniferhaven,Canada,34391,True
ORD001202,CUST9904,Heather Chavez,coxmaria@yahoo.com,2025-08-13 15:23:00,PROD208,Bring Watch,Books,7,45.97,0.16,34.69,304.99,Credit Card,Returned,"660 Stewart Plaza Apt. 911, Jenningsport, NV 86078",Vasquezmouth,Germany,99045,False
ORD001203,CUST8776,Tara Velasquez,qmorales@yahoo.com,2025-10-13 22:27:00,PROD510,Indeed Phone,Fashion,2,135.02,0.08,47.43,295.87,Debit Card,Shipped,"08529 Collins Islands Apt. 175, West Ashleyside, NM 69866",New Angela,India,64418,True
ORD001204,CUST5309,Julie Evans MD,jordangloria@cox.com,2025-03-24 02:36:00,PROD589,Physical Laptop,Groceries,3,1330.96,0.13,49.83,3523.64,Cash on Delivery,Shipped,"386 Johnson Light Suite 246, Harriston, GA 11998",Johnborough,USA,12161,False
ORD001205,CUST1183,Cheryl Knight,loriprince@dorsey.com,2025-03-01 17:02:00,PROD480,Relate Laptop,Sports,4,408.88,0.09,37.33,1525.65,Credit Card,Delivered,"8855 Flores Dale Suite 529, Garcialand, ID 54511",Mayerstad,India,60115,False
ORD001206,CUST4498,Kelly Stewart,debrabryant@gmail.com,2025-10-27 16:00:00,PROD293,Realize Bag,Books,5,1761.37,0.04,46.04,8500.62,Net Banking,Delivered,"6963 Lindsey Plains Suite 864, South Deniseberg, TX 51235",Lake Davidshire,UK,15029,True
ORD001207,CUST3080,Sydney Reynolds,tvilla@hotmail.com,2025-02-20 05:24:00,PROD978,Many Phone,Fashion,9,1268.63,0.16,40.19,9631.03,Credit Card,Processing,"368 Taylor Pine, Maryfort, NH 25567",Olsonton,UK,12357,True
ORD001208,CUST7658,April Pena,lawsonbrian@hotmail.com,2025-10-17 05:15:00,PROD161,Form Chair,Books,7,1680.34,0.11,11.27,10479.79,Credit Card,Shipped,"38721 David Wall, Danashire, SC 36416",Jessicafurt,Germany,22982,False
ORD001209,CUST3086,Robin Sharp,edwarddavis@yahoo.com,2025-01-15 06:42:00,PROD590,Large Phone,Groceries,6,784.6,0.18,43.35,3903.58,Wallet,Returned,"350 Keith Street, South David, TX 71078",West Alexiston,UK,84807,True
ORD001210,CUST2086,Erik Wyatt DDS,chamberspatricia@gmail.com,2025-05-04 19:33:00,PROD675,Chance Laptop,Beauty,5,996.78,0.02,29.99,4914.21,Debit Card,Delivered,"50745 Kathleen Summit Apt. 328, Port Breannashire, WY 61532",East Josephtown,Australia,40121,True
ORD001211,CUST9770,Christina Johnson,qwashington@thompson.com,2025-07-09 08:25:00,PROD719,Wrong Book,Home,0,931.69,0.24,45.86,3586.28,Net Banking,Shipped,"USCGC Wells, FPO AP 29417",Grahammouth,Canada,34219,False
ORD001212,CUST3248,Austin Martinez,varroyo@yahoo.com,2025-07-17 22:37:00,PROD580,Force Book,Electronics,9,1847.29,0.18,33.05,13666.05,Cash on Delivery,Cancelled,"7126 Patterson Junction, New Jay, OK 98146",New Joseph,UK,61144,False
ORD001213,CUST9413,Sandra Nixon,peckcorey@yahoo.com,2025-09-30 16:39:00,PROD333,Then Book,Home,2,506.93,0.08,13.56,946.31,Debit Card,Shipped,"062 Montgomery Streets, Williamport, NV 62518",East Janet,Canada,74552,True
ORD001214,CUST4085,Carlos Hancock,shannonrodriguez@rodriguez.com,2025-06-28 09:12:00,PROD886,Our Phone,Groceries,6,1037.76,0.12,13.2,5492.57,Debit Card,Delivered,"7142 Kristine Corners Suite 220, Gatesmouth, CO 06511",Lake Joshuaview,Australia,25350,False
ORD001215,CUST9521,Shawn Long,jason29@yahoo.com,2025-04-08 21:43:00,PROD277,Per Laptop,Beauty,6,1426.68,0.17,10.22,7115.09,Cash on Delivery,Delivered,"00722 Sanders Parkway, West Eric, AR 82709",Dorseymouth,Germany,88142,True
ORD001216,CUST7416,Mr. Thomas Lopez,benjaminwilliams@gmail.com,2025-04-16 19:50:00,PROD595,We Bag,Home,6,370.24,0.19,24.85,1824.22,Wallet,Processing,"25867 Dyer Haven Suite 586, South Gabrielport, SD 04146",West Joshua,UK,55702,False
ORD001217,CUST1053,Connie Joseph,deborah68@yahoo.com,2025-03-16 08:38:00,PROD168,Writer Shoes,Groceries,2,508.81,0.29,40.66,763.17,UPI,Delivered,"4635 Steven Park, West Teresa, CA 67960",Danielfort,UK,52390,False
ORD001218,CUST9020,Jasmine Padilla,amurphy@gmail.com,2026-04-24 17:37:00,PROD709,Analysis Laptop,Books,5,1024.68,0.13,13.29,4470.65,Net Banking,Delivered,"375 Ian Ville, Doylehaven, SC 18808",North Anneburgh,UK,17262,False
ORD001219,CUST5544,Nicholas Morgan,mary37@hotmail.com,2025-03-03 04:11:00,PROD210,Case Phone,Sports,2,725.86,0.24,2.73,1106.04,UPI,Pending,"0414 Shari Inlet Apt. 029, Williamsland, WY 64292",East Brittany,USA,19210,True
ORD001220,CUST2825,Manuel Gonzalez,patricia39@martin.com,2026-04-19 23:43:00,PROD445,Alone Phone,Beauty,7,413.76,0.27,28.33,2142.64,UPI,Pending,"628 Johnson Valley Suite 953, New Taylorborough, TN 39043",Powelltown,Germany,07093,False
ORD001221,CUST4872,Jessica Moore,zjordan@yahoo.com,2025-05-04 07:14:00,PROD255,Political Laptop,Sports,10,1209.3,0.23,46.39,9358.0,Wallet,Shipped,"0943 Wagner Wells, Rebeccatown, MD 44461",West Kristin,Germany,56491,True
ORD001222,CUST5419,John Lopez,jasongentry@gmail.com,2025-03-29 12:13:00,PROD928,Generation Watch,Electronics,9,1234.51,0.29,4.56,7893.08,Credit Card,Returned,"3468 Thomas Centers, Taylorborough, TX 89621",West Dana,USA,56917,False
ORD001223,CUST1051,Brian Gomez,dmiller@yahoo.com,2025-04-24 07:29:00,PROD344,True Bag,Home,10,335.46,0.05,11.02,3197.89,Net Banking,Pending,"868 Bender Ridges, West Teresa, KS 02992",Lake Savannah,Canada,85699,False
ORD001224,CUST7299,Lisa Miller,robert13@hotmail.com,2025-08-17 06:14:00,PROD971,Firm Phone,Groceries,2,1695.33,0.12,22.21,3005.99,Net Banking,Processing,"318 Amy Crossing, Rileyborough, NJ 55659",Port Derekborough,India,65245,False
ORD001225,CUST9315,Lindsey Glover,parsonsnancy@arias.com,2025-04-16 21:31:00,PROD730,Image Watch,Groceries,7,1580.23,0.16,16.1,9307.85,Net Banking,Delivered,"00239 Michael Forge Apt. 336, Lake Carl, AL 78311",North Gary,Canada,06464,True
ORD001226,CUST4393,Bryan Larson,hlopez@gmail.com,2025-07-10 04:45:00,PROD323,Prevent Book,Home,2,1203.9,0.21,18.88,1921.04,Net Banking,Delivered,"17756 Alan Avenue, Lake Bonnieland, MS 45426",Port Katherine,Germany,39039,True
ORD001227,CUST4998,Kendra Scott,ewilson@mitchell-vasquez.biz,2026-01-02 09:57:00,PROD760,Present Bag,Electronics,4,761.99,0.26,48.03,2303.52,Net Banking,Returned,"087 Dennis Divide Apt. 040, New Johnhaven, ND 95802",West Courtney,Australia,74936,True
ORD001228,CUST2465,Cassandra Harris,awade@brooks.com,2025-07-19 18:22:00,PROD547,Could Book,Home,6,765.04,0.15,36.21,3937.91,Debit Card,Delivered,"325 Jennifer Lights, West Dylan, AZ 22000",East Danielchester,Germany,61753,False
ORD001229,CUST9698,Molly Martin,pamelasnyder@garcia.biz,2026-04-12 08:30:00,PROD929,Like Shoes,Groceries,3,341.24,0.26,32.25,789.8,Credit Card,Cancelled,"7862 Harry Court, Jacobfurt, KS 99330",South Scott,UK,02564,False
ORD001230,CUST9605,Andrew Berry,vjennings@davidson.com,2025-01-25 07:05:00,PROD361,Young Watch,Fashion,3,189.29,0.21,2.5,451.12,UPI,Pending,"19841 Elizabeth Burgs Suite 550, Warrenburgh, LA 54615",Griffinbury,USA,65587,False
ORD001231,CUST1854,Jessica Bishop,hansenjessica@santos.com,2025-05-23 05:14:00,PROD686,Receive Bag,Groceries,7,626.64,0.16,11.59,3696.23,Cash on Delivery,Pending,"8355 Christopher Estates, Jacksonmouth, VA 18529",New Anthony,USA,90888,False
ORD001232,CUST2262,Cynthia Smith,waltonbryan@scott.com,2025-10-08 15:27:00,PROD168,To Chair,Electronics,3,476.31,0.24,9.77,1095.76,UPI,Returned,"99050 Kevin Locks, Calebfort, VT 36305",Phamland,USA,60910,True
ORD001233,CUST1143,James Fernandez,jgaines@yahoo.com,2026-02-03 14:35:00,PROD433,Day Chair,Fashion,6,1447.8,0.05,46.61,-8299.07,UPI,Processing,"40790 Walters Plains, East Amyhaven, OK 08685",North Wendyview,Canada,44445,True
ORD001234,CUST4963,Kathryn Neal,ebutler@hotmail.com,2025-09-14 16:57:00,PROD982,Traditional Phone,Groceries,1,790.64,0.05,23.45,774.56,UPI,Processing,"601 Williams Drives Apt. 764, Charlesfort, NH 99903",East Nicoleborough,Canada,73261,False
ORD001235,CUST1692,Michael Bell,shannon27@sandoval-morris.com,2025-08-25 07:29:00,PROD168,Shoulder Watch,Fashion,3,1421.87,0.21,8.1,3377.93,Credit Card,Cancelled,"928 Warren Point Suite 358, Thompsonmouth, RI 80151",East Courtney,Germany,44993,False
ORD001236,CUST9514,Stephanie Sims,anthony93@shaw.org,2025-09-28 15:43:00,PROD462,Such Chair,Sports,7,1102.88,0.22,44.44,6066.16,Wallet,Delivered,"8442 Wright Point Apt. 565, Lake John, OH 96582",Stanleyfurt,Australia,22261,False
ORD001237,CUST4389,Brittney Wright,melodyjacobson@mccoy-brown.com,2026-01-20 08:33:00,PROD175,Item Phone,Home,7,337.96,0.26,6.31,1756.94,UPI,Pending,"0142 Nicholas Spurs, West Nicole, HI 54974",South George,India,69730,False
ORD001238,CUST8135,Catherine Robinson,rjohnson@yahoo.com,2025-07-15 12:19:00,PROD893,Himself Bag,Groceries,6,52.63,0.15,37.52,305.93,Debit Card,Processing,"434 Villa Corner, North Tannerview, OK 35232",Victoriamouth,UK,63160,True
ORD001239,CUST8975,Carol Hess,melissatate@yahoo.com,2025-11-29 09:25:00,PROD508,Economy Watch,Beauty,4,288.92,0.27,45.18,888.83,Net Banking,Shipped,"29116 Goodwin Row Apt. 464, New Caitlyn, NV 23245",Scottborough,Germany,42864,True
ORD001240,CUST5840,Terry Montgomery,kathy91@yahoo.com,2025-08-26 04:26:00,PROD483,Education Laptop,Home,1,494.51,0.04,32.0,506.73,Net Banking,Pending,"5145 Laura Forges, Timothyshire, TX 31251",West Susanside,UK,22981,False
ORD001241,CUST2110,Patrick Bright,taylorrichard@strong-allen.info,2025-02-09 19:18:00,PROD460,Nor Book,Fashion,6,1643.08,0.17,2.03,8184.57,UPI,Delivered,"43014 Smith Manor Suite 106, Allenmouth, ME 80079",Port Dylanland,Canada,68510,True
ORD001242,CUST7082,Linda Graves,bmorgan@atkinson.info,2025-01-06 03:09:00,PROD124,Because Watch,Books,9,542.87,0.01,10.93,4847.9,UPI,Cancelled,"12502 Christopher Cape, West Kathleenburgh, NJ 22135",Mccormickhaven,Canada,30232,False
ORD001243,CUST8987,Ashley Thompson,bakerjacqueline@hotmail.com,2025-06-27 19:20:00,PROD543,Find Chair,Sports,5,739.1,0.24,29.28,2837.86,Credit Card,Delivered,"9669 Wagner Green, North Sarah, CA 37976",West Maryberg,Australia,34237,True
ORD001244,CUST5376,Martin Walker,johnanthony@yahoo.com,2026-05-11 04:59:00,PROD247,Author Shoes,Groceries,7,663.65,0.21,36.57,3706.55,Debit Card,Returned,"528 Singh Station Suite 757, Lewisfort, WV 80298",New Jerome,India,45067,False
ORD001245,CUST4172,John Harrison,bwallace@collins-garrett.com,2025-05-22 12:14:00,PROD527,Home Chair,Groceries,1,92.81,0.0,6.65,99.46,Debit Card,Delivered,"815 Kelsey Viaduct Apt. 903, Teresachester, AK 17981",Katrinachester,UK,81630,False
ORD001246,CUST4589,Janet Moran,michaelrhodes@yahoo.com,2026-04-15 06:00:00,PROD579,Adult Shoes,Beauty,2,330.97,0.01,36.36,691.68,Net Banking,Pending,"PSC 5121, Box 0184, APO AE 51543",Lake Derrick,India,41238,True
ORD001247,CUST9977,Donna Garcia,melissareed@brown-bailey.org,2025-12-09 14:51:00,PROD933,Property Bag,Home,6,1235.51,0.29,42.53,5305.8,Cash on Delivery,Shipped,"3524 Thomas Motorway Suite 076, Kiaramouth, IN 64181",Annstad,Australia,95845,False
ORD001248,CUST4706,Brittney Jones,sharon84@ellis-watkins.com,2025-09-27 04:42:00,PROD934,Beautiful Laptop,Books,10,1042.5,0.08,29.69,9620.69,Net Banking,Processing,"27929 Hart Trace Suite 523, Crawfordshire, RI 07413",North Lori,Germany,87634,False
ORD001249,CUST5920,Debra Kim,katherine59@miller.org,2026-04-27 16:19:00,PROD920,Sister Chair,Home,8,1945.66,0.3,2.56,10898.26,Credit Card,Cancelled,"85139 Brooks Gateway Suite 294, Jonesberg, NE 98521",North Joseph,USA,67494,True
ORD001250,CUST9287,Alex Gibbs,nicole11@george.com,2026-03-09 07:56:00,PROD471,Near Watch,Beauty,4,931.37,0.05,4.93,3544.14,Net Banking,Cancelled,"9338 Justin Station Apt. 716, East Jamesbury, NY 49483",Juanhaven,UK,85711,False
ORD001251,CUST1932,Jason Brock,ortegaerica@hotmail.com,2025-06-03 02:15:00,PROD546,Point Watch,Groceries,3,1248.0,0.28,33.14,2728.82,Net Banking,Shipped,"PSC 1378, Box 8021, APO AE 76568",South Todd,USA,95292,False
ORD001252,CUST7493,Kathleen Ellis,aallen@yahoo.com,2025-08-31 00:21:00,PROD702,Southern Shoes,Books,6,240.86,0.07,43.96,1387.96,Net Banking,Delivered,"USCGC Collins, FPO AA 39664",Christinaton,USA,27767,False
ORD001253,CUST2649,Victor Rodriguez,james11@gmail.com,2025-05-05 19:51:00,PROD184,Challenge Laptop,Groceries,3,675.54,0.18,29.67,1691.5,Cash on Delivery,Pending,"553 Lynn Plain, East Hayley, SD 11281",West Erika,India,09654,True
ORD001254,CUST1841,Matthew Edwards,yjohnson@smith-taylor.biz,2025-10-04 13:31:00,PROD102,Address Watch,Fashion,2,1869.08,0.24,34.87,2875.87,Credit Card,Processing,"151 Torres Parkways Suite 621, Haleyside, WA 33921",South Heidi,USA,76378,False
ORD001255,CUST6409,Anthony Aguilar,eknight@cooper.com,2026-03-08 11:43:00,PROD202,Coach Laptop,Sports,6,1333.79,0.03,8.26,7770.92,Credit Card,Shipped,"937 Tate Estates Suite 828, Alyssaside, CO 78061",Mariastad,India,11321,True
ORD001256,CUST5774,Nicholas Weber,lee64@reynolds-saunders.com,2026-02-25 06:50:00,PROD730,Economy Chair,Sports,3,1794.63,0.25,24.52,4062.44,Credit Card,Shipped,"41524 Tiffany Wells, Simpsonstad, KS 65212",Port Cesarshire,Canada,62095,False
ORD001257,CUST2574,Linda Reed,barrykevin@mcmillan-goodman.org,2025-03-12 02:29:00,PROD608,Respond Phone,Fashion,10,1705.53,0.05,38.8,16241.34,Cash on Delivery,Cancelled,"2502 Brian Spurs Suite 177, Port Cynthiabury, UT 55991",Lake Johnchester,Germany,13312,True
ORD001258,CUST6020,Edward Francis,cruzjoseph@morris-thompson.com,2025-07-21 10:42:00,PROD400,Fight Bag,Beauty,3,1391.34,0.24,17.94,3190.2,Net Banking,Cancelled,"86785 Susan Springs, South Rebeccafurt, NY 09707",Michaelmouth,UK,14894,True
ORD001259,CUST2301,Holly Perry,heathrobert@hotmail.com,2026-02-11 09:42:00,PROD160,Vote Phone,Electronics,6,425.04,0.14,35.16,2228.37,Debit Card,Pending,"363 King Route, West Ashleystad, DE 91675",Wilsonland,India,29216,False
ORD001260,CUST8890,Geoffrey Joyce,josewatson@dixon.biz,2025-03-06 04:46:00,PROD545,Policy Watch,Electronics,2,568.54,0.1,16.0,1039.37,Cash on Delivery,Processing,"26974 Riley Plaza, Aliciashire, NY 82745",Stevensonland,Australia,75428,False
ORD001261,CUST2082,Danny Bailey,greenjamie@hotmail.com,2026-04-25 22:13:00,PROD150,Type Laptop,Groceries,8,1314.08,0.11,19.54,9375.79,UPI,Shipped,"59164 Jimmy Crest, South Juan, VT 01809",South Peterville,UK,99217,True
ORD001262,CUST7919,Laura Shaw,stevenfleming@gmail.com,2026-02-21 15:29:00,PROD774,Think Book,Groceries,7,1568.53,0.26,22.48,8147.47,Wallet,Shipped,"60622 Alexander Field Suite 673, Tracystad, RI 96368",Gabrielhaven,Australia,41053,True
ORD001263,CUST3299,April Evans,robinsonjulie@harris-robinson.com,2025-01-04 05:16:00,PROD345,Foot Phone,Sports,7,190.97,0.26,16.73,1005.95,Net Banking,Pending,"746 Kaitlin Islands, Lake Jenny, MA 54654",North Angelaberg,Germany,02187,True
ORD001264,CUST7111,Sandy Fernandez,william62@hotmail.com,2026-01-05 05:26:00,PROD445,Audience Laptop,Electronics,1,1542.87,0.19,35.57,1285.29,Net Banking,Cancelled,"111 Wayne Common, Washingtontown, IL 84065",Colemanfurt,Canada,30455,True
ORD001265,CUST4222,Nathan Jensen,williamsantos@gmail.com,2025-04-19 04:21:00,PROD545,Join Chair,Beauty,9,550.52,0.12,26.44,4386.56,Credit Card,Cancelled,"USNV Perkins, FPO AA 44578",East Jamesfort,UK,80600,False
ORD001266,CUST8774,Christopher Beck,walltracy@gmail.com,2025-10-03 14:02:00,PROD949,Hair Watch,Books,5,668.55,0.12,31.35,2972.97,Wallet,,"132 Singh Crossroad, Bentonmouth, NV 13364",Brandonbury,Canada,07646,True
ORD001267,CUST4759,Jonathan Peters,martinezmichele@yahoo.com,2026-04-18 10:53:00,PROD784,Girl Phone,Home,10,449.68,0.08,44.58,4181.64,Net Banking,Pending,"918 Moore Stream Apt. 882, Lake Charlesville, OR 61686",Crawfordview,Germany,75781,True
ORD001268,CUST1782,James Miller,wgutierrez@gmail.com,2025-09-29 07:02:00,PROD177,Movie Chair,Groceries,4,1904.26,0.13,19.85,6646.67,UPI,Delivered,"PSC 2261, Box 9549, APO AP 03607",New Kevin,Canada,35043,False
ORD001269,CUST4496,Elizabeth Lambert,stephen66@gmail.com,2025-01-09 16:55:00,PROD646,Seven Bag,Sports,5,1538.96,0.2,24.83,6180.67,UPI,Cancelled,"5009 Heidi Ranch Suite 678, East Sophia, UT 85851",Susanshire,India,99672,True
ORD001270,CUST2305,Robert Bradshaw,mooresteve@yahoo.com,2026-04-19 12:35:00,PROD436,Identify Bag,Fashion,6,358.59,0.2,0.71,1721.94,Net Banking,Delivered,"360 Nichols Mill Apt. 020, Lake Jennifer, OH 13634",East Alexandershire,India,81477,True
ORD001271,CUST7986,Samuel Patterson,bmartin@lucas.com,2025-03-08 23:46:00,PROD308,Staff Bag,Fashion,5,342.2,0.09,12.85,1569.86,UPI,Processing,"5670 Davidson Prairie, West Richardmouth, LA 25901",Burnston,India,42135,False
ORD001272,CUST1054,Robert Harris,longjessica@garza.com,2025-06-08 17:44:00,PROD345,Experience Laptop,Groceries,9,1279.85,0.02,7.78,11296.06,UPI,Pending,"Unit 8873 Box 0588, DPO AA 70467",North Melissamouth,USA,28333,True
ORD001273,CUST3000,Mrs. Leslie Thompson,lesliejoyce@hotmail.com,2026-01-27 14:21:00,PROD592,Want Bag,Sports,2,1003.42,0.25,26.73,1531.86,UPI,Cancelled,"580 Smith Course, Paulmouth, WY 61691",North Anthonyshire,India,88518,False
ORD001274,CUST1298,Stephen Johnson,jonathan73@parker.biz,2026-02-08 02:22:00,PROD735,Some Chair,Groceries,3,778.82,0.06,47.25,2243.52,Credit Card,Returned,"941 Daniel Pines, Staceyfurt, CA 69140",East Daniel,India,02240,True
ORD001275,CUST6757,Calvin Keller,michaeljones@gmail.com,2025-03-16 10:10:00,PROD130,Weight Book,Groceries,9,1631.36,0.16,23.93,12357.01,Net Banking,Returned,"59409 Martin Ports, Bryanburgh, OK 59284",Lake Feliciaberg,UK,32863,True
ORD001276,CUST2096,Michelle Shelton,cphelps@hotmail.com,2026-02-18 16:49:00,PROD862,Impact Shoes,Groceries,7,428.66,0.06,31.87,2852.45,Cash on Delivery,Cancelled,"34039 Pierce Place Suite 443, New Coryborough, IA 21614",Lake Cindy,UK,90165,False
ORD001277,CUST6823,Michele White,williamrich@yahoo.com,2025-07-18 10:41:00,PROD117,Can Bag,Home,6,402.23,0.01,22.65,2411.9,Cash on Delivery,Pending,"185 Jeffrey Views Apt. 178, Brownmouth, NV 53715",Snydershire,Germany,18404,False
ORD001278,CUST2908,Dr. Robin Hansen,baxterbrian@schmidt.com,2026-01-19 00:20:00,PROD707,Summer Shoes,Books,8,175.02,0.25,29.73,1079.85,Net Banking,Cancelled,"8923 Jason Bridge, Kimhaven, DE 78440",West Katherine,Canada,62386,False
ORD001279,CUST7973,Carrie Morris,lopezrichard@hotmail.com,2025-03-03 19:51:00,PROD400,Thought Laptop,Groceries,1,1573.36,0.19,12.3,1286.72,Credit Card,Cancelled,"514 Perez Knolls Apt. 574, Ericahaven, FL 42855",Lake Robert,India,79608,False
ORD001280,CUST2218,Amber Rodriguez,gilldakota@gmail.com,2025-12-07 04:44:00,PROD643,Forward Book,Electronics,5,1632.31,0.3,14.03,5727.11,Net Banking,Delivered,"38515 Patterson Street Suite 705, Lake Robertside, PA 71882",New Jill,Germany,09376,False
ORD001281,CUST2640,Courtney Hamilton,katherineflores@williams-dorsey.com,2025-07-28 00:01:00,PROD471,Skin Laptop,Electronics,5,658.87,0.21,43.48,2646.02,UPI,Cancelled,"3338 John Road Suite 245, Brownland, MA 95196",Castanedaberg,Germany,53248,False
ORD001282,CUST6103,Joshua Colon,suzannecowan@russo.com,2026-03-31 03:11:00,PROD961,Reduce Chair,Sports,10,428.56,0.24,11.58,3268.64,Wallet,Shipped,"86974 Butler Valley Apt. 370, Lake Angela, KY 62050",Goodwinburgh,India,54661,False
ORD001283,CUST7884,Laura Parrish,haroldarmstrong@davis-bauer.com,2026-04-10 17:42:00,PROD195,Worker Bag,Home,5,205.37,0.12,46.54,950.17,UPI,Shipped,"USNS Taylor, FPO AP 00628",Lopezbury,Australia,90311,True
ORD001284,CUST7651,Sharon Davis,matthew41@hotmail.com,2025-03-12 02:06:00,PROD654,Position Laptop,Home,10,13.0,0.27,2.13,97.03,Debit Card,Shipped,"40035 Walker Flats, New Edward, ID 43280",Monicatown,Canada,40917,True
ORD001285,CUST1275,Ms. Nicole Bean,ygarcia@hotmail.com,2025-02-11 10:10:00,PROD581,Pattern Shoes,Beauty,3,1298.73,0.17,43.33,3277.17,Cash on Delivery,Returned,"32508 Thompson Plains, Solomonmouth, LA 82435",West Samuel,USA,07125,True
ORD001286,CUST4072,Kelly Marks,andrewjackson@stephens-thompson.org,2026-01-13 21:32:00,PROD604,Strong Phone,Fashion,4,1979.35,0.0,26.15,7943.55,Credit Card,Shipped,"7363 Randy Gardens Apt. 846, North Taylorfurt, FL 67891",East Shirleyfurt,UK,41342,True
ORD001287,CUST7742,Kaylee Patrick,ashley16@gmail.com,2025-11-10 21:24:00,PROD692,Environmental Book,Home,4,1650.93,0.09,6.81,6016.2,Debit Card,Cancelled,"031 Jennifer Spurs, South Robertfurt, HI 99032",New Joshua,Canada,42202,True
ORD001288,CUST5144,Dylan Smith,ygilbert@gmail.com,2025-12-28 13:16:00,PROD807,Commercial Shoes,Sports,10,997.87,0.29,20.28,7105.16,Debit Card,Processing,"PSC 5110, Box 8486, APO AE 05270",Simonchester,Australia,98471,True
ORD001289,CUST2182,Matthew Brown,phillipsbrittany@hotmail.com,2026-05-11 21:15:00,PROD800,Body Watch,Fashion,3,1423.58,0.07,12.5,3984.29,Debit Card,Pending,"89162 Ramirez Burg Suite 678, Luisfort, IN 19834",South Michaelburgh,Germany,90061,True
ORD001290,CUST6592,Steven Schroeder,joseph40@jones-jones.com,2025-10-22 00:41:00,PROD311,Right Watch,Fashion,4,1435.89,0.25,0.69,4308.36,Debit Card,Pending,"850 John Shoals, West Danielletown, NE 57349",Davisside,Australia,45041,True
ORD001291,CUST4302,Daniel Gonzalez,qgallagher@andrews-stewart.com,2026-03-21 11:20:00,PROD978,Simply Bag,Fashion,7,760.56,0.16,13.75,4485.84,Debit Card,Returned,"824 Eric View, New Susan, OH 09967",Kristiburgh,UK,06734,False
ORD001292,CUST1050,Shannon Frazier,kirkmonique@smith.org,2025-04-07 21:54:00,PROD543,Law Watch,Fashion,4,982.38,0.28,21.87,2851.12,Credit Card,Shipped,"0732 Brady Rapid, East Paigeport, AR 32884",West Brandon,India,99547,False
ORD001293,CUST7982,David Sanders,annwagner@phillips-blake.com,2025-09-26 09:13:00,PROD887,Meet Laptop,Books,7,225.28,0.09,14.17,1449.2,Wallet,Processing,"3999 Moore Street Suite 803, North Alexandra, KS 13087",Angelabury,India,17283,False
ORD001294,CUST7399,Amber Flores,theresa48@guerrero-cook.com,2025-06-28 09:41:00,PROD376,Think Shoes,Books,4,901.44,0.21,13.78,2862.33,Debit Card,Delivered,"77210 Timothy Heights, Thomasbury, CT 91178",South Davidview,UK,94120,True
ORD001295,CUST3370,Curtis Scott,rose86@yahoo.com,2025-01-09 07:41:00,PROD212,Represent Book,Beauty,8,772.24,0.3,27.59,4352.13,UPI,Returned,"USNS Mendoza, FPO AA 78996",Sullivantown,Canada,58498,False
ORD001296,CUST2755,James Blair,jbaker@gmail.com,2025-12-20 03:17:00,PROD347,Open Book,Home,9,1599.93,0.22,1.01,11232.52,Debit Card,Cancelled,"68938 Michael Walks, Port Amanda, SC 37468",West Jasonbury,Australia,48344,True
ORD001297,CUST7876,Albert Foster,xmccann@gmail.com,2025-11-18 15:33:00,PROD681,Road Book,Electronics,1,302.45,0.01,38.42,337.85,Net Banking,Cancelled,"PSC 6848, Box 0316, APO AE 52979",Millsmouth,USA,41801,True
ORD001298,CUST7585,Roy Tran,john64@bishop.com,2025-02-25 23:19:00,PROD785,Something Chair,Sports,7,506.08,0.24,29.31,2721.66,Wallet,Returned,"95395 Joy Vista, Williamsside, ID 24204",Hobbsport,Canada,92882,False
ORD001299,CUST6847,Anna King,spencer54@hotmail.com,2025-02-19 12:30:00,PROD582,Might Chair,Fashion,10,396.56,0.07,2.29,3690.3,Wallet,Shipped,"0499 Barbara Mall Suite 819, Michaelfurt, MA 75862",Bautistabury,Germany,80402,False
ORD001300,CUST7729,Richard Johnson,andrew73@weaver-sweeney.org,2025-04-27 13:35:00,PROD987,Big Laptop,Fashion,1,1381.01,0.03,44.8,1384.38,Net Banking,Processing,"PSC 8041, Box 7569, APO AP 36927",North Thomas,UK,94009,True
ORD001301,CUST2586,Renee Hurst,rpham@hotmail.com,2025-02-22 21:35:00,PROD137,Language Book,Electronics,8,1438.27,0.07,10.73,10711.46,Wallet,Shipped,"USS Hughes, FPO AP 61134",East Robert,UK,40897,True
ORD001302,CUST2946,Barbara Baker,tbarajas@yahoo.com,2025-05-24 20:37:00,PROD195,Listen Chair,Home,8,1786.74,0.03,46.18,13911.28,Wallet,Cancelled,"USS Everett, FPO AA 43452",Bensonside,Canada,09240,True
ORD001303,CUST9020,Briana Carrillo,melissachang@davidson.com,2025-01-23 15:44:00,PROD936,Evening Shoes,Groceries,5,1084.44,0.2,34.79,4372.55,Net Banking,Pending,"608 Garcia Square, Ericaside, MA 48723",South Jennifer,Germany,08589,True
ORD001304,CUST6847,Diana Bryant,davidflores@hotmail.com,2025-02-15 16:37:00,PROD871,International Watch,Sports,4,1850.0,0.08,21.36,6829.36,Cash on Delivery,Shipped,"Unit 0716 Box 9448, DPO AP 13015",Karatown,USA,01127,True
ORD001305,CUST4837,Nicholas Johnson,robert23@gmail.com,2026-01-14 03:40:00,PROD855,Approach Laptop,Beauty,10,47.62,0.08,8.6,446.7,Debit Card,Processing,"79729 Warren Estates Apt. 885, Ericborough, KY 34399",Johnstonberg,USA,49631,True
ORD001306,CUST2931,Samuel Gillespie,lisarussell@yahoo.com,2025-04-12 04:18:00,PROD843,Fact Bag,Fashion,8,127.24,0.13,30.93,916.52,UPI,Pending,"783 Browning Circle Suite 392, Deborahshire, WY 56883",Stevensside,Australia,42943,False
ORD001307,CUST1124,James Tate,oroberts@smith.com,2026-03-04 21:27:00,PROD275,Huge Book,Electronics,3,1377.39,0.25,7.95,3107.08,Wallet,Delivered,"USS Williams, FPO AE 26843",South Evelynfort,USA,61429,False
ORD001308,CUST3722,John Key,ewingnicole@hotmail.com,2025-02-25 02:48:00,PROD372,Seat Bag,Sports,3,427.51,0.05,5.42,1223.82,Cash on Delivery,Processing,"76350 Marks Trace Suite 272, Lake Kellyhaven, SC 13698",Kerrchester,Canada,61037,False
ORD001309,CUST3820,Timothy Jackson,thomasmichael@gmail.com,2026-03-30 14:10:00,PROD725,Away Chair,Groceries,10,1068.03,0.17,47.68,8912.33,Net Banking,Delivered,"158 Forbes Groves, Martinezchester, LA 50826",Zhanghaven,Germany,21154,False
ORD001310,CUST2491,Mrs. Christina Oliver,floreslaura@yahoo.com,2025-05-14 19:13:00,PROD995,Alone Phone,Electronics,1,396.56,0.09,38.63,399.5,Cash on Delivery,Delivered,"1340 Perez Way, East Laura, AR 93852",Reyeschester,USA,53709,True
ORD001311,CUST3215,Donna Smith,joshuaburton@wilson.com,2025-04-28 23:44:00,PROD154,Do Phone,Fashion,9,1899.38,0.03,23.97,16605.56,Wallet,Returned,"617 Michael Cliff, New Antonio, NV 29907",North Jeffrey,USA,58642,True
ORD001312,CUST6556,Nicole Gaines,michael52@yahoo.com,2025-05-04 01:32:00,PROD637,Break Phone,Electronics,10,1089.62,0.02,26.95,10705.23,UPI,Pending,"0557 Michael Estate, Barryfurt, NM 35488",Christopherborough,Germany,45546,False
ORD001313,CUST4612,Laurie Monroe,sarahstewart@yahoo.com,2025-10-09 04:52:00,PROD815,Picture Bag,Electronics,3,92.82,0.15,41.9,278.59,Wallet,Processing,"56006 Matthew Key Apt. 517, Nealstad, OR 26814",Richview,USA,77566,False
ORD001314,CUST5527,Austin Krause,josephoneill@yahoo.com,2025-02-06 13:46:00,PROD967,Next Book,Electronics,9,164.91,0.23,23.04,1165.87,Credit Card,Returned,"762 James Grove, Hinesfurt, TX 49876",West Edgarchester,India,44460,True
ORD001315,CUST2328,Robert Anderson,rwilliams@hotmail.com,2026-02-01 21:44:00,PROD184,Beyond Bag,Fashion,1,1726.46,0.22,4.18,1350.82,Net Banking,Processing,"Unit 0148 Box 1297, DPO AE 81165",Bradleyside,India,79287,False
ORD001316,CUST3453,Mary Sanchez,pachecopatricia@hotmail.com,2026-02-06 17:41:00,PROD461,Break Book,Books,6,119.21,0.19,48.43,627.79,Cash on Delivery,Pending,"08058 Mark Shoal, New Davidtown, IL 37544",West Virginiaside,India,97635,False
ORD001317,CUST9847,Nathan Williams,matthewmay@hotmail.com,2026-01-21 09:16:00,PROD588,Than Book,Books,3,174.66,0.24,30.02,428.24,Wallet,Cancelled,"213 Colton Squares, Carrollchester, DC 83911",East Ritaport,India,56883,True
ORD001318,CUST8121,Sandra Parsons,hernandezgina@reed.com,2025-03-31 09:32:00,PROD578,Approach Laptop,Electronics,10,1577.68,0.09,23.44,14380.33,Wallet,Cancelled,"884 George Vista Apt. 609, North John, VA 34542",Woodstad,India,65438,True
ORD001319,CUST9452,Shelby Blake,travis81@gmail.com,2025-12-05 08:56:00,PROD381,Agency Phone,Fashion,4,758.9,0.19,4.43,2463.27,Net Banking,Returned,"43896 Banks Locks Suite 508, Thomasshire, MD 25408",Port David,UK,30137,True
ORD001320,CUST6999,Zachary Kaiser,lscott@yahoo.com,2025-05-01 13:09:00,PROD417,Bit Chair,Fashion,5,1025.81,0.3,18.48,3608.82,Wallet,Pending,"7458 Wilson Summit Apt. 583, West Nicole, NC 29238",Josephview,UK,18950,True
ORD001321,CUST8537,Kara Moreno,alexissalazar@james-gonzalez.com,2025-10-10 22:02:00,PROD732,Red Book,Groceries,8,110.81,0.06,20.51,853.8,Credit Card,Cancelled,"PSC 6276, Box 2236, APO AP 31428",Port Grantmouth,Canada,30738,True
ORD001322,CUST9660,Barbara Harris,cynthia78@hotmail.com,2025-03-06 02:03:00,PROD227,Start Phone,Sports,5,1604.98,0.28,43.26,5821.19,Cash on Delivery,Shipped,"USNS Stein, FPO AE 67861",North Michellefort,India,11074,False
ORD001323,CUST9448,Alyssa Anderson,mikayla02@hotmail.com,2025-11-17 23:16:00,PROD298,Imagine Watch,Beauty,3,1097.22,0.14,44.02,2874.85,Debit Card,Processing,"7353 Davis Villages Suite 391, Lake Jaybury, UT 16714",Masseychester,Canada,61929,True
ORD001324,CUST5835,Mandy Beasley,qmoyer@yahoo.com,2025-07-24 08:15:00,PROD843,Meet Shoes,Sports,3,1347.63,0.04,20.0,3901.17,Wallet,Returned,"11040 William Gateway, Mathisburgh, AK 11633",Harrisonfort,Australia,81880,False
ORD001325,CUST9656,Maria Lopez,deanlewis@gmail.com,2025-07-28 09:10:00,PROD541,Yeah Shoes,Electronics,1,489.22,0.13,35.85,461.47,UPI,Shipped,"2577 Carrillo Motorway, Kingmouth, MA 06779",North Dominique,Germany,68811,True
ORD001326,CUST7122,Hailey Davis,ryan03@hotmail.com,2025-08-25 01:52:00,PROD875,Human Book,Groceries,7,586.79,0.29,19.49,2935.84,Credit Card,Shipped,"687 Thompson Tunnel, Port Kaitlinport, MA 90686",West Elizabeth,USA,78365,False
ORD001327,CUST1381,Paul Brown,feliciathompson@yahoo.com,2026-02-08 07:46:00,PROD784,Effort Laptop,Books,6,683.16,0.2,14.69,3293.86,Net Banking,Returned,"54616 Vargas Highway, Reesemouth, NV 69358",New Victoriashire,Germany,68236,False
ORD001328,CUST4700,Cindy Perry,mollynguyen@roberts.org,2026-02-10 08:55:00,PROD848,Central Laptop,Home,5,1028.4,0.29,26.52,3677.34,Debit Card,Pending,"85723 Ali Center, New Juanborough, NM 75336",Taylorborough,Canada,66716,True
ORD001329,CUST6569,Lauren Ware,katie99@yahoo.com,2026-03-02 08:21:00,PROD138,Respond Book,Beauty,3,934.04,0.25,3.08,2104.67,Cash on Delivery,Returned,"782 Andrew Plaza, North Kristinaville, KS 23819",Contreraston,India,52289,False
ORD001330,CUST5222,Brady Freeman,kingbrandi@gmail.com,2025-05-03 06:58:00,PROD701,Other Book,Beauty,4,421.83,0.23,17.75,1316.99,Credit Card,Cancelled,"08004 Robertson Orchard Apt. 422, Hodgeport, VA 91237",Hendersonberg,UK,81655,True
ORD001331,CUST3027,Jose Castaneda,bryantbrenda@gmail.com,2026-02-18 04:51:00,PROD657,Situation Laptop,Sports,2,184.66,0.21,22.74,314.5,Debit Card,Delivered,"343 Mark Meadows, Brooksmouth, NJ 65736",Lewisberg,USA,51357,True
ORD001332,CUST1642,Patricia Patel,brandon10@yahoo.com,2025-11-20 21:12:00,PROD516,Section Chair,Electronics,8,437.48,0.12,16.15,3096.01,Cash on Delivery,Processing,"140 Gaines Club Apt. 806, Lake Vickieton, KS 52186",Claychester,India,79700,True
ORD001333,CUST8564,Sandra Nelson,stevenskaren@roberts.com,2026-04-16 19:48:00,PROD612,In Chair,Books,9,995.85,0.29,49.57,6413.05,Wallet,Pending,"032 Sherman Loaf, Jenniferstad, ND 58892",Burnsmouth,Australia,96091,True
ORD001334,CUST2835,Wayne Malone,sthompson@delgado.info,2025-01-06 05:13:00,PROD662,Thought Shoes,Groceries,1,1994.54,0.01,5.34,1979.93,Wallet,Delivered,"126 Jorge Square Apt. 631, Thompsonmouth, MO 91993",Jonathanshire,Canada,05514,True
ORD001335,CUST2961,Amy Jacobs,zoneal@gmail.com,2025-05-06 22:24:00,PROD842,Admit Watch,Electronics,6,947.18,0.21,13.19,4502.82,Wallet,Shipped,"62105 Paul Centers Suite 870, Maryhaven, CO 27302",Kathyborough,Australia,90655,True
ORD001336,CUST3018,Nicole Chaney,kdiaz@weeks-eaton.org,2025-07-20 11:39:00,PROD991,Free Phone,Beauty,6,272.18,0.02,15.56,1615.98,Wallet,Pending,"7705 Evans Ramp Apt. 712, Lynchville, LA 92749",Port Shelley,Germany,01741,True
ORD001337,CUST3282,Cameron Wright,tinamyers@lee.com,2025-10-04 09:14:00,PROD874,Attack Watch,Fashion,4,797.02,0.14,41.9,2783.65,Debit Card,Cancelled,"57712 Alicia Extensions Suite 195, Mullinsfort, TN 48288",Angelaburgh,Australia,20835,True
ORD001338,CUST6532,Jacob Andrade,bbarnett@gmail.com,2026-04-28 06:38:00,PROD528,Accept Laptop,Electronics,10,1014.18,0.02,22.56,9961.52,UPI,Shipped,"82933 Sampson Plains, Rosefort, MN 95685",West Leah,India,78964,False
ORD001339,CUST6529,Elizabeth Harding,melissa74@yahoo.com,2025-03-08 16:34:00,PROD343,Factor Watch,Books,7,1881.63,0.01,18.34,13058.04,Net Banking,Pending,"72831 Sandra Crossing Suite 088, New Timothyfurt, ME 46457",Lake Ericaside,UK,15064,True
ORD001340,CUST4161,Erica Smith,ftucker@king-graham.org,2025-09-23 22:06:00,PROD995,Difference Laptop,Sports,2,1493.95,0.13,42.33,2641.8,Debit Card,Pending,"3646 Allen Forges Apt. 477, Juliachester, ID 63351",East Laura,Germany,91254,False
ORD001341,CUST4487,Steven Shaw,aaron37@clark-mercado.info,2025-07-23 19:05:00,PROD202,Election Shoes,Groceries,1,775.64,0.21,3.63,616.39,Debit Card,Returned,"52194 Luis Roads Apt. 472, Johnsonfort, SD 74382",Martinland,Germany,35848,False
ORD001342,CUST8950,Kevin Hayes,ismith@hotmail.com,2025-07-02 01:52:00,PROD534,Would Chair,Sports,7,1020.61,0.06,28.6,6744.21,Cash on Delivery,Delivered,"817 Washington Stravenue, South Ryan, RI 58332",Alexandriaport,USA,66818,True
ORD001343,CUST8330,Melanie Reed,hwilson@hotmail.com,2025-09-26 08:18:00,PROD898,Population Shoes,Home,1,236.08,0.09,27.73,242.56,UPI,Cancelled,"9616 Megan Island Apt. 574, Woodsview, NV 84414",North Donald,USA,67031,False
ORD001344,CUST4829,Jesse Wood,reillykatelyn@harrison.net,2026-03-18 21:58:00,PROD760,Thus Book,Sports,9,1474.63,0.16,20.37,11168.57,Cash on Delivery,Processing,"Unit 2290 Box 0059, DPO AE 42403",Michaelville,India,57930,True
ORD001345,CUST7033,Frank Diaz,jessica19@ramirez.com,2025-02-22 21:23:00,PROD678,Issue Phone,Beauty,8,1383.76,0.01,41.11,11000.49,Credit Card,Cancelled,"23933 Kim Track Suite 533, Natalieborough, VT 48791",Edwardsshire,Germany,88390,False
ORD001346,CUST7600,Laura Bright,jessicawilson@hendricks-fox.net,2025-10-21 05:59:00,PROD874,Middle Phone,Beauty,1,1430.73,0.14,12.76,1243.19,Wallet,Processing,"788 Kimberly Turnpike Suite 376, North Brianna, NH 29270",Port Samuel,Canada,50940,False
ORD001347,CUST8474,Keith Sandoval,sarah00@hotmail.com,2026-01-28 19:36:00,PROD191,Question Phone,Home,7,1739.81,0.2,41.51,9784.45,Debit Card,Returned,"072 Moore Ridge Apt. 107, Lake Hunter, MO 47122",South Zachary,Canada,45803,False
ORD001348,CUST9199,David Cook,rojasronald@gmail.com,2025-10-24 12:40:00,PROD417,Author Phone,Sports,10,500.16,0.1,5.15,4506.59,Debit Card,Pending,"98724 Spencer Stravenue Suite 088, Adrianmouth, MD 26778",West Jamesfurt,USA,44899,True
ORD001349,CUST1897,Karen Kim,arthur70@miller-lee.com,2025-02-25 05:53:00,PROD517,Issue Phone,Beauty,4,592.39,0.04,48.46,2323.24,Credit Card,Delivered,"12815 Kelley Plaza Suite 027, Jeffreyshire, OH 20894",West Tiffanyshire,Canada,22868,False
ORD001350,CUST8241,Daniel Garcia,harrellronald@knight.com,2025-03-21 12:40:00,PROD278,Nice Bag,Fashion,2,917.08,0.13,44.58,1640.3,UPI,Returned,"483 Osborne Track Apt. 672, New Ralph, TN 54733",South Thomasstad,Canada,46362,True
ORD001351,CUST9523,Joann Sanchez,craig05@hotmail.com,2025-09-24 19:14:00,PROD241,Sometimes Bag,Sports,6,1341.94,0.18,18.09,6620.43,Credit Card,Processing,"2504 Harold Spurs Apt. 085, Allisonberg, MA 63996",Katelynfort,Germany,82982,True
ORD001352,CUST6592,Joseph Hernandez,mcguirechristopher@mccormick.com,2026-04-05 11:26:00,PROD130,Particularly Phone,Groceries,2,1963.29,0.27,28.31,2894.71,Debit Card,Delivered,"0816 Christopher Roads Suite 661, Lake Justin, KY 58231",Brandonton,UK,41380,False
ORD001353,CUST7198,Eric Rush,conniejohnson@dean.com,2025-10-06 21:09:00,PROD452,Policy Watch,Beauty,7,1323.53,0.03,27.53,9014.3,Credit Card,Cancelled,"6580 Kristina Lock, New Jeff, NM 18864",West Michael,USA,67346,True
ORD001354,CUST9659,Anne Johnson,michaelpatton@pitts-contreras.com,2025-10-15 15:51:00,PROD421,Expert Phone,Home,7,201.01,0.25,44.11,1099.41,Credit Card,Processing,"3900 Jordan Forest Apt. 488, Simpsonburgh, MD 14196",Alejandroshire,Germany,49846,True
ORD001355,CUST5454,Jeffrey Cunningham,charlessummers@hotmail.com,2026-02-02 08:25:00,PROD741,More Laptop,Groceries,9,302.16,0.18,38.66,2268.6,Credit Card,Cancelled,"Unit 6688 Box 1303, DPO AP 72010",Noahville,USA,89546,False
ORD001356,CUST2025,Brendan Brown,mark66@gmail.com,2026-01-21 07:00:00,PROD156,Hope Laptop,Groceries,1,1337.09,0.15,30.02,1166.55,Net Banking,Delivered,"53612 Powell Parkway, Fosterburgh, WV 77047",Sarahshire,Canada,41012,True
ORD001357,CUST1785,Jack Peters DDS,owensjesse@gmail.com,2025-02-08 02:42:00,PROD167,Behind Watch,Sports,4,1629.56,0.1,48.47,5914.89,Credit Card,Pending,"60426 Joseph Trail Suite 716, Benjaminview, WI 14235",Jacobview,Canada,37716,False
ORD001358,CUST3903,Melanie Mason,srodgers@andersen.org,2025-02-11 09:40:00,PROD983,Success Bag,Sports,10,150.96,0.22,2.72,1180.21,Debit Card,Delivered,"780 Larson Oval, Taylorborough, OH 25710",Wrightfurt,Canada,43133,False
ORD001359,CUST1275,Emily Thompson,zsmith@yahoo.com,2025-11-25 13:40:00,PROD607,Father Watch,Books,3,105.35,0.11,31.88,313.16,Wallet,Shipped,"6440 Ryan Crossing, West James, MD 46798",Paulside,Germany,26382,False
ORD001360,CUST3130,Tony Cortez,amandamcmillan@ward.com,2025-03-25 01:45:00,PROD710,Explain Shoes,Home,8,1771.44,0.22,38.15,11091.94,Credit Card,Delivered,"USNV Mejia, FPO AA 44969",West Richardside,Canada,66471,True
ORD001361,CUST2094,Kayla Hill,gonzalesthomas@myers.com,2026-01-17 15:46:00,PROD887,Alone Chair,Home,8,1846.04,0.28,49.1,10682.29,Credit Card,Cancelled,"937 Jessica Gateway, South Terry, IA 32461",South David,UK,59110,False
ORD001362,CUST6863,Jessica Carter,carpentermegan@yahoo.com,2025-02-04 06:12:00,PROD832,Note Shoes,Fashion,4,910.46,0.03,6.63,3539.21,UPI,Shipped,"Unit 7492 Box 9449, DPO AP 25913",East Robertstad,UK,84020,True
ORD001363,CUST2665,Brooke Cline,twagner@hotmail.com,2025-08-28 17:59:00,PROD180,Under Phone,Fashion,2,931.19,0.06,49.81,1800.45,Credit Card,Processing,"66783 Anthony Club Suite 131, Coletown, IA 40138",East Angelaside,UK,29547,True
ORD001364,CUST6651,Brian Flores,garciarichard@meyers.net,2025-04-23 13:15:00,PROD485,Article Laptop,Fashion,9,1959.19,0.1,23.39,15892.83,Debit Card,Cancelled,"895 Charles Knoll, Kimberlybury, NJ 71827",West Toddview,UK,11850,True
ORD001365,CUST6292,Lauren Miller,asmith@gmail.com,2026-04-02 21:34:00,PROD148,Eat Shoes,Groceries,5,617.66,0.18,36.3,2568.71,Net Banking,Processing,"46026 Lisa Inlet Suite 892, West Daniel, OH 91767",Port Susan,Germany,56371,True
ORD001366,CUST5098,Annette Conner,bradley62@brown.com,2026-05-14 03:27:00,PROD951,Bank Laptop,Books,5,573.1,0.02,22.59,2830.78,Net Banking,Returned,"970 Taylor Ridges Apt. 099, Dayburgh, NE 70096",Barnesstad,Canada,07004,True
ORD001367,CUST2231,Mrs. Kristen Farmer,carterscott@ruiz.com,2026-04-20 04:57:00,PROD114,Never Chair,Fashion,8,1483.13,0.15,25.67,10110.95,Cash on Delivery,Processing,"43903 Carrie Drives Apt. 056, South Laura, AL 83402",Lake Shari,India,65045,False
ORD001368,CUST3811,Roger Orozco,bryanjackson@gmail.com,2026-04-03 18:34:00,PROD686,No Phone,Home,3,209.16,0.06,25.97,615.8,Cash on Delivery,Delivered,"29322 Lambert Extensions Suite 401, Brittanybury, TX 39264",Townsendstad,UK,38726,False
ORD001369,CUST3903,Bradley Herrera,carol78@gmail.com,2025-04-30 13:55:00,PROD656,Art Bag,Home,4,1750.09,0.16,43.83,5924.13,Net Banking,Cancelled,"463 Jenkins Rapid, South Megan, SC 85641",Deborahview,India,44565,False
ORD001370,CUST9922,Kimberly Ward,cadkins@carpenter.com,2025-04-28 18:48:00,PROD836,Beyond Bag,Books,8,1919.74,0.01,39.28,-15243.62,Net Banking,Cancelled,"59804 Jason Creek, Emilyshire, KS 02910",North Christopherfurt,Australia,04563,True
ORD001371,CUST9491,Luke Gonzalez,jacob62@pacheco.com,2025-08-21 15:44:00,PROD898,Right Chair,Fashion,1,808.31,0.28,11.8,593.78,Credit Card,Delivered,"4266 Jerry Light, West Brianside, ID 14316",North Thomasmouth,Germany,16370,True
ORD001372,CUST6372,Lauren Stewart,cookdaniel@hotmail.com,2025-07-12 17:09:00,PROD790,Public Shoes,Electronics,2,1319.53,0.05,11.2,2518.31,Net Banking,Shipped,"190 Mckenzie Throughway, Robertmouth, IN 84083",Ericchester,Australia,30101,False
ORD001373,CUST2193,Jacob Ruiz,michaelbaker@gmail.com,2025-01-08 10:34:00,PROD635,Reach Bag,Groceries,8,1874.43,0.21,20.25,11866.65,Debit Card,Processing,"USNS Bush, FPO AP 99735",Mendozaville,India,07621,True
ORD001374,CUST5399,Gabriel Henderson,bianca35@alexander-roberts.com,2025-06-17 18:25:00,PROD340,Particularly Watch,Sports,8,1511.15,0.29,27.88,8611.21,Wallet,Cancelled,"75322 Shields Road Suite 526, West Alisonhaven, VT 69196",South Lisaside,Canada,33173,False
ORD001375,CUST1555,Wesley Stewart,jonesfrancisco@wilson-carter.net,2026-02-06 17:55:00,PROD719,Forget Bag,Beauty,1,1906.41,0.04,45.93,1876.08,Debit Card,Shipped,"Unit 4673 Box 1371, DPO AP 62099",Christophertown,Australia,89943,False
ORD001376,CUST6533,Kyle Collins,danielsthomas@gmail.com,2026-05-15 23:38:00,PROD966,Dark Bag,Sports,5,1017.19,0.09,6.5,4634.71,Wallet,Cancelled,"176 Steven Loaf, East Debraton, CT 88594",South Jason,Canada,29553,True
ORD001377,CUST8231,Mary Boyd,pmartin@harrison-james.biz,2025-11-28 02:18:00,PROD193,Event Book,Fashion,6,906.47,0.16,22.89,4591.5,Debit Card,Pending,"154 Kimberly Stream, Lake Patriciamouth, FL 38630",North Robertview,Canada,27472,False
ORD001378,CUST8405,Michael Turner,kingyolanda@rich-hopkins.biz,2025-08-18 12:30:00,PROD381,Charge Watch,Groceries,4,1080.84,0.29,9.34,3078.93,Credit Card,Cancelled,"30642 Laura Manors, Richardbury, PA 46075",Lake Jacquelineberg,Canada,31704,True
ORD001379,CUST8151,Michael Myers,brucetyler@scott-lopez.com,2026-01-04 20:42:00,PROD617,Billion Watch,Beauty,8,992.32,0.16,19.22,6687.61,Debit Card,Processing,"USNV Carpenter, FPO AA 01752",Johnsonmouth,USA,85117,False
ORD001380,CUST9591,Ashley Vazquez,pbaird@velazquez.com,2025-09-22 18:12:00,PROD100,Put Watch,Beauty,8,1988.41,0.01,32.17,15780.38,Debit Card,Shipped,"107 Danielle Plain, Raymouth, WA 49750",North Angelahaven,Australia,30309,True
ORD001381,CUST7241,Mrs. Melissa Morris,tracy73@gmail.com,2025-07-08 01:44:00,PROD845,Example Phone,Home,5,1766.63,0.2,43.39,7109.91,Cash on Delivery,Delivered,"973 Blake Neck Apt. 168, Ericstad, IA 10528",Roblesmouth,UK,06894,True
ORD001382,CUST7136,Aaron Elliott,millerjulie@hotmail.com,2025-01-16 21:07:00,PROD374,Generation Book,Fashion,3,562.8,0.16,38.92,1457.18,Wallet,Shipped,"0952 Mark Turnpike Suite 095, Dorseyberg, CA 70052",Sergioberg,UK,51693,False
ORD001383,CUST5040,Anthony Shah,chase11@reed.biz,2025-10-31 12:12:00,PROD749,Cost Shoes,Beauty,3,709.27,0.24,14.71,1631.85,Wallet,Returned,"806 Christopher Crossing, Lake Lorraine, OR 44047",New Edgar,Australia,21497,False
ORD001384,CUST2689,Tyler Lopez,wjimenez@gmail.com,2026-02-09 12:53:00,PROD448,Thank Watch,Fashion,0,1733.25,0.06,48.02,6565.04,UPI,Cancelled,"561 Thompson Mount, West Christopherview, HI 65618",Lopezborough,India,41860,False
ORD001385,CUST7374,Crystal Henry,rebekahgarcia@yahoo.com,2025-04-06 17:48:00,PROD271,Seven Phone,Fashion,6,1446.23,0.28,8.89,6256.6,Net Banking,Shipped,"07937 Rodriguez Run Suite 199, Douglaston, TN 43661",Lake Susan,Canada,43755,True
ORD001386,CUST9265,Sergio Davidson,michael87@franklin-faulkner.org,2026-03-21 22:14:00,PROD208,Door Phone,Beauty,6,1061.83,0.23,18.5,4924.15,Net Banking,Processing,"3795 Hernandez Pike, South Susanland, OR 19976",East Malikville,Germany,86969,False
ORD001387,CUST1256,Angel Rios,johnsonmark@dougherty-rhodes.com,2025-01-14 20:31:00,PROD724,Trouble Book,Groceries,9,529.38,0.12,42.51,4235.2,Net Banking,Shipped,"412 Donald Stream Apt. 232, New Timothybury, WV 42673",Brownshire,Australia,40400,False
ORD001388,CUST9393,Ronald Garcia,riggstheresa@hotmail.com,2026-02-27 08:14:00,PROD944,Unit Phone,Electronics,1,392.35,0.19,6.0,323.8,Credit Card,Returned,"9213 Roger Streets, East Nicholas, NC 01356",South Carlos,UK,14487,False
ORD001389,CUST2409,Angela Cole,jennifer88@gmail.com,2025-03-26 01:12:00,PROD958,Now Book,Fashion,9,1666.88,0.1,11.8,13513.53,Net Banking,Pending,"473 Cody Underpass Apt. 704, Randallport, MN 41547",Anthonyfort,Germany,02500,True
ORD001390,CUST3842,Thomas Hull,melissastark@hotmail.com,2025-06-16 09:29:00,PROD474,Several Phone,Fashion,2,656.9,0.1,5.36,1187.78,Net Banking,Returned,"082 Zachary Islands, Port Sarahside, NM 63578",West Zachary,UK,97012,True
ORD001391,CUST2787,John Gay,craig33@hotmail.com,2025-05-02 13:28:00,PROD390,Along Chair,Groceries,6,96.36,0.29,13.29,423.78,Credit Card,Processing,"6670 Lewis Fort, North Ashleyland, NE 91853",North Veronicashire,India,44067,False
ORD001392,CUST8747,Daniel Larson,jessicarandall@yahoo.com,2025-04-01 14:24:00,PROD674,Reveal Laptop,Sports,10,1060.78,0.3,34.8,7460.26,Cash on Delivery,Cancelled,"9170 Todd Roads Apt. 061, North Paula, MN 68312",North Thomas,USA,13149,False
ORD001393,CUST7589,Ronald Cole,kennethhansen@yahoo.com,2025-01-04 08:23:00,PROD266,Either Shoes,Home,3,473.84,0.15,27.89,1236.18,Wallet,Shipped,"65299 Matthew Forges Suite 791, North Lisa, WA 95955",New Michaelside,UK,87196,False
ORD001394,CUST5579,Alison Young,knappamanda@hotmail.com,2025-01-30 10:55:00,PROD405,Pm Chair,Fashion,10,1015.35,0.24,22.49,7739.15,Debit Card,Delivered,"445 Murphy Squares Suite 817, Kellyburgh, MD 34619",Lake Michaelland,UK,48985,False
ORD001395,CUST6199,Mary Barnes,elliottgrant@gmail.com,2025-09-19 10:47:00,PROD906,Shoulder Bag,Groceries,5,1084.99,0.1,29.42,4911.87,Wallet,Shipped,"9930 Charles Glens Apt. 405, South Crystaltown, CA 33903",Stephaniestad,Germany,41045,True
ORD001396,CUST6444,Abigail Williams,benjamin46@sweeney-king.info,2025-09-15 04:19:00,PROD126,Image Shoes,Groceries,10,1821.42,0.29,40.62,12972.7,Credit Card,Delivered,"8752 Sullivan Haven, Port Julian, DC 41953",Hendersonland,India,25721,True
ORD001397,CUST3148,Melissa Morrison,huertadaniel@stafford.com,2025-03-21 09:23:00,PROD758,Responsibility Chair,Groceries,4,1174.73,0.26,3.64,3480.84,Credit Card,Processing,"159 Guzman Inlet, North Matthew, NV 09759",Scottchester,Germany,90123,False
ORD001398,CUST7974,Travis Washington,loriwhitaker@gmail.com,2025-02-05 06:00:00,PROD668,Process Bag,Fashion,6,683.16,0.01,10.2,4068.17,Cash on Delivery,Returned,"31976 Brown Lake, Tabithaville, NY 33790",Joshuashire,India,55475,False
ORD001399,CUST9038,Philip Schneider,felicia18@lopez.com,2025-06-05 09:54:00,PROD247,Total Watch,Groceries,9,1051.96,0.11,29.32,8455.52,Cash on Delivery,Returned,"2447 Kimberly Mount, Tiffanyland, KY 39735",Andrewtown,USA,75793,False
ORD001400,CUST1104,Janice Rosales,yyoung@hotmail.com,2025-08-18 20:50:00,PROD232,Clear Book,Groceries,8,1440.12,0.09,20.66,10504.73,Wallet,Returned,"878 Dawn Neck Apt. 767, Langshire, IL 59845",West Johnberg,Australia,46456,True
ORD001401,CUST9902,Brett Medina,imartinez@griffin.biz,2026-04-16 11:18:00,PROD927,Large Chair,Electronics,4,1899.66,0.02,10.92,7457.59,Cash on Delivery,Processing,"91919 Patricia Estates Suite 425, North Shane, OR 65541",New Laurachester,USA,99070,True
ORD001402,CUST5994,Emma Wilson,ngross@hotmail.com,2026-03-05 02:08:00,PROD739,Perhaps Laptop,Electronics,4,1215.13,0.26,32.26,3629.04,Net Banking,Returned,"0447 Church Views Apt. 405, Singletonmouth, DC 48367",Lake Christopherstad,Australia,37476,True
ORD001403,CUST8588,Douglas Bowman,iburnett@yahoo.com,2026-03-30 02:33:00,PROD453,Improve Laptop,Sports,4,833.66,0.15,10.2,2844.64,Debit Card,Cancelled,"Unit 3744 Box 8455, DPO AP 44649",Myerschester,UK,28094,False
ORD001404,CUST6256,George Nelson,ericksontonya@key.com,2025-09-23 22:05:00,PROD366,Statement Bag,Home,8,358.0,0.05,17.5,2738.3,Wallet,Delivered,"77282 Price Islands Suite 089, Mckenzieburgh, SD 56387",Johnsonchester,Australia,56032,False
ORD001405,CUST2478,Kimberly French,tgraham@weaver-may.org,2025-09-05 04:24:00,PROD623,Than Chair,Groceries,3,1726.16,0.28,16.27,3744.78,Cash on Delivery,Cancelled,"50079 Pham Meadows Suite 377, Beckerview, KY 64853",South Victoriashire,Australia,08972,False
ORD001406,CUST8201,Jean Duffy,andrew72@yahoo.com,2025-07-15 21:35:00,PROD223,Policy Bag,Books,4,1460.46,0.12,27.47,5168.29,Debit Card,Processing,"69156 Moreno Neck, East Brian, AZ 03271",East Jasonport,India,97095,False
ORD001407,CUST4049,Brenda Arroyo,jesse69@hotmail.com,2025-12-18 06:12:00,PROD957,Continue Laptop,Home,8,1575.49,0.22,46.29,9877.35,Debit Card,Returned,"418 Christopher Light Suite 991, Lake Heathershire, ME 55620",Benjaminland,USA,14522,True
ORD001408,CUST7997,Kristen Holder,ryan59@davis-miller.com,2025-10-23 18:58:00,PROD918,Ahead Book,Beauty,10,432.13,0.12,8.56,3811.3,Wallet,Pending,"059 Riggs Springs, Lucasview, IL 75730",Margaretside,India,89061,False
ORD001409,CUST5006,John Gilmore,alyssaevans@gmail.com,2025-05-01 17:35:00,PROD908,Matter Phone,Groceries,3,476.73,0.05,32.67,1391.35,Wallet,Returned,"8503 Lisa Street, Port Shane, DC 90125",South Barbaraland,USA,53064,False
ORD001410,CUST9078,Anthony Skinner,ericramos@hotmail.com,2025-10-12 09:17:00,PROD324,Child Shoes,Groceries,7,248.7,0.22,23.15,1381.05,Net Banking,Returned,"837 Ralph Point Suite 793, Michelleland, GA 69519",Ramoshaven,Germany,64410,True
ORD001411,CUST2908,Jonathan Ryan,phillipsscott@wiggins.org,2026-04-28 00:36:00,PROD284,Study Watch,Sports,6,525.77,0.08,40.54,2942.79,Wallet,Delivered,"415 Robinson Shores, East Andrewtown, CA 92823",South Lindashire,UK,09553,True
ORD001412,CUST8676,Reginald Ramirez,lbrown@diaz-rice.com,2025-04-06 18:11:00,PROD877,Film Phone,Books,8,144.42,0.02,12.32,1144.57,Cash on Delivery,Cancelled,"5019 Mitchell Circles, North Nicolemouth, ME 48916",Ramosbury,India,12510,True
ORD001413,CUST4981,Karen Benson,mhill@stein.com,2025-09-09 22:57:00,PROD233,Join Shoes,Electronics,6,280.86,0.29,47.29,1243.75,Cash on Delivery,Cancelled,"USCGC Duarte, FPO AE 24734",Lake Sarahmouth,India,28433,True
ORD001414,CUST9010,David Larson,skinnernancy@guerrero.org,2026-02-11 11:25:00,PROD721,Congress Chair,Beauty,1,1098.22,0.05,44.17,1087.48,Net Banking,Shipped,"922 Smith Alley, Joneshaven, MA 35880",Houseton,Canada,22923,False
ORD001415,CUST7460,Emily Miller,matthewbowen@yahoo.com,2025-06-28 21:13:00,PROD162,Them Chair,Groceries,6,1336.36,0.11,11.84,7148.0,Credit Card,Cancelled,"004 Williams Island, North Jasmine, MD 80618",Brownberg,USA,63667,True
ORD001416,CUST6254,Richard Lindsey,mbarajas@yahoo.com,2025-05-23 09:15:00,PROD212,Key Watch,Electronics,7,1292.59,0.24,42.76,6919.34,UPI,Cancelled,"8562 Kennedy Branch Suite 224, Hancockton, OR 35032",Shermanfort,USA,44739,True
ORD001417,CUST6705,Sheryl Rodgers,gwaters@evans.com,2026-03-23 23:36:00,PROD779,Idea Laptop,Electronics,2,50.57,0.04,28.86,125.95,UPI,Returned,"97557 Angela Locks, Rojasfurt, MD 06613",Josephport,USA,12482,False
ORD001418,CUST7808,Susan Ramirez,katie67@smith.com,2025-05-22 20:55:00,PROD581,Attention Laptop,Fashion,9,389.74,0.18,9.82,2886.1,Cash on Delivery,Pending,"78626 Rich Mills, West Douglasland, VA 74352",West Edwardtown,Canada,58865,False
ORD001419,CUST4395,Mary Miller,pattersonchristian@robinson-ward.info,2025-02-17 19:07:00,PROD261,Class Laptop,Groceries,3,798.65,0.19,36.59,1977.31,Cash on Delivery,Pending,"766 Felicia Island, Davidmouth, CO 42764",North Laurachester,Australia,02323,False
ORD001420,CUST2899,Ronald Bryant,smithshane@spencer-white.com,2025-07-29 14:48:00,PROD215,Hold Watch,Books,3,111.74,0.18,37.3,312.18,Credit Card,Pending,"86770 Patterson Curve Apt. 922, West Brenda, KS 27410",Lake Brittanyberg,USA,15016,True
ORD001421,CUST8170,Jesse Thompson,mnichols@yahoo.com,2025-01-22 03:39:00,PROD354,Them Shoes,Sports,1,895.75,0.22,33.09,731.78,Cash on Delivery,Cancelled,"089 George Trail Apt. 599, Lindseymouth, WI 51760",North Gregoryburgh,Australia,45359,True
ORD001422,CUST3930,Rebecca Brown,adavis@fernandez.com,2025-01-19 09:36:00,PROD566,Structure Bag,Beauty,4,865.74,0.1,26.81,3143.47,UPI,Returned,"206 Stephen Fork Suite 595, West Davidmouth, MS 99234",South Janetberg,Canada,75545,True
ORD001423,CUST9598,Robert Reed,paulhatfield@gmail.com,2025-03-18 09:11:00,PROD243,Statement Book,Groceries,2,184.75,0.01,27.92,393.72,Credit Card,Delivered,"732 Christine Fall Suite 450, South Christinatown, NV 73789",Weissside,Canada,65777,False
ORD001424,CUST7008,Ruth Herrera,patricia00@smith.net,2025-03-10 04:38:00,PROD458,Field Bag,Books,5,754.28,0.01,41.16,3774.85,Credit Card,Processing,"Unit 3930 Box 0460, DPO AE 92456",Marychester,Australia,00672,True
ORD001425,CUST1279,Lisa Phelps,reyesannette@hotmail.com,2026-02-17 06:45:00,PROD894,Election Laptop,Fashion,10,1194.42,0.04,34.73,11501.16,Net Banking,Delivered,"4790 Adkins View, North Jose, DC 64539",East Melindachester,India,34957,True
ORD001426,CUST4473,Zachary Smith,samantha01@gardner.com,2025-05-22 06:27:00,PROD966,Fire Laptop,Home,6,1101.64,0.16,19.37,5571.64,Credit Card,Processing,"427 Johnson Estate, New Mark, NV 21970",Leroyburgh,Australia,02224,True
ORD001427,CUST9107,Charles Herrera,megan01@rivera.info,2025-01-14 04:30:00,PROD384,Be Laptop,Fashion,1,847.81,0.11,8.1,762.65,Wallet,Processing,"875 Jennifer Crossing Apt. 918, Christophertown, WA 12636",Curtistown,Canada,93979,True
ORD001428,CUST3129,April Green,jessica51@patterson-munoz.com,2025-08-15 23:46:00,PROD229,Direction Chair,Home,2,865.29,0.26,1.12,1281.75,Wallet,Processing,"6926 West Pass, Hoodborough, OK 20273",Gregoryborough,Australia,79502,True
ORD001429,CUST5676,William Richardson,cshepherd@hernandez.com,2025-06-25 10:16:00,PROD133,Me Shoes,Electronics,3,1656.4,0.21,32.1,3957.77,Credit Card,Processing,"125 Ashley Meadows Suite 943, Evanschester, TX 91378",North Diane,India,97394,False
ORD001430,CUST2063,Melissa Carlson,stephanie81@yahoo.com,2026-04-10 12:31:00,PROD479,Almost Watch,Sports,10,1828.84,0.19,18.43,14832.03,Cash on Delivery,Shipped,"46318 Williamson Prairie Suite 633, East Jamesview, IL 32046",Lake April,Germany,83253,False
ORD001431,CUST5114,Ashley Hudson,markbishop@hopkins.com,2025-05-26 13:53:00,PROD572,Star Watch,Electronics,3,1891.81,0.08,42.08,5263.48,Credit Card,Processing,"6847 Lisa Run Apt. 602, Edwardshaven, MT 56419",South Wesley,India,47283,True
ORD001432,CUST7759,Zachary Lee,jamesandrade@elliott.com,2026-01-29 03:51:00,PROD667,Politics Shoes,Electronics,9,249.66,0.06,40.3,2152.42,Net Banking,Returned,"7707 Garcia Square, Taylortown, NY 87038",Francofurt,UK,60845,False
ORD001433,CUST7000,Victoria Thompson,kstephens@smith-gray.biz,2026-01-26 02:31:00,PROD558,Too Laptop,Fashion,3,850.49,0.01,0.66,2526.62,Wallet,Pending,"79042 Jackson Spring, Nicholashaven, NE 72057",Lake Shannonberg,India,21050,True
ORD001434,CUST2665,Ashlee Carr,hsmith@gmail.com,2026-05-14 10:45:00,PROD352,Onto Laptop,Books,1,929.59,0.06,2.12,875.93,Cash on Delivery,Delivered,"8098 Dyer Green, Rebekahmouth, OK 06337",Phyllisside,USA,32834,False
ORD001435,CUST4268,Jason Flynn,omoon@gmail.com,2025-02-10 01:52:00,PROD920,Impact Watch,Fashion,5,725.44,0.16,13.78,3060.63,Credit Card,Shipped,"18066 Evans Island, Reidport, SC 03685",Hardytown,Australia,92606,True
ORD001436,CUST8320,Joseph Nielsen,scottmartinez@hotmail.com,2025-01-13 00:36:00,PROD536,Under Bag,Books,7,367.54,0.16,26.41,2187.55,Wallet,Shipped,"41557 Jimmy Street Suite 314, North Mary, MA 51317",West Timothy,Germany,79444,False
ORD001437,CUST7595,Nathan Sanchez,kcherry@perez-aguirre.com,2025-01-16 06:07:00,PROD260,Range Chair,Groceries,9,15.91,0.06,33.55,168.15,Net Banking,Processing,"6208 Bryan Mill Suite 640, West Scottport, MS 18708",New Christinafort,Germany,67478,False
ORD001438,CUST8782,Sarah Cooper,rebecca42@cook-kramer.biz,2026-04-01 12:27:00,PROD119,Look Laptop,Electronics,3,162.47,0.18,26.23,425.91,UPI,Processing,"907 Derek Stravenue, Kennedyview, NE 87822",North Leonardview,UK,14160,False
ORD001439,CUST1828,Christopher Love,hlambert@zhang.com,2025-08-06 03:19:00,PROD557,Suggest Phone,Books,6,1255.54,0.01,3.39,7461.3,Cash on Delivery,Pending,"25468 Lopez Loop Suite 103, Richardfort, SD 73198",New Robinborough,UK,64806,True
ORD001440,CUST2113,Angela Torres,othomas@diaz.com,2026-04-13 08:02:00,PROD940,Church Bag,Sports,1,1499.3,0.08,11.8,1391.16,Cash on Delivery,Cancelled,"6096 Justin Tunnel Apt. 910, New Danielfurt, TN 78210",Kyleport,Australia,94906,False
ORD001441,CUST1692,Anthony Wells,vanderson@yahoo.com,2025-10-21 00:20:00,PROD361,Short Phone,Sports,4,1337.08,0.21,15.83,4241.0,Wallet,Processing,"52258 Parks Views, North Victor, GA 14788",Braunstad,India,52911,False
ORD001442,CUST4664,Ashley Brady,epotter@cervantes.com,2025-11-28 19:52:00,PROD763,Relationship Laptop,Fashion,8,1858.88,0.12,30.31,13116.83,Net Banking,Delivered,"PSC 0250, Box 0642, APO AE 60582",Odonnellview,Canada,32639,False
ORD001443,CUST7258,Kenneth Parker,donald65@gmail.com,2025-12-17 03:52:00,PROD201,Throw Shoes,Fashion,7,767.53,0.17,14.63,4473.98,Net Banking,Delivered,"7741 Wendy Bridge, New Nathaniel, MI 25699",Cooperside,Germany,65190,True
ORD001444,CUST3998,Kristy Rodgers,jennifer55@rivers.com,2025-09-06 15:36:00,PROD315,Source Bag,Beauty,5,500.24,0.25,38.11,1914.01,Wallet,Delivered,"4303 Carrie Park, Bushport, WI 38153",East Kimberly,Australia,19569,False
ORD001445,CUST5327,Ellen Shelton,usteele@yahoo.com,2025-10-26 18:58:00,PROD269,Unit Watch,Groceries,2,1991.36,0.13,0.73,3465.7,Cash on Delivery,Returned,"7246 Mcintyre Orchard Apt. 834, New Laurachester, SC 86891",North Antonioshire,USA,58473,True
ORD001446,CUST2458,Dorothy Thompson,cameronfields@martinez.com,2025-04-20 14:03:00,PROD520,Land Laptop,Groceries,9,924.18,0.27,42.21,6114.07,Debit Card,Pending,"702 Black Cliffs Apt. 557, West Katiehaven, KS 30463",Erikastad,Australia,50164,True
ORD001447,CUST4853,Bruce Hernandez,james44@moran.com,2025-11-19 21:40:00,PROD478,My Bag,Beauty,5,194.68,0.28,46.83,747.68,Wallet,Pending,"313 Bishop Highway Apt. 578, Melodytown, NJ 27930",East Alexandraland,Canada,84016,False
ORD001448,CUST9251,Benjamin Long,stantonwilliam@scott-tate.net,2026-04-07 04:57:00,PROD740,Mouth Phone,Home,2,171.58,0.13,1.12,299.67,Cash on Delivery,Cancelled,"707 Mitchell Burgs Suite 095, Lake Richardberg, TN 28984",South Richard,Canada,33972,True
ORD001449,CUST8393,Shelley Rich,ronaldchavez@rosario.org,2026-02-22 02:34:00,PROD464,Network Phone,Sports,7,1788.86,0.09,6.91,11401.95,Cash on Delivery,Pending,"78937 Simpson Isle Apt. 399, Houstonborough, OK 14766",Michaelview,USA,14608,False
ORD001450,CUST5251,Renee Gardner,shaun92@martin.com,2026-05-13 16:23:00,PROD653,Blood Laptop,Books,8,1865.35,0.16,3.09,12538.24,Net Banking,Pending,"59952 Mcfarland Mission Suite 155, East Susan, SD 58955",North Laura,Germany,28440,False
ORD001451,CUST7606,Ruth Rivera,jensenrodney@gmail.com,2025-12-08 02:53:00,PROD193,Town Chair,Beauty,3,1685.03,0.11,4.26,4503.29,Cash on Delivery,Cancelled,"021 Laurie Turnpike Apt. 278, Parkershire, NC 88361",Browntown,India,46511,True
ORD001452,CUST9268,Calvin Nguyen,nlee@smith.biz,2025-09-19 15:43:00,PROD254,Piece Watch,Beauty,10,544.48,0.05,33.52,5206.08,Net Banking,Cancelled,"927 Lowe Underpass Suite 226, Stewartland, WA 46102",Lake Jorge,Canada,27555,False
ORD001453,CUST2448,Brandi Douglas,sean31@yahoo.com,2025-12-07 20:03:00,PROD909,Traditional Phone,Books,5,91.05,0.11,35.67,440.84,Credit Card,Shipped,"941 Keller Island Suite 243, Adamshire, FL 65140",Pughland,Germany,46998,False
ORD001454,CUST4672,Thomas Wade,adam70@yahoo.com,2025-01-23 15:57:00,PROD441,Represent Bag,Books,9,1286.44,0.05,14.21,11013.27,UPI,Returned,"1103 Denise Mews, Andersontown, MI 76398",West Joshuastad,India,54797,False
ORD001455,CUST5637,Thomas Harvey,yparks@gmail.com,2025-10-25 21:42:00,PROD955,Best Phone,Books,7,367.54,0.19,44.24,2128.19,Net Banking,Delivered,"434 Kayla Alley, South Destiny, NH 50110",Stevenchester,Canada,84701,True
ORD001456,CUST2061,Sara Foster,jessicamatthews@yahoo.com,2026-01-04 08:59:00,PROD554,Media Laptop,Fashion,10,861.47,0.08,25.59,7951.11,Wallet,Processing,"Unit 1050 Box 6859, DPO AE 99108",East John,Germany,80711,True
ORD001457,CUST9890,Stephanie Simmons,collinstodd@shields.biz,2025-07-17 04:10:00,PROD659,These Shoes,Electronics,6,1162.09,0.07,31.52,6515.98,Wallet,Shipped,"05342 Stephanie Station Apt. 629, North Sarah, SD 50024",West Mikaylafort,Canada,15122,True
ORD001458,CUST3252,Amber Sanders,robinsonmelanie@yahoo.com,2025-05-17 17:25:00,PROD364,Article Watch,Books,9,1394.89,0.07,2.05,11677.28,Debit Card,Delivered,"1179 Ramos Meadows, North Brooke, MT 58587",New Sarahfurt,Canada,88725,False
ORD001459,CUST4513,Joel Gilbert,edwardroy@robinson.net,2025-11-05 18:04:00,PROD949,Nation Laptop,Sports,7,49.0,0.25,4.46,261.71,Cash on Delivery,Pending,"9888 Jonathan Forge Suite 596, Medinachester, NV 33745",Lake Jimmy,USA,05187,False
ORD001460,CUST4811,Jessica Lam,lolsen@yahoo.com,2025-12-05 19:40:00,PROD318,Admit Watch,Beauty,3,1997.17,0.26,35.74,4469.46,Net Banking,Pending,"67211 Reyes Track, West Andrewburgh, ND 24423",Karenfurt,India,40947,False
ORD001461,CUST1359,Maria Wall,shannonfisher@brown-ramirez.com,2025-04-06 07:02:00,PROD269,Record Book,Home,5,645.83,0.15,20.03,2764.81,UPI,Returned,"159 Fowler Mountains, Port Jeffreyland, CT 67696",Lake Johnshire,UK,03572,True
ORD001462,CUST5737,Steven Wheeler,sgross@hotmail.com,2025-05-15 03:39:00,PROD380,Everybody Laptop,Groceries,2,860.69,0.2,43.65,1420.75,Wallet,Returned,"815 Cassidy Fork Suite 278, Port Jacquelineland, TX 21542",Clarkeside,UK,78688,False
ORD001463,CUST3077,Marcus Anthony,davidsonmargaret@hotmail.com,2026-03-09 02:30:00,PROD816,Baby Book,Sports,8,1793.67,0.28,3.27,10334.81,Wallet,Cancelled,"1666 Curtis Trace Suite 294, North Robert, NJ 07074",West Joystad,Canada,73163,True
ORD001464,CUST5448,Zachary Smith,ldawson@hotmail.com,2025-10-07 17:58:00,PROD181,Future Watch,Home,1,1733.27,0.14,27.56,1518.17,Net Banking,Pending,"0030 Christopher Circles, Davisstad, OH 80305",Thompsonberg,Canada,90450,True
ORD001465,CUST9944,Eric Spears,deanna19@yahoo.com,2026-02-08 07:53:00,PROD532,Perform Phone,Beauty,6,1246.98,0.28,31.33,5418.28,Wallet,Shipped,"Unit 5832 Box 5199, DPO AE 11347",East Michellefurt,Canada,30962,True
ORD001466,CUST6117,Timothy Conley,fcalhoun@wolf.com,2025-12-24 18:25:00,PROD805,To Chair,Electronics,10,1101.36,0.09,25.34,10047.72,UPI,Cancelled,"239 Figueroa Greens Apt. 448, North John, AL 15861",West Deborahmouth,Germany,63060,False
ORD001467,CUST1959,Donald Garcia,clarkamy@yahoo.com,2025-06-10 21:03:00,PROD965,Home Bag,Groceries,2,252.61,0.04,29.96,514.97,Net Banking,Processing,"37508 Chelsea Gardens, South Luisburgh, MD 20116",East Joshua,Germany,33415,True
ORD001468,CUST2013,Anne Harris,bmoody@yahoo.com,2025-12-23 12:56:00,PROD332,Yes Chair,Sports,1,705.77,0.02,3.93,695.58,Wallet,Returned,"3350 Robert Green, Kelseyhaven, ME 68464",New Patricia,Canada,05962,False
ORD001469,CUST5258,Michael Moore,michaelreed@yahoo.com,2025-04-17 13:20:00,PROD435,Smile Book,Sports,4,824.53,0.21,6.29,2611.8,Credit Card,Cancelled,"706 Crystal Lake, Ramseyfurt, NC 08429",Michaelberg,UK,89163,False
ORD001470,CUST9689,Charles Harris,xchaney@brown.com,2025-01-04 01:01:00,PROD694,To Book,Fashion,10,1313.85,0.17,40.35,10945.3,Credit Card,Shipped,"034 Maria Well Suite 775, Rosalesside, UT 89059",Lewisfort,Germany,12264,False
ORD001471,CUST8067,Jeffrey Lawrence,warrenmichelle@hotmail.com,2025-07-12 21:55:00,PROD609,Time Watch,Electronics,5,1572.11,0.22,27.84,6159.07,UPI,Delivered,"981 Janet Shoal, Lake Misty, MA 59863",Meganfort,UK,51477,False
ORD001472,CUST6569,Dwayne Wilson,kmoore@gmail.com,2025-03-24 00:52:00,PROD650,Actually Laptop,Sports,5,632.92,0.26,24.5,2366.3,Net Banking,Delivered,"6442 Martinez Path, South Charlesfurt, VA 57192",New Carol,Germany,45048,False
ORD001473,CUST5228,Trevor Barrett,christinajones@mccann.biz,2026-05-09 07:12:00,PROD918,Administration Watch,Books,9,1611.5,0.01,6.54,14365.01,Debit Card,Shipped,"8571 John Run, Lake Alexander, PA 44155",Durhammouth,Australia,82624,True
ORD001474,CUST6685,Kevin Austin,jasonjackson@payne.com,2026-01-30 13:21:00,PROD334,Research Laptop,Electronics,5,113.11,0.12,16.7,514.38,Cash on Delivery,Cancelled,"Unit 8886 Box 0811, DPO AE 60845",West Caitlinburgh,Australia,27283,False
ORD001475,CUST8015,Allison Deleon,romeromatthew@hotmail.com,2025-03-24 05:07:00,PROD589,Recognize Bag,Beauty,3,308.55,0.05,38.1,917.47,Net Banking,Delivered,"3721 Glenn Walks Suite 763, Port Sherri, OR 10452",Port Kevinhaven,Germany,39434,False
ORD001476,CUST2637,Amber Garza,xrivera@yahoo.com,2025-03-10 10:39:00,PROD194,Music Book,Groceries,2,783.34,0.03,8.84,1528.52,Wallet,Returned,"18180 Lisa Vista Suite 472, Lake Stephaniebury, DE 21405",Kellymouth,Germany,41024,False
ORD001477,CUST8883,Daniel Anderson,andersontracy@west.com,2025-01-31 00:48:00,PROD828,Cost Watch,Sports,9,34.95,0.14,25.81,296.32,Debit Card,,"5888 Monique Place, Cherylburgh, MT 29159",Port Josefurt,USA,45598,True
ORD001478,CUST8309,Jesse Mcdowell,smithmaurice@villa.com,2025-03-30 18:38:00,PROD238,Machine Bag,Books,6,890.96,0.24,0.68,4063.46,UPI,Shipped,"1362 James Run, North Jasonmouth, HI 04419",Port Candicetown,USA,10298,False
ORD001479,CUST8843,Nicole Price,grimesjoel@yahoo.com,2025-02-08 04:46:00,PROD450,Also Shoes,Books,2,1839.45,0.02,26.44,3631.76,UPI,Processing,"USCGC Thomas, FPO AA 21042",Lake Juliastad,Australia,06866,False
ORD001480,CUST5337,Laura Arnold,hannahclay@yahoo.com,2026-03-20 17:03:00,PROD626,Drop Shoes,Home,8,1110.44,0.29,31.78,6339.08,Debit Card,Shipped,"0162 Anderson Cliff, West Meganshire, MS 16166",Sanchezstad,India,87734,True
ORD001481,CUST1515,Nicholas Morgan,dianejohnson@ramos-brown.org,2025-09-15 10:56:00,PROD792,They Watch,Home,5,727.25,0.23,47.5,2847.41,UPI,Pending,"USNS Carter, FPO AE 63121",Clarenceborough,Australia,44799,False
ORD001482,CUST2825,Melanie Perry,annawalker@perez-baird.com,2025-05-27 20:29:00,PROD243,Medical Shoes,Fashion,6,1480.84,0.26,42.28,6617.21,Cash on Delivery,Pending,"195 Jacqueline Burgs, Curtisberg, MS 64482",Bradleyport,UK,56930,False
ORD001483,CUST8385,Mariah Adams,hannakimberly@gmail.com,2026-01-30 17:39:00,PROD548,Participant Chair,Books,8,1365.93,0.19,40.78,8892.01,Debit Card,Pending,"8464 Brian Parkway Apt. 902, East Aaron, MI 14284",South Julieville,USA,64281,False
ORD001484,CUST9829,Amanda Costa,peterberger@walters-lang.com,2025-11-27 20:43:00,PROD488,Institution Bag,Fashion,3,981.12,0.01,43.38,2957.31,Credit Card,Cancelled,"228 Frey Street Suite 568, Muellerburgh, FL 00959",Meganside,UK,64224,False
ORD001485,CUST5045,Allen Perez,justinbennett@yahoo.com,2026-01-01 00:41:00,PROD946,Behavior Laptop,Home,9,126.25,0.25,30.34,882.53,UPI,Delivered,"719 Pace Junction, North Michelle, OR 48762",Alexisside,Australia,07175,True
ORD001486,CUST4759,Mark Hurst,kevin35@yahoo.com,2025-01-17 12:38:00,PROD438,Which Chair,Fashion,4,653.37,0.16,41.49,2236.81,UPI,Shipped,"PSC 2729, Box 4361, APO AE 80481",New Abigailburgh,India,34720,True
ORD001487,CUST9276,Matthew Wilson,scott23@yahoo.com,2026-03-16 22:50:00,PROD393,According Phone,Electronics,2,1031.83,0.21,19.82,1650.11,Net Banking,Delivered,"0602 Michael Isle, Rebeccaborough, TN 11021",West Julia,Germany,59497,True
ORD001488,CUST9766,Xavier Payne,sara75@yahoo.com,2025-05-23 08:16:00,PROD470,Respond Bag,Electronics,6,527.0,0.13,41.29,2792.23,Net Banking,Processing,"79058 Spencer Plaza Apt. 739, East Kari, WA 53729",North Kathleenside,Canada,21948,True
ORD001489,CUST6251,Jenny Guerrero,ifarley@gmail.com,2025-08-19 22:50:00,PROD346,Station Bag,Sports,9,218.77,0.19,32.55,1627.38,Credit Card,Returned,"6467 Green Point Suite 625, New Josestad, WA 89695",Lake Michelleport,USA,32982,False
ORD001490,CUST7972,Samantha Berry,taylor09@henson.com,2026-05-07 16:32:00,PROD700,Near Phone,Sports,5,1748.9,0.22,40.2,6860.91,Debit Card,Cancelled,"43825 Thomas Gateway Apt. 865, New Kathrynville, OK 69850",Port Michaelhaven,Australia,27391,True
ORD001491,CUST3253,Patricia Macias,alexishamilton@gmail.com,2025-06-06 10:30:00,PROD359,Visit Watch,Fashion,10,1407.64,0.25,5.23,10562.53,Credit Card,Delivered,"38840 Joan Route, Marshallfurt, FL 91734",New Michelleville,India,96767,False
ORD001492,CUST8365,Adam Burns,wjohnson@carter-pruitt.com,2025-12-30 08:11:00,PROD266,Happen Phone,Fashion,5,268.74,0.06,27.84,1290.92,Debit Card,Processing,"USNV Johnson, FPO AA 77977",West Johnmouth,Canada,57384,True
ORD001493,CUST4442,Juan Torres,julie56@coleman-edwards.info,2025-03-19 03:41:00,PROD276,Probably Phone,Groceries,9,1002.44,0.12,40.85,7980.17,Wallet,Cancelled,"63273 Sylvia Forks Suite 039, New Elizabethton, MT 53650",Feliciaville,India,35308,True
ORD001494,CUST1266,David Lee,oholmes@gmail.com,2025-03-27 04:07:00,PROD164,Participant Bag,Sports,1,1633.35,0.0,11.5,1644.85,Net Banking,Pending,"8160 Patrick Road Apt. 917, East Erinburgh, IA 56568",South John,UK,87216,False
ORD001495,CUST8878,David Williams,foxjose@jones-cooper.info,2025-07-14 03:02:00,PROD832,Senior Watch,Electronics,1,1018.31,0.19,33.57,858.4,Credit Card,Cancelled,"826 Cameron Streets Suite 762, South Jamiemouth, NJ 98819",Lake Maurice,Canada,16366,True
ORD001496,CUST4854,Victor Huynh,shannon31@hotmail.com,2026-02-23 09:12:00,PROD666,Billion Book,Home,6,770.51,0.03,3.09,4487.46,Cash on Delivery,Returned,"266 Thomas Stream Apt. 088, Jeffreyborough, DE 39588",Thomasville,USA,53532,True
ORD001497,CUST3265,Jeffrey Stone,penny89@potter.com,2025-10-29 16:48:00,PROD299,Father Book,Home,1,1573.41,0.08,39.15,1486.69,Net Banking,Cancelled,"288 Ryan Mountain Apt. 460, Robinsonchester, ID 10749",Anneland,Canada,68170,False
ORD001498,CUST8488,Jerry Anderson,abigailforbes@morgan-santos.com,2026-03-03 21:50:00,PROD955,Stand Chair,Books,2,74.56,0.06,38.65,178.82,Debit Card,Pending,"PSC 8349, Box 1164, APO AA 54557",Beverlyfort,India,26399,False
ORD001499,CUST1754,Valerie Peters,nataliefrost@banks-barron.com,2026-02-23 08:21:00,PROD546,Prove Watch,Beauty,10,761.48,0.25,16.57,5727.67,Net Banking,Returned,"155 Donna Ferry, Haleyside, AZ 23426",East Raymondland,UK,53990,False
ORD001500,CUST4683,David Gordon,dmalone@smith-dixon.com,2025-02-17 02:00:00,PROD388,Piece Laptop,Groceries,7,1832.7,0.09,4.33,11678.63,Net Banking,Pending,"Unit 7264 Box 8810, DPO AA 91574",East Brianachester,Canada,63516,False
ORD001501,CUST1246,Carrie Dixon,olynch@wong.com,2025-02-21 12:39:00,PROD476,Year Chair,Sports,10,541.38,0.19,2.1,4387.28,Debit Card,Cancelled,"227 Joshua Ports, Johnmouth, WI 55779",East Stacey,UK,23351,False
ORD001502,CUST7639,Christopher Turner,heathchristopher@yahoo.com,2025-10-08 06:18:00,PROD263,Successful Watch,Sports,9,285.95,0.16,28.37,2190.15,Net Banking,Cancelled,"06780 Erin Harbors, Henryland, VT 10653",New Paige,India,00615,True
ORD001503,CUST8951,Jeffrey Braun,benitezjames@anderson-dunn.com,2025-10-04 13:35:00,PROD900,Most Phone,Electronics,9,1042.48,0.19,5.92,7605.6,UPI,Cancelled,"78861 Mcintosh Unions, Port Shannon, AK 92709",Mccannborough,India,80614,False
ORD001504,CUST1382,Melissa Davidson,lgrant@simmons.com,2026-02-16 18:27:00,PROD809,Bad Phone,Fashion,3,729.23,0.25,28.47,1669.24,Debit Card,Delivered,"366 Emma Mountains Suite 618, Michaelmouth, NV 63633",Smallstad,India,74275,True
ORD001505,CUST4060,Leon Oconnell,rjones@barr.net,2025-03-09 13:56:00,PROD489,Under Laptop,Home,6,911.83,0.29,26.1,3910.5,Credit Card,Cancelled,"96042 Adams Avenue, West Marissa, NM 84443",East Davidfort,Canada,68269,True
ORD001506,CUST6150,Gary Moyer,ublake@estes.biz,2026-01-25 18:23:00,PROD220,Detail Watch,Books,3,1881.79,0.24,18.06,4308.54,Net Banking,Cancelled,"38043 Scott Road Apt. 698, New Jessicamouth, DE 02490",Frankville,Germany,81073,True
ORD001507,CUST9877,Julia Hooper,colleenclark@gmail.com,2025-12-10 23:08:00,PROD789,Easy Chair,Groceries,8,597.11,0.18,39.2,-3956.24,Cash on Delivery,Pending,"27594 Michael Canyon Apt. 657, Michaelfort, NC 50049",Lake Eddie,Canada,09838,True
ORD001508,CUST3308,Melissa Estrada,phillip55@clark-love.com,2025-05-24 02:38:00,PROD717,Business Watch,Home,10,808.61,0.04,13.31,7775.97,Wallet,Processing,"06616 Donna Fields Apt. 766, Port Heatherport, UT 49590",Burkeshire,Canada,12481,True
ORD001509,CUST6678,Elaine Hall,vmurphy@yahoo.com,2025-08-19 01:51:00,PROD797,Everyone Book,Home,5,1443.41,0.11,45.81,6468.98,Net Banking,Pending,"8342 Smith Fields, Port Alicia, SC 41172",Chapmanfurt,India,95650,False
ORD001510,CUST9141,Michael Wyatt,htodd@johnson.com,2025-08-11 16:08:00,PROD950,Kind Laptop,Beauty,1,1690.62,0.04,42.23,1665.23,Wallet,Shipped,"Unit 4874 Box 5126, DPO AE 74393",Port Shannon,India,07909,True
ORD001511,CUST8526,Brooke Newton,burkegwendolyn@lewis-ayers.com,2025-02-02 20:25:00,PROD275,Become Shoes,Groceries,4,1851.05,0.27,20.5,5425.57,Debit Card,Pending,"557 Samantha Mountains Apt. 566, Andersonbury, MS 84470",South Michael,Germany,69560,False
ORD001512,CUST1082,Jessica Jones,hannabrian@gmail.com,2025-04-01 16:10:00,PROD159,Eat Laptop,Books,9,1224.0,0.27,44.27,8085.95,Wallet,Shipped,"6795 Julia Stravenue Apt. 496, Robinsonland, MT 62321",Markmouth,Australia,76866,True
ORD001513,CUST9884,Dr. Amanda Jacobs,elizabeth28@hotmail.com,2025-03-24 22:16:00,PROD913,Probably Chair,Home,8,484.54,0.04,20.98,3742.25,Credit Card,Delivered,"3882 Pittman Mission Suite 941, Lake Paul, KY 72053",Randallshire,UK,51730,True
ORD001514,CUST3916,Alejandra Miranda,annettemiller@yahoo.com,2025-01-31 11:35:00,PROD964,Can Watch,Groceries,1,187.48,0.17,48.74,204.35,Credit Card,Cancelled,"9094 Gloria Turnpike, Jorgeview, NH 07486",Taylorport,Australia,36243,True
ORD001515,CUST1872,Chris Castro,guzmanjohnny@martin.info,2025-06-11 05:27:00,PROD940,Friend Phone,Fashion,2,1496.33,0.01,18.14,2980.87,Debit Card,Delivered,"Unit 9391 Box 4603, DPO AA 72084",New Shelia,India,04562,True
ORD001516,CUST5201,Jason Herring,castrodeborah@simpson.info,2025-08-25 02:51:00,PROD817,Help Chair,Beauty,7,1189.33,0.2,0.23,6660.48,Credit Card,Delivered,"939 Tracie Lock, Monroefort, WI 40409",Olsenland,Canada,63310,False
ORD001517,CUST8673,Andrea Powell,vsimon@hotmail.com,2025-10-15 22:20:00,PROD523,Its Phone,Sports,5,457.87,0.19,39.87,1894.24,Wallet,Cancelled,"86381 Alex Flat, Lake Lauren, ME 90264",Turnerview,USA,53244,False
ORD001518,CUST2443,Robert Hill,ujohnson@gmail.com,2025-06-26 04:38:00,PROD739,Indeed Chair,Beauty,5,561.66,0.14,5.78,2420.92,Wallet,Returned,"9541 Daniel Mountain, Jacksonside, AZ 10496",Port Amanda,USA,33207,False
ORD001519,CUST1581,Tabitha Martin,clarkebridget@kelly.com,2025-04-14 09:51:00,PROD364,Agree Book,Electronics,9,169.87,0.27,36.27,1152.32,Debit Card,Pending,"8696 Benjamin Common Apt. 331, Deanport, KY 16600",Danamouth,Germany,67875,False
ORD001520,CUST6897,Melissa Thomas,fcherry@hotmail.com,2025-04-24 21:11:00,PROD548,Talk Book,Sports,2,939.2,0.09,48.54,1757.88,Debit Card,Returned,"933 John Isle Suite 942, North Andreaview, MD 59188",Mccartyland,Germany,54786,True
ORD001521,CUST8033,Michelle Duffy,simonjuan@gmail.com,2025-08-04 16:03:00,PROD558,Different Shoes,Sports,7,1724.78,0.29,21.77,8593.93,Wallet,Returned,"73265 Jason Roads Suite 554, Adkinsberg, TN 08569",Port Katherine,USA,37259,False
ORD001522,CUST4733,Jennifer Leonard,kevin01@hotmail.com,2026-04-02 09:59:00,PROD491,Yet Chair,Beauty,9,1009.24,0.16,48.38,7678.23,UPI,Shipped,"891 Frazier Views, Tinamouth, SC 34861",West Crystal,UK,56832,True
ORD001523,CUST1821,William Barnett,crawfordveronica@gmail.com,2025-10-04 01:21:00,PROD502,Thing Book,Books,6,110.88,0.24,46.35,551.96,Wallet,Returned,"751 Joanne Glens Apt. 749, New Mollymouth, MN 92094",Lake Jorge,Germany,99881,False
ORD001524,CUST1557,Timothy Mack,christian06@hotmail.com,2025-02-10 11:25:00,PROD653,Agency Book,Groceries,3,415.95,0.05,41.23,1226.69,UPI,Cancelled,"19597 Danielle Drives Suite 303, West Amandafurt, IN 78611",Josephberg,India,72203,True
ORD001525,CUST2633,Frank Chambers,kimberlysimon@rodriguez.com,2025-09-10 20:44:00,PROD185,Marriage Laptop,Books,5,1462.59,0.2,30.0,5880.36,Wallet,Processing,"53900 Katherine Roads, East Julie, MS 19137",West Erinstad,UK,93150,True
ORD001526,CUST7374,Timothy Haney,catherine56@quinn-ramos.com,2025-11-04 21:01:00,PROD155,They Bag,Beauty,3,660.43,0.09,47.12,1850.09,Debit Card,Returned,"Unit 3939 Box 9431, DPO AE 76306",Christopherside,USA,66637,True
ORD001527,CUST2362,Pamela Payne,sheltonariel@white-booth.net,2025-07-27 22:39:00,PROD798,Eight Shoes,Electronics,6,1839.16,0.09,46.0,10087.81,Credit Card,Shipped,"18986 Welch Radial, Richardtown, NV 99287",Matthewchester,Australia,21127,True
ORD001528,CUST1173,Meghan Bennett,huangrhonda@yahoo.com,2025-04-04 14:57:00,PROD261,Bit Chair,Books,6,1570.94,0.27,17.87,6898.59,Cash on Delivery,Pending,"USCGC Kelly, FPO AA 43520",Port Bethanyton,India,87602,True
ORD001529,CUST5253,John Mercado,kinglaura@pruitt.com,2025-06-13 03:21:00,PROD550,Partner Bag,Sports,4,1726.33,0.28,45.33,5017.16,UPI,Shipped,"8477 Christina Canyon Apt. 444, Lake Timville, NJ 11079",North Carloston,India,99760,False
ORD001530,CUST8597,James Browning,omontgomery@reilly-barry.com,2025-05-25 01:53:00,PROD709,Pull Phone,Electronics,8,204.29,0.13,9.56,1431.42,UPI,Processing,"6471 Tracy Ports Apt. 527, Robertberg, VT 03769",North Stephanie,Australia,98950,False
ORD001531,CUST5716,Matthew Jones,reidalicia@gmail.com,2025-11-26 00:58:00,PROD793,Believe Phone,Fashion,4,1334.52,0.25,2.41,4005.97,UPI,Delivered,"74166 Clark Camp, Johnsonport, OH 87459",North Raymond,Australia,18889,True
ORD001532,CUST4514,Samuel Turner,thomas06@gmail.com,2025-04-15 22:57:00,PROD538,Street Laptop,Sports,10,241.44,0.08,6.3,2227.55,Wallet,Pending,"3778 Charles Crossing Apt. 007, Port Cathy, TN 34214",Oliverside,Australia,94872,False
ORD001533,CUST6518,Brian Davis,katrina47@kane.com,2025-02-02 02:34:00,PROD730,Look Phone,Fashion,5,1255.59,0.27,47.77,4630.67,Wallet,Returned,"033 Fuller Ways Suite 947, Port Teresashire, RI 94365",Lake Makayla,Germany,63819,False
ORD001534,CUST2157,Kimberly Castaneda,jeffwilliams@gmail.com,2026-01-25 07:58:00,PROD134,Fight Laptop,Books,6,1373.62,0.1,2.29,7419.84,Net Banking,Delivered,"43049 Anthony Mountain, North Andrewfurt, NH 46312",Josestad,Canada,27019,True
ORD001535,CUST2207,Patty Hamilton,fryjason@gmail.com,2025-11-26 00:25:00,PROD659,Growth Watch,Beauty,10,859.8,0.27,41.21,6317.75,Net Banking,Pending,"30358 Christopher Unions Apt. 633, New Katieton, WA 34348",New Pamelahaven,UK,94018,False
ORD001536,CUST4568,Michael Rodriguez,turnerjacqueline@gmail.com,2025-01-23 22:57:00,PROD778,As Shoes,Sports,4,1992.25,0.15,34.72,6808.37,UPI,Processing,"772 Cory Mills Apt. 681, New Alyssaville, TN 59991",Mcculloughbury,Germany,48663,False
ORD001537,CUST6475,Gene Frederick,mariahayes@gmail.com,2026-03-18 07:01:00,PROD435,Actually Laptop,Fashion,1,788.3,0.14,37.94,715.88,Debit Card,Processing,"8686 Barnes Street, Craigfort, IA 46365",Ronaldshire,Australia,44499,False
ORD001538,CUST4008,John Rowland,lonniewallace@yahoo.com,2026-03-01 00:04:00,PROD392,Nothing Laptop,Books,8,428.97,0.11,12.76,3067.03,Wallet,Delivered,"739 Davis Road Suite 032, Lake Timothy, AK 13588",Ericatown,Germany,81114,True
ORD001539,CUST4626,Matthew Brown,bellwendy@gmail.com,2025-10-26 01:40:00,PROD415,Pressure Book,Groceries,3,1324.68,0.17,38.95,3337.4,Credit Card,Processing,"323 Debra Oval Suite 259, Jonesland, SC 84707",Gloriabury,India,30661,True
ORD001540,CUST6835,Kathy Carter,sandratravis@hotmail.com,2026-01-13 01:36:00,PROD350,Result Laptop,Beauty,1,1288.09,0.27,41.95,982.26,Wallet,Pending,"Unit 0628 Box 8156, DPO AA 07522",North Tara,Canada,75957,False
ORD001541,CUST8275,Heather Miller,sarah49@russell.biz,2025-09-19 08:15:00,PROD325,News Chair,Fashion,1,307.18,0.27,4.42,228.66,Wallet,Delivered,"9347 Kenneth Squares Suite 167, Thomasside, WA 38542",North Christina,India,37994,False
ORD001542,CUST8391,Mr. Mark Taylor MD,ujohnson@hotmail.com,2026-04-04 21:21:00,PROD431,Consider Chair,Sports,8,671.5,0.26,28.13,4003.41,Debit Card,Cancelled,"62890 Bailey Pine Apt. 627, Bullockbury, HI 44753",East Ellenside,India,61444,True
ORD001543,CUST7866,James Adams,deantheresa@hotmail.com,2025-10-31 23:37:00,PROD787,Entire Chair,Fashion,7,626.81,0.12,11.55,3872.7,Credit Card,Processing,"5224 Kirk Locks Suite 169, North Thomas, NH 14173",West Gwendolyn,Australia,19320,True
ORD001544,CUST3065,Elizabeth Green,josephmary@gmail.com,2025-08-23 11:22:00,PROD101,Process Watch,Electronics,9,377.14,0.08,49.17,3171.89,Credit Card,Pending,"5807 Barnes Place Suite 841, New Elizabeth, HI 60287",Williamsside,Germany,31286,True
ORD001545,CUST2621,Lawrence Fernandez,michael48@wilson.com,2025-04-26 22:48:00,PROD762,Surface Chair,Sports,9,17.21,0.06,35.02,180.62,Cash on Delivery,Processing,"6546 Lindsay Courts, Lake Kathyville, SD 13584",Emilymouth,Australia,29649,True
ORD001546,CUST1070,Mary Tanner,sheliaedwards@campbell-lucero.com,2025-02-04 11:58:00,PROD802,Represent Book,Sports,9,1572.42,0.16,45.49,11932.99,Credit Card,Returned,"1277 Robin Lights Suite 390, Lake Shannonview, OK 33584",New Aaronborough,UK,04275,True
ORD001547,CUST6127,Tricia Sherman,ashleewilliams@green-davis.org,2026-01-31 03:32:00,PROD682,South Bag,Books,7,426.81,0.11,27.51,2686.54,Cash on Delivery,Pending,"29376 Morris View Suite 587, New Alexis, IA 72608",Floresburgh,UK,54771,True
ORD001548,CUST4872,Adam Smith,roykayla@smith.com,2025-12-27 22:06:00,PROD590,Without Phone,Groceries,7,1114.25,0.01,2.52,7724.27,Cash on Delivery,Shipped,"687 Kristi Shoal, North Rebekah, AL 60047",North Traciside,Canada,08695,True
ORD001549,CUST9340,Jessica Rojas,morgangarza@duffy-myers.com,2025-02-04 17:24:00,PROD382,Hit Book,Home,10,1885.5,0.15,29.09,16055.84,Credit Card,Processing,"198 Sean Villages Apt. 729, Port Lori, ME 20775",Robinsonside,Australia,31658,True
ORD001550,CUST5825,Christopher Macias,rnewman@morris.com,2025-09-21 04:10:00,PROD649,Spend Shoes,Beauty,8,329.21,0.02,27.56,2608.57,Debit Card,Cancelled,"55885 Bruce Drive, West Ricardo, SD 68086",South Christophertown,USA,46395,True
ORD001551,CUST3157,Thomas Freeman,wolfeedward@miller-ball.org,2025-01-31 08:05:00,PROD867,Relationship Chair,Sports,5,561.1,0.3,32.74,1996.59,Cash on Delivery,Returned,"67952 Jacob Ranch Apt. 454, Port Chadville, SC 21700",Matthewhaven,India,39934,True
ORD001552,CUST1213,Karen Matthews,johnstongrant@tran.biz,2025-08-04 11:36:00,PROD230,Half Laptop,Beauty,10,1422.53,0.21,33.66,11271.65,Debit Card,Returned,"2008 Michael Unions, North Ashleyfort, IL 86693",Seanberg,India,86693,False
ORD001553,CUST6884,Betty Cooper,sporter@hotmail.com,2026-04-25 22:44:00,PROD970,Officer Shoes,Beauty,3,441.94,0.04,35.85,1308.64,Credit Card,Delivered,"15812 Omar Drives, Janeport, SD 90097",Kristenton,USA,01112,False
ORD001554,CUST5152,Thomas Wilson,ckemp@parker.biz,2026-01-03 06:02:00,PROD505,Apply Shoes,Electronics,3,1009.16,0.13,44.32,2678.23,Cash on Delivery,Delivered,"7248 Washington Mount Suite 308, West Scott, ND 79566",New Codyton,India,05344,False
ORD001555,CUST9802,Sandra Wright,courtney18@gmail.com,2026-01-02 19:14:00,PROD329,Ten Shoes,Groceries,8,916.55,0.11,45.15,6570.99,Credit Card,Pending,"22305 Hutchinson Motorway, East Tracey, NE 73280",New Melinda,Australia,50065,True
ORD001556,CUST2212,Jerry Luna,martingutierrez@yahoo.com,2025-11-30 05:38:00,PROD580,Yeah Book,Books,2,834.34,0.27,34.29,1252.43,Wallet,Returned,"66487 Diane Inlet Suite 130, North Gregorystad, MO 84527",Matthewbury,India,31783,True
ORD001557,CUST9867,Marc Bailey,keith04@gmail.com,2025-10-26 23:33:00,PROD940,Risk Book,Electronics,0,243.07,0.24,13.18,752.11,Wallet,Returned,"56337 Ronald Isle Apt. 181, Wongborough, SD 58287",Dianastad,UK,43190,False
ORD001558,CUST1229,Carla Andrews,johngalvan@roberts.org,2025-03-25 04:36:00,PROD613,Magazine Laptop,Home,2,1603.91,0.06,5.93,3021.28,Net Banking,Delivered,"118 Michelle Station Suite 774, South Brett, ND 82253",Port Brittanymouth,Canada,79617,False
ORD001559,CUST4831,Brett Green,thomas93@hotmail.com,2026-05-12 13:53:00,PROD817,Follow Watch,Fashion,7,923.71,0.23,44.55,5023.35,Credit Card,Delivered,"889 Jennifer Mall Apt. 618, Trujillofurt, VA 41970",New Kellyland,Canada,81544,False
ORD001560,CUST1592,Evan Swanson,bowmananthony@yahoo.com,2025-07-05 11:03:00,PROD551,Daughter Watch,Books,5,1164.52,0.23,39.16,4522.56,Debit Card,Shipped,"0557 Brown Road, Sarastad, WV 58411",Berrystad,Australia,74593,False
ORD001561,CUST7175,Anna Jackson,austinstone@camacho-rodriguez.net,2025-11-06 06:45:00,PROD271,Run Watch,Fashion,4,1137.27,0.1,15.12,4109.29,Debit Card,Cancelled,"412 Kathy Green Suite 923, Port Mitchell, AR 98692",West Michael,USA,66029,False
ORD001562,CUST3251,Brian Reyes,nnelson@garcia-logan.org,2025-03-10 13:56:00,PROD948,Car Bag,Home,2,181.48,0.29,12.79,270.49,Cash on Delivery,Delivered,"27023 Steven Roads Apt. 281, South Aaronfort, IN 39396",Jaredview,Canada,89593,False
ORD001563,CUST9745,Christopher Cooke,johnrichardson@yahoo.com,2025-05-17 21:09:00,PROD852,Back Watch,Sports,2,1359.96,0.26,31.81,2044.55,Cash on Delivery,Pending,"870 Mark Court, Jenniferland, TX 84364",West Melissa,Canada,12994,True
ORD001564,CUST2386,Matthew Barnett,bakerjulie@hotmail.com,2026-01-14 19:59:00,PROD773,Forget Phone,Sports,7,299.3,0.07,15.56,1964.0,Cash on Delivery,Returned,"0235 Rios Drives, West Austin, VA 47712",North Kathryn,UK,10575,False
ORD001565,CUST8551,Wendy Salazar,michael89@kennedy.com,2025-04-23 06:35:00,PROD291,Debate Book,Beauty,6,1610.97,0.27,36.01,7092.06,Credit Card,Shipped,"56833 Diaz Knolls Suite 385, New Kaylaside, IL 80785",Phillipsfurt,Germany,76502,True
ORD001566,CUST2289,Amanda Reed,ndawson@gmail.com,2025-04-26 07:16:00,PROD823,Whatever Chair,Home,4,1898.98,0.01,34.48,7554.44,Cash on Delivery,Pending,"266 Becky Heights Apt. 447, Anthonymouth, MD 02535",Robertfurt,Canada,45984,False
ORD001567,CUST5400,Kelli Hubbard,zmorris@crawford.com,2025-07-27 00:23:00,PROD611,Common Book,Groceries,5,742.74,0.14,36.39,3230.17,Net Banking,Returned,"04300 Allen Circles Apt. 069, Masseyville, IA 50544",West Brittany,UK,88536,False
ORD001568,CUST5437,Ann Turner,daughertyeric@rodriguez-cabrera.com,2026-01-05 20:21:00,PROD502,Coach Watch,Beauty,4,724.18,0.07,18.54,2712.49,Wallet,Delivered,"0245 Taylor Green, East Justin, FL 30836",Port Jacqueline,Canada,02477,False
ORD001569,CUST7061,Connor West,josephyoung@davidson.org,2026-05-08 02:27:00,PROD122,Big Phone,Beauty,4,1812.36,0.04,8.85,6968.31,Credit Card,Shipped,"3295 Wilson Oval, Whiteview, WA 91770",Rickyfort,Canada,49764,False
ORD001570,CUST3336,Steven Medina,xcarpenter@gmail.com,2026-04-19 19:58:00,PROD430,How Chair,Home,5,1018.55,0.24,9.27,3879.76,Wallet,Delivered,"83070 Philip Freeway Suite 027, North Jennifer, NE 62089",South Casey,UK,98265,False
ORD001571,CUST3239,Phyllis Patterson,manuel98@ruiz.net,2025-06-04 14:11:00,PROD345,She Book,Groceries,2,1707.63,0.07,22.66,3198.85,Cash on Delivery,Shipped,"82146 Brooke Expressway Apt. 283, New Jennifer, ID 66050",Gregoryburgh,Canada,29005,True
ORD001572,CUST9920,Zachary Cruz,wisemichelle@yahoo.com,2025-05-17 05:24:00,PROD697,Wide Shoes,Fashion,2,1866.58,0.09,49.88,3447.06,Debit Card,Shipped,"Unit 0144 Box 1245, DPO AE 24818",West Lisa,UK,51339,True
ORD001573,CUST4604,Alexander Ortega,rebeccaterry@johnson-perry.com,2025-06-04 10:56:00,PROD773,Rule Chair,Books,5,430.91,0.24,22.64,1660.1,Debit Card,Delivered,"Unit 3374 Box 1535, DPO AP 95843",East Jennifer,India,59061,True
ORD001574,CUST3327,Terri Diaz,petersonkathryn@fowler.com,2025-01-16 17:41:00,PROD223,Own Laptop,Home,2,993.89,0.16,17.81,1687.55,Cash on Delivery,Processing,"7232 Alexis Orchard, New Robertland, NE 79537",Wesleyport,Canada,52119,False
ORD001575,CUST3887,Dominique Ball,juliagarcia@hotmail.com,2025-02-17 17:17:00,PROD543,Enjoy Phone,Groceries,6,317.05,0.11,48.47,1741.52,Net Banking,Shipped,"0869 Elizabeth Dam Suite 025, Lake Felicia, SC 88055",Patriciaville,Germany,14993,False
ORD001576,CUST1414,Amy Christensen,joanne24@gmail.com,2026-03-09 21:41:00,PROD808,Character Phone,Books,8,101.98,0.15,32.14,725.6,UPI,Processing,"6809 Herring Streets Suite 964, Johnsonborough, KY 22852",Meganmouth,Australia,26532,True
ORD001577,CUST4085,Brittney Jordan,donaldrussell@gmail.com,2025-04-24 14:29:00,PROD299,Find Watch,Electronics,8,268.45,0.13,34.1,1902.51,Credit Card,Delivered,"Unit 4037 Box 1524, DPO AE 16198",New Calvinchester,Germany,70427,True
ORD001578,CUST1402,Thomas Harvey,jessicavaughan@hotmail.com,2025-11-27 01:59:00,PROD476,Cultural Book,Beauty,6,1631.51,0.24,46.62,7486.31,Wallet,Pending,"64974 Dunn Circle Suite 764, Frankchester, IN 05352",Mcgrathtown,Australia,60820,True
ORD001579,CUST6065,Morgan Dennis,tayloryvonne@mills-smith.biz,2025-01-19 00:58:00,PROD290,Police Book,Books,3,970.27,0.2,36.47,2365.12,Cash on Delivery,Pending,"18749 Anthony Glens, Port Brianton, GA 92072",Lake Charles,USA,38962,True
ORD001580,CUST7520,Carrie Johnson,marquezrobert@beasley.com,2025-08-06 00:38:00,PROD641,Back Chair,Beauty,5,457.28,0.17,39.59,1937.3,Cash on Delivery,Processing,"431 Lauren Land, East Christopherhaven, NH 72542",Benjaminchester,India,02522,False
ORD001581,CUST9488,Jill Patrick,darren83@pineda-cook.com,2025-03-26 01:12:00,PROD894,Our Watch,Fashion,2,400.24,0.19,17.55,665.94,Cash on Delivery,Processing,"277 Gina Circles Suite 386, North Tamiville, CO 93477",Thompsonfort,India,13112,True
ORD001582,CUST6771,Paul Jensen,johnsondaniel@yahoo.com,2025-10-22 23:40:00,PROD947,Gas Chair,Beauty,8,1569.27,0.1,35.96,11334.7,Cash on Delivery,Cancelled,"725 Lewis Vista Apt. 737, East Dustinmouth, MD 96663",New Deborahport,USA,42559,True
ORD001583,CUST3855,Nicole Turner,cball@lynch.com,2025-03-17 05:09:00,PROD101,Tax Book,Home,8,457.54,0.18,44.68,3046.14,Net Banking,Cancelled,"09993 Marissa Ramp, Port Janetview, AR 03874",East Marymouth,Australia,93207,True
ORD001584,CUST8692,Rick Taylor,tmathews@jones.com,2026-02-05 11:14:00,PROD506,Prevent Laptop,Electronics,3,457.14,0.13,25.36,1218.5,Wallet,Pending,"3450 Richard Green Apt. 738, Garrettfurt, NE 36999",North Benjaminland,UK,22922,True
ORD001585,CUST4275,Monica Hale,lorilopez@hotmail.com,2025-09-19 05:24:00,PROD490,Last Laptop,Electronics,10,998.18,0.29,38.22,7125.3,Credit Card,Processing,"836 Ellis Cliff Apt. 708, West Susan, RI 29741",Christopherbury,UK,25535,True
ORD001586,CUST3996,Anne Kelly,hoffmanemily@cruz-poole.biz,2025-03-21 12:06:00,PROD823,Question Laptop,Groceries,6,1291.39,0.29,49.02,5550.34,Net Banking,Processing,"2951 Patrick Ville, Brownside, MT 77365",Parsonsland,Australia,03109,False
ORD001587,CUST6313,April Allen,dominiquepowers@myers-webb.biz,2026-04-18 22:48:00,PROD553,Against Chair,Home,5,1070.59,0.08,20.13,4944.84,Debit Card,Processing,"33995 Peter Squares Suite 760, Michaelhaven, AK 85515",West Marieton,USA,89469,True
ORD001588,CUST2738,Kimberly Williams,brandon98@bell.biz,2026-05-12 06:44:00,PROD872,Without Phone,Home,3,287.56,0.05,35.6,855.15,UPI,Pending,"941 Jose Mall, South Brandontown, HI 78649",South Raymondshire,USA,15921,False
ORD001589,CUST4016,Kathy Harmon,robertboyd@hotmail.com,2025-10-14 21:54:00,PROD282,Address Bag,Home,10,312.79,0.24,49.54,2426.74,Net Banking,Returned,"7491 Katie Mews, Cooktown, TN 05828",Jacobfort,India,44933,False
ORD001590,CUST8844,Christina Baxter,qgomez@gmail.com,2025-04-04 19:21:00,PROD985,Walk Chair,Fashion,4,746.32,0.01,19.48,2974.91,Credit Card,Returned,"83860 Stacey Circle Apt. 674, Ramosstad, MO 62364",Melissamouth,Australia,10332,True
ORD001591,CUST1103,Danielle Stanley,james27@gmail.com,2025-09-30 01:17:00,PROD597,National Bag,Home,7,1368.93,0.15,5.23,8150.36,Debit Card,Processing,"8003 Fernandez Walks, North Aaronberg, AL 66401",Port John,Canada,13193,False
ORD001592,CUST7313,Jennifer Harper,tbailey@nichols.biz,2026-01-31 03:41:00,PROD278,Inside Watch,Beauty,9,651.3,0.0,33.0,5894.7,Credit Card,Processing,"6444 Juan Tunnel, Juliefurt, CA 57408",East Hannah,Canada,61611,False
ORD001593,CUST6141,Sierra Anderson,petersonkimberly@jackson.com,2025-12-06 12:14:00,PROD848,Skill Book,Groceries,10,1657.2,0.14,18.27,14270.19,Net Banking,Pending,"5592 Jasmine Radial Suite 688, Leachshire, IL 25663",Krausestad,India,25429,False
ORD001594,CUST2416,Tracey Patel,amberhawkins@miller-fowler.com,2025-06-13 08:36:00,PROD538,Especially Bag,Home,2,1599.57,0.28,32.98,2336.36,Credit Card,Shipped,"736 Christine Vista, New Markmouth, WI 97253",Morrisonmouth,India,51926,False
ORD001595,CUST4465,Ashley Espinoza,jennifersmith@gmail.com,2025-06-18 13:17:00,PROD705,Feeling Book,Books,1,1141.3,0.2,28.81,941.85,Wallet,Delivered,"USNS May, FPO AP 45313",Port James,UK,52863,False
ORD001596,CUST8120,Mary Stewart,camposronald@moss-hoover.org,2026-02-17 05:03:00,PROD262,Issue Bag,Electronics,8,1607.84,0.24,0.91,9776.58,Credit Card,Processing,"6589 Shaw Estate, Davidstad, MT 47756",Port Barbara,Canada,73480,False
ORD001597,CUST8045,Danielle Fowler,jennifer50@hall.net,2025-02-19 04:46:00,PROD735,Use Watch,Books,2,303.59,0.02,10.09,605.13,Wallet,Processing,"PSC 4669, Box 0814, APO AA 80082",Daviesberg,Canada,79802,False
ORD001598,CUST4790,Rebecca Mcneil,michellecooper@johnson.info,2025-07-27 01:36:00,PROD181,Wait Chair,Sports,9,951.76,0.02,21.32,8415.84,Debit Card,Delivered,"048 Black Brooks, West Bryanbury, IA 36827",Chadhaven,USA,20026,False
ORD001599,CUST9761,Maria King,romerojames@yahoo.com,2025-11-30 12:43:00,PROD736,Opportunity Watch,Beauty,1,923.46,0.1,28.84,859.95,Wallet,Cancelled,"742 Johnson Unions Suite 382, Port Jamesstad, TX 08308",South Williammouth,UK,59019,False
ORD001600,CUST6058,Felicia Johnson,teresaflores@hotmail.com,2025-05-02 20:59:00,PROD307,Project Laptop,Sports,4,1881.71,0.21,45.01,5991.21,Credit Card,Returned,"036 Clark Loaf Apt. 424, Campbellstad, CO 57458",East Christina,Australia,57744,False
ORD001601,CUST6486,Austin Hill,denise64@peterson.info,2025-06-18 09:12:00,PROD286,Responsibility Shoes,Electronics,1,1907.86,0.2,39.28,1565.57,Debit Card,Returned,"3061 Harrell Lock Apt. 174, New Nicholastown, VA 08390",Port Jessicaberg,India,43414,True
ORD001602,CUST5461,Jorge Harris,ccalderon@hotmail.com,2025-03-03 18:04:00,PROD389,Enjoy Phone,Beauty,6,1685.12,0.23,24.31,7809.56,Net Banking,Delivered,"7654 Dennis Hills Suite 145, East Shannontown, DC 70192",South Lori,Germany,85025,False
ORD001603,CUST6065,Tracey White,ymendoza@gibson.com,2025-01-04 22:03:00,PROD657,Represent Bag,Groceries,1,284.86,0.29,23.21,225.46,Net Banking,Shipped,"49893 Ward Knolls, Joelport, GA 24251",Port Bethmouth,UK,04908,False
ORD001604,CUST4298,Stephen Simpson,william39@hotmail.com,2025-06-02 18:28:00,PROD494,Speak Book,Books,10,903.03,0.09,47.05,8264.62,Cash on Delivery,Delivered,"87692 Brown Walks, New Amber, VA 19735",Brownstad,India,90889,False
ORD001605,CUST4263,Denise Compton,angelmorrow@hotmail.com,2026-03-16 10:02:00,PROD138,Risk Phone,Beauty,1,816.38,0.11,34.95,761.53,Net Banking,Delivered,"544 Linda Circle, New Penny, KS 70705",West Hollyhaven,Germany,69334,False
ORD001606,CUST3250,Nathaniel Burton,qmorales@thompson.info,2025-11-12 05:29:00,PROD682,Body Bag,Books,8,162.76,0.26,28.27,991.81,Debit Card,Shipped,"737 Matthew Lodge Apt. 621, Lewisfort, CO 31243",Gonzalezport,Germany,03129,True
ORD001607,CUST3646,Vicki Bullock,xcoleman@martinez.biz,2025-01-26 22:23:00,PROD641,Prepare Shoes,Books,10,934.57,0.0,18.4,9364.1,Net Banking,Pending,"6218 Henry Mountain Apt. 247, Pearsonside, NV 06060",Garciamouth,Australia,12559,True
ORD001608,CUST6495,Kelly Duncan,matthewherrera@hotmail.com,2025-08-07 09:15:00,PROD726,Consider Watch,Home,2,1707.38,0.18,45.81,2845.91,UPI,Cancelled,"98009 Kelly Cliff Apt. 734, Josephport, WV 13068",West Nancyhaven,UK,24839,False
ORD001609,CUST6036,Tiffany Grant,wallacekimberly@gmail.com,2025-05-07 09:21:00,PROD826,Little Book,Groceries,5,1749.94,0.28,14.61,6314.39,Credit Card,Processing,"7693 Jason Underpass Suite 453, East Ricardo, GA 46216",Vanessabury,Germany,47784,True
ORD001610,CUST5234,Michael Rojas,johnsonethan@wolfe-hayes.org,2025-07-22 18:59:00,PROD382,Authority Phone,Books,10,1180.23,0.23,12.12,9099.89,UPI,Returned,"770 Cody Valley Suite 056, West Andrea, AZ 09279",Laurieborough,USA,43722,False
ORD001611,CUST3807,James Rocha,ngolden@robertson.biz,2026-03-26 13:16:00,PROD249,Month Shoes,Electronics,1,1054.02,0.2,32.87,876.09,Wallet,Cancelled,"444 Anthony Lodge Apt. 267, New Donald, MS 93522",West Donaldshire,Germany,39105,False
ORD001612,CUST9558,Leonard Taylor,mendezgregory@baker-lewis.com,2025-03-07 19:46:00,PROD696,Apply Chair,Home,8,1448.47,0.07,28.78,10805.4,Credit Card,Cancelled,"209 Wayne Dale Apt. 120, New Edward, RI 66729",New Katherine,USA,78595,True
ORD001613,CUST1710,Sydney Garcia,christy47@miller-hansen.com,2025-02-23 00:57:00,PROD590,Several Book,Home,10,893.86,0.02,8.67,8768.5,Wallet,Delivered,"030 Luna Walk Apt. 054, Meyerland, UT 26789",Port Mistyview,Germany,28186,True
ORD001614,CUST1610,Jennifer Sexton,james11@gmail.com,2025-05-27 20:45:00,PROD350,Where Laptop,Electronics,7,744.24,0.14,29.28,4509.6,UPI,Processing,"Unit 4959 Box 9291, DPO AP 62626",New Nicholaston,Germany,79441,False
ORD001615,CUST3317,Cynthia Carter,sstewart@hotmail.com,2026-03-11 09:24:00,PROD854,Career Chair,Home,2,301.02,0.18,28.33,522.0,Credit Card,Pending,"483 Johnson Port Apt. 168, North Katelynmouth, TN 28902",Smithfurt,USA,38772,True
ORD001616,CUST7416,Edwin Welch,patricia73@brown.biz,2025-04-15 23:55:00,PROD294,Along Book,Sports,8,669.97,0.12,17.81,4734.4,UPI,Returned,"USNV Gonzalez, FPO AE 83169",West Jeffreystad,Australia,57130,False
ORD001617,CUST2126,Tammy Byrd,virginia70@jenkins-arnold.com,2026-05-09 00:35:00,PROD367,Future Bag,Home,7,1941.85,0.02,28.68,13349.77,Wallet,Processing,"693 Jennifer Bypass, Patriciamouth, WY 88609",Coryshire,Germany,27351,True
ORD001618,CUST7078,Keith Sims,steelelisa@jimenez-mcdaniel.org,2025-05-13 22:20:00,PROD149,Trip Shoes,Home,7,778.83,0.03,11.14,5299.4,Debit Card,Cancelled,"18586 Jose Field Suite 290, Port Zacharyhaven, FL 43304",Timothyborough,USA,80289,False
ORD001619,CUST4000,Toni Williams,lewisthomas@gmail.com,2025-03-22 21:47:00,PROD371,Class Watch,Fashion,3,71.8,0.07,15.5,215.82,Cash on Delivery,Shipped,"485 Heather Motorway Suite 878, Port Jacobtown, OR 46254",West Alexiston,India,97969,True
ORD001620,CUST7492,Brian Page,snyderarthur@gmail.com,2025-06-04 07:42:00,PROD900,Fact Chair,Sports,8,1429.84,0.12,37.07,10103.14,Credit Card,Returned,"1234 Alan Stream Suite 525, Nicoleshire, FL 42862",Ryanview,India,35750,False
ORD001621,CUST3506,Christopher Woodward,brownmary@hotmail.com,2025-12-30 22:57:00,PROD924,Cut Bag,Electronics,3,1140.32,0.08,37.66,3184.94,Cash on Delivery,Pending,"2941 Drake Creek, North Nicoleport, IN 21151",Karenton,Australia,79001,False
ORD001622,CUST1957,Grant Sherman,andersonpaul@yahoo.com,2025-08-13 09:04:00,PROD258,Send Shoes,Sports,8,530.67,0.3,15.1,2986.85,UPI,Shipped,"001 Fred Fords, Lake Andrew, NH 76483",Rogersstad,India,82505,True
ORD001623,CUST3612,Miss Susan Lopez,gwagner@allen-campbell.com,2025-03-24 17:39:00,PROD303,Continue Shoes,Fashion,5,847.14,0.1,22.42,3834.55,Wallet,Shipped,"749 Lee Flats, West Jessicastad, RI 96105",Evanland,USA,57647,True
ORD001624,CUST1163,Jennifer Rivera,bwhite@hotmail.com,2025-01-05 04:01:00,PROD335,More Laptop,Fashion,3,663.73,0.17,5.39,1658.08,Debit Card,Processing,"1059 Sabrina Keys Suite 981, Matthewland, ME 78220",Jenniferstad,Germany,22451,False
ORD001625,CUST8168,Dawn Sims,codygonzalez@torres.com,2025-08-28 14:04:00,PROD976,Our Watch,Fashion,2,1342.3,0.13,22.81,2358.41,Net Banking,Pending,"29172 Edwards Coves, Lake Jose, ME 82436",Maryhaven,Canada,99264,False
ORD001626,CUST3835,William Rodriguez,xtaylor@gmail.com,2026-01-20 10:15:00,PROD336,Ask Bag,Sports,1,351.25,0.19,10.53,295.04,Wallet,Pending,"1300 Daniel Circles, Rogerport, CO 37462",South Dawn,Germany,66321,False
ORD001627,CUST3081,Megan Oconnell,elizabeth92@hotmail.com,2025-03-29 07:01:00,PROD653,Cell Book,Books,4,545.35,0.28,39.62,1610.23,Credit Card,Pending,"26049 Ross Run Suite 998, Dominguezstad, TN 78049",Wongport,Canada,10705,True
ORD001628,CUST7116,Gregory Dickerson,christine67@gmail.com,2025-02-16 14:45:00,PROD159,School Watch,Groceries,3,1915.44,0.2,6.62,4603.68,Cash on Delivery,Pending,"39680 Scott Coves Suite 750, Cynthiaberg, CT 09158",Port Kristina,UK,63885,False
ORD001629,CUST6261,Valerie Oconnor,stephaniewood@hardy.com,2025-12-05 17:29:00,PROD944,Develop Book,Books,2,1664.24,0.14,31.8,2894.29,Credit Card,Delivered,"3316 Ryan Lodge, Parkerport, MT 76813",Williamsville,Canada,15181,True
ORD001630,CUST3524,Kelsey Robbins,connerdavid@yahoo.com,2026-04-19 08:03:00,PROD907,Offer Bag,Books,7,722.72,0.16,26.84,4276.43,Cash on Delivery,Delivered,"PSC 2390, Box 3715, APO AP 48859",Smithfurt,USA,40009,False
ORD001631,CUST6623,Jamie Thompson,laura84@hotmail.com,2025-09-16 02:11:00,PROD494,However Watch,Groceries,3,636.73,0.01,47.79,1938.88,Wallet,Returned,"1478 Reed Burg, West Debbiemouth, CA 09348",Riceport,Germany,37082,False
ORD001632,CUST2250,Christopher Freeman,george43@yahoo.com,2026-04-14 16:46:00,PROD913,Political Shoes,Electronics,3,1894.57,0.15,31.36,4862.51,Debit Card,Delivered,"6044 Floyd Street Suite 118, South Carlosburgh, NM 94459",Newmanport,India,58880,True
ORD001633,CUST7814,Kevin Kim,isabella73@hotmail.com,2025-01-25 03:33:00,PROD926,Eight Bag,Sports,8,1932.19,0.01,34.84,15337.78,Credit Card,Returned,"881 Perry Islands, Davidborough, MA 36845",Matthewmouth,Australia,78773,True
ORD001634,CUST3474,Robert Ramsey,pbarry@wall.com,2025-08-21 01:55:00,PROD460,Green Laptop,Sports,8,586.24,0.01,31.46,4674.48,Wallet,Processing,"Unit 0017 Box 3141, DPO AE 62203",West Briana,Canada,14714,False
ORD001635,CUST2671,Laura Spencer,qvazquez@gmail.com,2025-12-22 11:11:00,PROD276,Hit Shoes,Fashion,10,640.09,0.27,38.22,4710.88,Net Banking,Delivered,"1774 Jordan Drives, Parkerberg, WA 35846",South Kyle,UK,66729,False
ORD001636,CUST3364,Rachael Johnson,hilladam@conway-sullivan.info,2025-05-08 07:35:00,PROD215,Color Watch,Fashion,8,367.67,0.01,42.86,2954.81,Net Banking,Processing,"014 Barnes Road, Hayesbury, GA 49513",North Ashleyburgh,Australia,15864,False
ORD001637,CUST1024,Grace Le,brianoconnor@chandler-williams.org,2025-12-17 08:37:00,PROD808,Important Phone,Groceries,7,1700.74,0.06,9.76,11200.63,Debit Card,Returned,"PSC 1588, Box 4452, APO AE 52526",Bettyview,USA,09963,False
ORD001638,CUST6416,Patrick Mcbride,medinanicholas@francis-evans.biz,2025-05-31 09:28:00,PROD112,Charge Book,Books,1,612.94,0.25,24.95,484.65,Credit Card,Cancelled,"51751 Kennedy Turnpike, New Ricky, NC 56915",Jimmyview,USA,89465,True
ORD001639,CUST4104,Debra Thompson,sserrano@miller.com,2026-03-17 11:39:00,PROD906,Work Bag,Books,7,1533.08,0.21,3.57,8481.5,Net Banking,Shipped,"28749 Gaines Port, Lake Ricardo, GA 71376",Johnsonfort,Germany,51865,True
ORD001640,CUST4820,Miss Kaitlin Delacruz,rebeccahines@hotmail.com,2025-07-23 13:40:00,PROD374,Art Shoes,Books,4,324.12,0.26,37.05,996.45,Net Banking,Delivered,"05292 Alyssa Lakes, East Jason, MA 06299",Justinhaven,UK,04429,False
ORD001641,CUST6722,David Lopez,adunn@gmail.com,2026-02-11 05:10:00,PROD655,Family Laptop,Fashion,6,1136.64,0.01,4.03,6755.67,Wallet,Delivered,"1655 Anderson Prairie, East Donna, NJ 07800",North Pamela,USA,39538,True
ORD001642,CUST4577,Angela Cruz,thomas61@hernandez.biz,2025-12-01 11:36:00,PROD143,Recently Shoes,Sports,3,306.06,0.09,3.57,839.11,UPI,Delivered,"4190 Gonzalez Mountain Apt. 296, Middletonton, AL 27447",Robertburgh,Germany,31652,False
ORD001643,CUST5860,Ruth Baird,xcontreras@yahoo.com,2025-04-30 13:15:00,PROD780,System Chair,Fashion,8,1338.41,0.24,32.29,8169.82,Credit Card,Processing,"511 Rhonda Island Suite 322, Washingtonland, DE 10585",Romeroville,UK,24055,False
ORD001644,CUST2590,Michael Maldonado,sullivankelly@farmer.org,2025-02-08 10:42:00,PROD299,Change Shoes,Beauty,5,1248.89,0.01,33.44,-6215.45,Credit Card,Shipped,"PSC 3841, Box 8757, APO AA 11856",Sullivanfort,USA,21707,True
ORD001645,CUST2371,David Mcintyre,ryansmith@hotmail.com,2025-01-23 08:36:00,PROD281,Opportunity Chair,Fashion,9,1704.08,0.07,42.78,14305.93,Credit Card,Pending,"83378 Philip Roads Apt. 592, Perryfurt, SD 68352",New Shirleyfort,USA,77681,True
ORD001646,CUST3517,George Williams,lisawashington@smith-harris.biz,2025-07-10 23:18:00,PROD990,Reason Watch,Sports,9,1327.18,0.27,35.56,8755.13,Net Banking,Cancelled,"0928 Jimmy Forges Suite 142, East Lindaport, HI 65882",New Gregory,Canada,19359,False
ORD001647,CUST9802,Virginia Warner,jordan76@hotmail.com,2025-07-25 09:57:00,PROD159,Under Watch,Home,1,212.44,0.17,26.54,202.87,UPI,Shipped,"369 Donald Inlet, Lake Thomashaven, WY 81380",Cherylville,USA,83158,True
ORD001648,CUST9592,Jennifer Jones,greeneanna@baker.com,2025-01-22 12:11:00,PROD591,During Shoes,Groceries,10,1856.5,0.27,24.89,13577.34,UPI,Returned,"2445 Jacob Lake, Derekfort, DC 90875",Whiteberg,Canada,13858,False
ORD001649,CUST2945,Yesenia Young,watersphilip@hotmail.com,2026-02-02 23:24:00,PROD710,Cup Watch,Beauty,7,567.13,0.26,37.45,2975.18,Debit Card,Returned,"745 Christopher Shores, Morganland, AL 72150",Thompsonport,USA,78212,False
ORD001650,CUST2230,Sherry Walker,ali@hotmail.com,2025-12-04 05:07:00,PROD297,Growth Shoes,Electronics,10,286.11,0.28,40.43,2100.42,UPI,Processing,"96647 Theresa Course Apt. 320, Mooreshire, OR 93538",New Josefurt,Australia,43704,True
ORD001651,CUST8956,Shannon Rowe,qcarpenter@peterson.biz,2025-01-24 09:10:00,PROD623,Low Phone,Groceries,10,509.61,0.07,48.63,4788.0,Cash on Delivery,Shipped,"559 Shelly Ranch Suite 697, Brownburgh, ID 50077",Tonyashire,India,93462,True
ORD001652,CUST5549,Rebecca Parks,shannonsmith@yahoo.com,2025-08-30 19:28:00,PROD689,Debate Bag,Sports,3,1651.64,0.12,30.47,4390.8,Credit Card,Cancelled,"49162 Gonzalez Parks Suite 744, East Dustin, HI 89594",Davidville,Australia,94429,True
ORD001653,CUST7918,Sarah Lee,rangeljonathan@garcia.com,2025-09-21 22:12:00,PROD519,Almost Laptop,Beauty,2,1472.03,0.01,10.97,2925.59,Cash on Delivery,Delivered,"385 William Ford Apt. 271, West Leemouth, IL 42159",Dennisport,Australia,30014,True
ORD001654,CUST4168,Jeffrey Miller,zhall@malone.info,2025-12-28 00:03:00,PROD657,Production Watch,Fashion,1,698.93,0.06,8.06,665.05,Credit Card,Shipped,"3382 Turner Oval Suite 892, North Raymond, DC 75161",Matthewside,India,90645,False
ORD001655,CUST1031,Timothy Velazquez,jwilson@yahoo.com,2025-11-20 01:20:00,PROD463,Page Phone,Beauty,3,543.95,0.27,44.96,1236.21,Debit Card,Cancelled,"USS Avila, FPO AP 84964",South Juliastad,UK,38949,True
ORD001656,CUST3687,Christie Mora,jessicamorgan@gmail.com,2025-12-04 18:49:00,PROD942,Director Watch,Groceries,10,129.58,0.14,26.7,1141.09,Net Banking,Delivered,"PSC 6136, Box 7461, APO AA 13669",Mckenziemouth,USA,36244,True
ORD001657,CUST4339,Jesse Smith,iharrison@haynes-webb.biz,2025-04-01 17:56:00,PROD319,Police Chair,Books,4,1764.62,0.15,44.65,6044.36,Net Banking,Returned,"12178 Chase Shore Suite 972, Griffinberg, AR 36264",New Russellborough,Australia,09044,True
ORD001658,CUST3900,Vanessa Newman,sedwards@hotmail.com,2025-09-16 10:40:00,PROD507,Image Watch,Electronics,2,1767.13,0.29,45.65,2554.97,Debit Card,Delivered,"0192 Cooper Wells Apt. 755, West Peterville, DE 39162",New Megan,UK,36133,False
ORD001659,CUST4696,Larry Owens,wrogers@yahoo.com,2026-05-10 03:00:00,PROD834,Kid Phone,Fashion,2,383.79,0.2,39.56,653.62,Credit Card,Processing,"414 Michael Shoals, New Michaelborough, TX 96346",East Williammouth,Australia,21533,True
ORD001660,CUST1324,Kelly Lee,christinefrey@hunt-shannon.com,2025-06-28 05:29:00,PROD515,Degree Watch,Books,10,1458.0,0.02,23.84,14312.24,Net Banking,Returned,"USNV Williamson, FPO AE 79992",Maciasmouth,India,54147,True
ORD001661,CUST9563,Ivan Velazquez,matthewholland@perez-schwartz.com,2025-08-05 20:46:00,PROD202,Know Chair,Beauty,6,1651.92,0.05,31.74,9447.68,UPI,Cancelled,"17165 Tammy Junctions Suite 539, Saraton, TN 74965",Wayneberg,USA,80050,True
ORD001662,CUST2813,Jason Casey,hpadilla@nguyen-burton.com,2025-11-15 04:29:00,PROD460,Likely Phone,Books,10,891.97,0.12,23.03,7872.37,Wallet,Cancelled,"14914 Renee Knolls Suite 409, Fordfurt, ME 19192",Troyton,Canada,41033,True
ORD001663,CUST3468,Richard Moore,ybraun@gmail.com,2025-10-05 22:19:00,PROD818,Deep Watch,Books,6,1323.18,0.05,33.78,7575.91,UPI,Returned,"6307 Hudson Rest Suite 510, South Janestad, CT 81956",Andrewburgh,Australia,30446,False
ORD001664,CUST6303,Robert Garcia,david17@palmer.com,2025-10-01 12:48:00,PROD558,Chair Shoes,Home,3,1225.21,0.11,41.47,3312.78,Wallet,Processing,"1390 Harry Spurs, Bradleyland, NV 34149",Thompsonshire,Canada,07685,True
ORD001665,CUST5880,Yvonne Morris,sgordon@johnson.com,2025-06-25 10:14:00,PROD239,Media Phone,Groceries,10,549.29,0.13,31.82,4810.64,Wallet,Delivered,"6844 Makayla Fort Apt. 338, Nicolechester, CA 75307",East Jenniferside,India,26693,False
ORD001666,CUST2031,Kristin Phillips,wilsonlaura@stanley-clarke.com,2025-05-18 20:30:00,PROD882,Summer Watch,Sports,3,1530.84,0.12,29.51,4070.93,Wallet,Shipped,"9341 Vega Streets, East Justin, SD 31135",Port Jademouth,UK,15054,False
ORD001667,CUST5176,Sabrina Collier,christopherreyes@wilkerson.com,2025-01-12 17:00:00,PROD672,Outside Book,Beauty,9,1564.78,0.14,34.3,12145.7,Wallet,Delivered,"86781 Doris View, New Leahton, IA 71498",South Wendy,Canada,89620,False
ORD001668,CUST2843,Aaron Lowe,ufranklin@gmail.com,2025-07-27 08:04:00,PROD520,Stay Watch,Fashion,9,391.11,0.18,25.2,2911.59,UPI,Shipped,"1193 Carter Tunnel Suite 286, New Tina, MO 21805",Lindsayburgh,UK,30849,False
ORD001669,CUST9744,Deborah Dean,chadschultz@jones.org,2025-04-16 12:46:00,PROD128,Question Book,Home,10,1075.19,0.16,49.86,9081.46,UPI,Shipped,"572 Gilbert Ridges, Joeland, MS 94600",Perezborough,India,68619,True
ORD001670,CUST3687,James Downs,amber02@evans.org,2025-12-06 20:32:00,PROD508,Sea Shoes,Books,7,1752.3,0.1,8.55,11048.04,Credit Card,Pending,"552 Charles Springs Apt. 544, Andreaport, PA 19008",South Josephstad,UK,14243,False
ORD001671,CUST6874,Samantha Dunn,beltranerika@gmail.com,2025-05-29 17:38:00,PROD632,Board Laptop,Groceries,1,41.07,0.16,13.53,48.03,Debit Card,Shipped,"5990 Maxwell Glen Apt. 910, East Adam, CT 95279",East Danielleberg,India,67111,True
ORD001672,CUST4882,Amy Hernandez,caitlinroth@yahoo.com,2026-03-24 21:51:00,PROD733,General Phone,Beauty,1,663.11,0.09,40.74,644.17,Net Banking,Cancelled,"Unit 1263 Box 7007, DPO AP 56383",East Jacqueline,Germany,24183,True
ORD001673,CUST1208,Brian Hughes,davidmartin@yahoo.com,2025-10-11 11:26:00,PROD148,Key Laptop,Fashion,4,34.06,0.28,22.35,120.44,Credit Card,Shipped,"45958 Danielle Land, Zunigafurt, CA 76529",New Savannah,Australia,43252,False
ORD001674,CUST4330,Amanda Kemp,charles47@yahoo.com,2026-01-04 12:48:00,PROD117,Why Book,Books,7,208.14,0.27,38.93,1102.53,UPI,Shipped,"3782 Ali Highway Suite 864, Kimshire, TN 42871",Tuckertown,India,42648,False
ORD001675,CUST8077,Jason Diaz,umarshall@gutierrez.com,2026-01-28 18:12:00,PROD559,House Phone,Electronics,8,1957.6,0.2,44.86,12573.5,Wallet,Shipped,"9256 Smith Well, South Jose, NM 81415",Brandonside,UK,06675,True
ORD001676,CUST2851,Elizabeth Sanders,trobinson@wagner.com,2025-12-01 03:33:00,PROD746,Blue Chair,Fashion,8,328.18,0.26,40.18,1983.01,Net Banking,Pending,"0209 Henry Extensions Apt. 238, East Beverlyport, UT 50603",South Nicholas,Germany,42992,True
ORD001677,CUST1708,Anne Savage,brittany71@yahoo.com,2025-01-25 07:17:00,PROD502,Religious Watch,Home,5,609.52,0.29,6.58,2170.38,Cash on Delivery,Cancelled,"5893 Walker Roads Apt. 584, South Brittanybury, WV 85059",Douglasside,Germany,94282,False
ORD001678,CUST2914,Michael Miller,joneschristopher@turner.com,2025-10-14 12:52:00,PROD431,Can Book,Sports,6,333.85,0.28,18.89,1461.12,Wallet,Processing,"36098 Sarah Center Suite 045, Reidville, SD 59782",Bryanstad,UK,81373,False
ORD001679,CUST1129,Ricardo Clark DVM,caroline42@gmail.com,2025-03-12 10:59:00,PROD439,Admit Shoes,Fashion,7,1537.4,0.06,42.76,10158.85,Cash on Delivery,Pending,"84182 Flores Port, Port Stevenmouth, MD 43617",Lake Nathanielville,Australia,44356,False
ORD001680,CUST6335,Barbara Williams MD,amalone@yahoo.com,2025-08-14 00:16:00,PROD481,Them Phone,Fashion,8,618.07,0.27,15.18,3624.71,Wallet,Shipped,"061 Matthews Creek Apt. 512, Kristinside, MS 79268",Tiffanystad,UK,77567,False
ORD001681,CUST3247,Kimberly Moore,steelebrandy@gmail.com,2025-03-29 03:54:00,PROD394,Various Book,Beauty,4,1071.08,0.09,24.45,3923.18,UPI,Pending,"6949 Ryan Brooks, South Roger, AL 22745",West Lisa,USA,86749,True
ORD001682,CUST4028,Thomas Farmer,victoria69@gmail.com,2025-03-27 22:53:00,PROD193,Good Chair,Electronics,10,117.43,0.22,19.72,935.67,Cash on Delivery,Returned,"USCGC Harris, FPO AA 79262",Nicoleside,UK,45863,True
ORD001683,CUST9938,Mary Gonzalez,ashley84@hotmail.com,2026-04-18 20:09:00,PROD849,Room Shoes,Sports,8,991.83,0.13,13.53,6916.67,UPI,Returned,"870 Ann Corners Apt. 133, Bishopburgh, ID 12790",Joeview,Canada,11188,False
ORD001684,CUST6673,Jessica Caldwell,tracywashington@butler.org,2025-12-31 21:20:00,PROD243,Race Bag,Groceries,9,652.82,0.05,33.43,5615.04,UPI,Processing,"22082 Natasha Inlet, Aprilbury, MD 15209",Robertsonside,India,13358,False
ORD001685,CUST1855,David Gomez,solisteresa@berg.com,2025-03-01 16:20:00,PROD641,Score Chair,Beauty,8,739.65,0.03,3.33,5743.01,Credit Card,Shipped,"422 Hubbard Parks, Lake Davidbury, SC 13041",South Travis,Germany,36646,False
ORD001686,CUST4519,Andrew Benitez,joanne79@rivera.com,2025-11-03 02:16:00,PROD465,Modern Chair,Fashion,8,910.95,0.08,11.52,6716.11,UPI,Shipped,"8136 Kathleen Causeway, Lake Natalieberg, UT 64268",Tranport,UK,53459,False
ORD001687,CUST4267,Brandon Benton,butlerbradley@landry.com,2025-02-27 14:07:00,PROD366,Action Book,Groceries,6,1163.26,0.21,49.0,5562.85,Wallet,Delivered,"4536 Maria Crossroad Apt. 350, North Johnview, MS 71511",Anthonyberg,USA,74349,True
ORD001688,CUST7902,Roger Mitchell,joseph94@hotmail.com,2025-06-20 07:31:00,PROD185,Phone Chair,Groceries,9,1070.96,0.07,6.24,8970.18,Credit Card,,"7204 King Village Suite 217, Robertshire, OR 00749",Lisamouth,Australia,13725,True
ORD001689,CUST9290,Elizabeth Torres,ecollins@yahoo.com,2025-05-03 20:33:00,PROD647,Single Shoes,Groceries,10,1960.9,0.13,1.87,17061.7,Wallet,Delivered,"88864 Stewart Brook Apt. 043, South Sarahport, CA 31643",East Kimberlyfort,India,45096,False
ORD001690,CUST4013,Daniel Lewis,iwoodard@hotmail.com,2026-02-11 05:30:00,PROD423,Standard Bag,Electronics,9,953.06,0.0,41.36,8618.9,UPI,Delivered,"Unit 1542 Box 2412, DPO AA 00697",Port Alison,USA,28100,True
ORD001691,CUST4709,Brent Roberts,jeromehancock@mcintyre-williams.com,2025-08-16 22:19:00,PROD594,White Chair,Groceries,7,656.8,0.2,46.33,3724.41,Wallet,Returned,"3700 Young Freeway Suite 733, Eriktown, MA 69896",Lake Steve,India,47212,True
ORD001692,CUST7250,Kimberly Floyd,kraymond@rose.com,2025-09-20 18:55:00,PROD608,Until Laptop,Beauty,2,715.7,0.21,9.4,1140.21,Net Banking,Shipped,"858 Allison Courts, Howardville, VT 73938",West Dennis,UK,84718,False
ORD001693,CUST7488,David Gonzalez,jacob43@gmail.com,2026-04-23 05:37:00,PROD239,Federal Phone,Sports,7,1179.76,0.02,15.52,8108.67,Wallet,Processing,"197 Colleen Groves Apt. 932, Eddieborough, SC 04686",New Deannamouth,Germany,29988,False
ORD001694,CUST1605,Corey Anderson,sandovaldiana@jimenez.info,2025-11-19 13:16:00,PROD214,Morning Laptop,Sports,6,110.05,0.18,29.29,570.74,Wallet,Pending,"1212 Simpson Valleys, Michaelland, FL 40253",New Veronicaburgh,Canada,62204,False
ORD001695,CUST6576,Whitney Carter,yvonnealexander@hotmail.com,2025-09-03 07:36:00,PROD267,Pass Laptop,Beauty,1,1064.93,0.07,46.56,1036.94,Credit Card,Returned,"2831 Sarah Port, Snydershire, CT 56367",Howardton,Canada,14471,False
ORD001696,CUST9465,Amber Watson,waltonsteven@yahoo.com,2025-12-06 16:18:00,PROD404,Artist Phone,Groceries,5,344.55,0.09,13.85,1581.55,Cash on Delivery,Cancelled,"16257 Davis Bypass, East Paulchester, ND 46220",Callahanbury,Canada,77254,False
ORD001697,CUST6383,Victoria Chaney,mia71@steele.net,2025-10-26 11:28:00,PROD750,Bad Bag,Sports,3,1124.27,0.26,41.19,2537.07,UPI,Delivered,"21291 James Fields, Stantonmouth, DE 12739",New Elizabeth,Canada,04601,True
ORD001698,CUST8581,Christine Fischer,mooreeric@johnson-johnson.info,2026-04-30 16:47:00,PROD848,Report Phone,Sports,2,1685.96,0.02,7.17,3311.65,Cash on Delivery,Delivered,"522 Mark Vista, Rogersview, MS 29669",South Carolynport,Australia,49074,True
ORD001699,CUST2342,Kurt Kirby,wmorgan@schaefer.com,2026-02-24 04:19:00,PROD573,Let Laptop,Home,9,1083.19,0.19,45.37,7941.83,Wallet,Delivered,"6762 Robert Square Suite 617, Dawnshire, KY 47118",Sheilaberg,Canada,39068,False
ORD001700,CUST7970,Carolyn Williams,tara25@yahoo.com,2026-04-14 08:59:00,PROD608,Pm Chair,Groceries,6,1622.72,0.24,39.74,7439.34,Debit Card,Processing,"4371 Williams Rue, West Melissa, NY 82075",Gainesbury,Canada,09557,False
ORD001701,CUST6598,Anthony Bailey,pamelaknight@yahoo.com,2025-09-25 03:05:00,PROD870,Crime Watch,Groceries,3,1453.61,0.19,10.5,3542.77,Wallet,Cancelled,"PSC 1542, Box 4015, APO AE 89183",Jasonmouth,India,80594,True
ORD001702,CUST1186,Amy Warren,matthewhiggins@stafford-andersen.com,2025-10-23 07:39:00,PROD940,Late Laptop,Beauty,8,1669.41,0.02,47.26,13135.43,Wallet,Shipped,"875 Andrews Trail Suite 425, Sandrashire, AR 96343",Jasonhaven,Australia,22465,True
ORD001703,CUST7929,Erin Robertson,bryan78@hotmail.com,2026-03-03 03:28:00,PROD699,Tv Shoes,Fashion,8,1156.3,0.11,7.39,8240.25,UPI,Delivered,"53081 Moreno Plains Suite 789, Nathanville, PA 29657",Port Justin,India,63721,False
ORD001704,CUST6216,Miguel Hart,nrogers@yoder-smith.com,2026-01-17 16:34:00,PROD299,Shake Shoes,Beauty,1,1510.32,0.14,37.45,1336.33,Net Banking,Returned,"635 Laurie Points Suite 570, Jamesburgh, OK 94653",South Charles,India,90154,True
ORD001705,CUST8771,Ana Collins,kristy19@yahoo.com,2025-03-04 18:15:00,PROD414,Coach Shoes,Beauty,10,164.24,0.07,42.88,1570.31,UPI,Processing,"03675 Paul Tunnel Apt. 289, Billland, CA 25352",Port Johnfort,Germany,04165,True
ORD001706,CUST2655,Ashley Baker,arnoldthomas@hotmail.com,2025-05-05 23:27:00,PROD976,East Phone,Beauty,1,1150.07,0.21,16.4,924.96,Credit Card,Cancelled,"9275 Tracy Loop, North Bradleyfurt, PA 85935",Ruizton,India,00713,False
ORD001707,CUST6623,Julia Brown,mitchelllowe@james-delacruz.net,2025-06-17 01:56:00,PROD813,Across Chair,Groceries,3,602.18,0.21,10.33,1437.5,Wallet,Pending,"537 Adam Circle, North Adamberg, DC 17856",East Jacquelineside,UK,29097,True
ORD001708,CUST7569,Terry Williams,martineztammy@juarez.com,2025-07-14 12:08:00,PROD681,Similar Shoes,Fashion,8,162.34,0.21,25.48,1051.47,UPI,Cancelled,"9106 Graham Path, Cameronton, DE 37412",Christopherchester,USA,30565,True
ORD001709,CUST2480,Kristin Manning,bradleyjonathan@gmail.com,2025-12-27 00:40:00,PROD475,Which Bag,Home,6,1091.38,0.29,48.83,4698.11,Net Banking,Delivered,"Unit 9586 Box 1672, DPO AE 08747",Smithberg,Australia,43330,True
ORD001710,CUST6850,Eric Olsen,mark24@hotmail.com,2025-02-14 20:21:00,PROD455,Close Chair,Electronics,7,1641.72,0.07,24.37,10711.97,Credit Card,Processing,"PSC 1825, Box 4805, APO AP 61659",Christinemouth,UK,00759,False
ORD001711,CUST8725,Mrs. Brenda King,xlewis@perez.info,2025-05-07 12:43:00,PROD597,Professional Shoes,Books,10,89.96,0.04,25.4,889.02,Credit Card,Processing,"1320 Allen Course Apt. 920, North Kimberly, NV 56247",Ramirezhaven,USA,22418,False
ORD001712,CUST2346,Patrick Spencer,christinawilliams@yahoo.com,2026-01-28 20:24:00,PROD486,Population Chair,Home,7,14.35,0.27,14.75,88.08,UPI,Cancelled,"966 Camacho Throughway, Thompsonfurt, SC 21034",Doughertyport,India,80447,False
ORD001713,CUST4354,Susan Walsh,amartinez@yahoo.com,2025-02-09 01:57:00,PROD442,Term Phone,Groceries,2,1248.79,0.21,47.94,2021.03,Cash on Delivery,Shipped,"Unit 5458 Box 4465, DPO AA 61032",East Haileymouth,Germany,15084,False
ORD001714,CUST1020,David Owens,adrianasweeney@thomas.info,2026-03-01 08:02:00,PROD238,Speak Watch,Fashion,6,1926.85,0.01,33.46,11478.95,Credit Card,Cancelled,"8427 Mack Trail Suite 645, Deborahborough, VA 04442",East Dawnport,Germany,31129,True
ORD001715,CUST5246,Gabriel Rosales,rachel38@hotmail.com,2025-09-07 13:13:00,PROD792,Consider Book,Books,7,272.97,0.26,43.62,1457.6,Credit Card,Shipped,"Unit 3234 Box 5335, DPO AA 55188",East Kim,Canada,69163,True
ORD001716,CUST7854,Morgan Perry,tlambert@hotmail.com,2025-10-31 10:50:00,PROD607,Week Watch,Home,4,1853.5,0.17,28.76,6182.38,Cash on Delivery,Pending,"98013 Lisa Mountain, Jonesland, MN 88580",Olsontown,Australia,13516,True
ORD001717,CUST8443,Sherri Wilson,kaitlyn81@james.com,2025-10-19 05:11:00,PROD883,Poor Book,Groceries,9,1075.48,0.26,46.92,7209.62,UPI,Cancelled,"58765 Barbara Circles, Harrismouth, SC 48249",West Oliviaberg,Germany,16330,True
ORD001718,CUST3019,Jacqueline Johnson,johnsonbelinda@phillips-smith.com,2026-03-15 22:15:00,PROD564,Machine Book,Fashion,6,1077.59,0.27,6.79,4726.63,Credit Card,Delivered,"65694 Sean Loop, New Alan, NC 23193",Boyerburgh,Australia,52087,False
ORD001719,CUST1575,Jennifer Perez,parkerchristian@ellis.org,2026-02-17 17:35:00,PROD307,Most Book,Fashion,2,1578.73,0.23,41.96,2473.2,Wallet,Shipped,"41426 Anderson Forges Apt. 646, West Shelbyhaven, ID 95896",South Tylerberg,Canada,91009,True
ORD001720,CUST4644,Linda Edwards,kellyjustin@yahoo.com,2025-09-17 15:13:00,PROD849,Event Shoes,Fashion,9,942.44,0.2,17.96,6803.53,Net Banking,Cancelled,"5289 Owen Estates Suite 597, East Sara, MA 45697",Anthonyview,Germany,20342,False
ORD001721,CUST2846,Adam Evans,rodriguezmaria@yahoo.com,2025-08-19 00:53:00,PROD457,Like Shoes,Sports,5,193.11,0.22,30.25,783.38,Cash on Delivery,Cancelled,"3905 Warner Plains Suite 626, Port Kristen, OK 44856",Lake Mary,UK,04764,True
ORD001722,CUST5292,Lori Anderson,sherri95@hotmail.com,2025-04-06 17:08:00,PROD169,Cover Bag,Groceries,7,270.81,0.08,8.34,1752.36,Debit Card,Pending,"3773 Gregory Knolls Apt. 458, Romanville, CT 97243",North Seanville,USA,64796,True
ORD001723,CUST2086,Daniel Grant,patriciacollier@hotmail.com,2025-11-09 01:46:00,PROD120,Control Laptop,Beauty,6,903.17,0.04,13.43,5215.69,Cash on Delivery,Shipped,"6944 Angela Plaza, Jonesland, MD 90166",West Paula,UK,88194,False
ORD001724,CUST2233,Lauren Durham,amanda25@yahoo.com,2025-02-21 18:13:00,PROD160,Cold Phone,Books,3,545.09,0.3,12.01,1156.7,Cash on Delivery,Cancelled,"96433 Russell Trafficway Apt. 099, New Robert, TN 95180",Grantberg,Canada,87879,False
ORD001725,CUST8776,Karen Garcia,ysandoval@williams.info,2025-02-20 20:59:00,PROD254,Traditional Bag,Books,3,292.68,0.08,47.61,855.41,UPI,Pending,"USNV Johnson, FPO AA 49718",Lake Sarahberg,Canada,96552,False
ORD001726,CUST4039,Tracy Rojas,kelly64@hotmail.com,2025-04-15 05:11:00,PROD396,Economic Laptop,Home,6,160.87,0.15,14.93,835.37,Cash on Delivery,Processing,"56854 George Summit, North April, VT 91358",Lake Johnchester,Australia,33245,True
ORD001727,CUST7268,Michael Singh,duanehopkins@yahoo.com,2025-03-30 13:06:00,PROD638,Tell Watch,Electronics,2,1069.47,0.19,1.77,1734.31,Cash on Delivery,Shipped,"07398 Miller Skyway, Williammouth, ME 26561",North Stevenport,UK,44662,True
ORD001728,CUST3481,Pamela Rasmussen,hmora@hotmail.com,2025-01-26 15:00:00,PROD897,View Laptop,Electronics,3,1094.58,0.13,32.64,2889.49,Wallet,Pending,"518 Colton Gardens Apt. 253, Lake Ryan, MA 60369",Stevenhaven,Germany,50274,True
ORD001729,CUST1510,Anthony Key,andrew66@williams-hughes.com,2025-07-20 13:46:00,PROD110,After Book,Books,3,144.81,0.11,20.46,407.1,Net Banking,Cancelled,"261 Robert Ridges Suite 553, South Kathryn, NM 36040",Lake Jennaland,Canada,24177,False
ORD001730,CUST1425,Alexis Goodwin,ashleymeyer@hotmail.com,2025-01-16 01:06:00,PROD917,Three Watch,Fashion,0,490.57,0.1,39.9,3572.0,Wallet,Pending,"00182 Rachel Oval Apt. 638, New Jasonshire, SD 19518",Millerville,UK,66817,True
ORD001731,CUST1675,Renee Hansen,ihutchinson@gutierrez.com,2025-04-08 01:41:00,PROD861,Thus Phone,Books,8,347.47,0.03,10.21,2706.58,Credit Card,Delivered,"5760 William Pike, Marquezmouth, DC 17034",Andersonland,Australia,44251,False
ORD001732,CUST5576,Joseph Walker,vbrennan@miller.com,2025-09-11 04:11:00,PROD861,Because Watch,Groceries,2,54.78,0.25,15.81,97.98,Credit Card,Returned,"9313 Taylor Underpass Suite 625, Christinafort, TN 48983",North Michelleberg,UK,42508,True
ORD001733,CUST7669,Shawn Garrett,reyescaitlyn@yahoo.com,2025-10-19 05:35:00,PROD155,Condition Shoes,Groceries,2,950.55,0.0,12.84,1913.94,Debit Card,Processing,"8362 Miranda Fields Suite 135, East Jamesfurt, VT 62549",Victoriachester,Germany,83692,False
ORD001734,CUST3966,Jessica Griffin,tgraves@hotmail.com,2026-03-15 04:11:00,PROD319,Environment Phone,Home,6,292.73,0.19,0.77,1423.44,Credit Card,Shipped,"739 Daniel Crossroad, Rebeccahaven, NM 62245",Loristad,USA,08114,True
ORD001735,CUST1370,Austin Jones,ibrooks@hotmail.com,2025-10-26 08:19:00,PROD313,Recognize Bag,Fashion,8,1596.68,0.14,9.01,10994.17,Net Banking,Cancelled,"963 Mccormick Hill Suite 713, Christophermouth, IA 84545",West Michelle,Australia,11939,False
ORD001736,CUST1394,Jacob Ellis,yfisher@fisher-moore.com,2025-06-11 03:14:00,PROD793,Under Shoes,Home,3,943.3,0.02,23.28,2796.58,UPI,Shipped,"039 Jason Lane Suite 774, Melanieton, WA 90114",Jamesfort,Australia,16492,False
ORD001737,CUST2809,Pamela Meyer,robinsonsally@johnson-fitzgerald.com,2025-10-27 17:22:00,PROD427,Since Phone,Sports,2,767.62,0.04,5.32,1479.15,Credit Card,Returned,"1732 Jason Shores, South Rayport, NE 92555",Colinhaven,USA,35468,False
ORD001738,CUST8847,Richard Jimenez,michael87@hotmail.com,2025-10-04 12:48:00,PROD669,Significant Watch,Groceries,5,1466.35,0.24,44.24,5616.37,Wallet,Shipped,"971 Kelly Rapid Apt. 794, Joneston, OR 93362",Port Jeremiah,Australia,94578,False
ORD001739,CUST6111,Heather Smith,kathleenlambert@long-gates.net,2025-03-06 06:29:00,PROD567,Recent Book,Electronics,7,1998.26,0.27,25.01,10236.12,Wallet,Shipped,"Unit 9842 Box 0032, DPO AA 43880",Lake Jeremyton,Australia,42031,True
ORD001740,CUST3140,Deborah Davis,navarrowhitney@anthony-murillo.com,2025-08-13 21:35:00,PROD187,Direction Watch,Home,2,1953.56,0.03,1.63,3791.54,Credit Card,Shipped,"576 John Roads Suite 108, Kristinshire, WV 94676",Brownmouth,India,27502,False
ORD001741,CUST7439,Jessica Wallace,heatherbradley@henry-hernandez.com,2025-10-20 23:46:00,PROD722,Government Bag,Beauty,9,1866.91,0.23,47.12,12984.81,Debit Card,Processing,"1431 Figueroa Shores Apt. 489, Johnland, AR 04680",Barbaraton,USA,41370,False
ORD001742,CUST9260,Richard Dillon,rowlandshannon@gmail.com,2025-04-28 08:34:00,PROD261,Interview Laptop,Fashion,5,1022.17,0.08,47.23,4749.21,Wallet,Pending,"73313 Roth Drive, Bryanmouth, NY 75519",Pittsfurt,Canada,21793,False
ORD001743,CUST4265,Olivia Bowers,jessica92@gmail.com,2025-06-13 08:27:00,PROD861,Already Bag,Books,3,300.33,0.26,8.41,675.14,Cash on Delivery,Processing,"74821 Barry Neck Suite 079, Youngbury, KY 90603",Lake Michelleview,Australia,77411,True
ORD001744,CUST1337,Bobby Mccullough,bishopphilip@yahoo.com,2026-03-20 00:22:00,PROD118,Best Phone,Sports,6,7.97,0.06,10.89,55.84,Net Banking,Pending,"65868 Martin Trail Apt. 785, Fordmouth, HI 09130",Port Heather,USA,79806,False
ORD001745,CUST9537,Katherine Griffith,wadekaren@yahoo.com,2026-01-16 22:25:00,PROD685,Public Chair,Groceries,8,482.35,0.03,0.24,3743.28,Wallet,Cancelled,"79624 Rogers Mills, Stacytown, AL 29260",Masonton,India,55557,True
ORD001746,CUST3494,Dr. Jessica Lynn,hopkinsmelissa@yahoo.com,2025-05-10 03:25:00,PROD940,Occur Shoes,Fashion,1,51.17,0.29,42.52,78.85,Cash on Delivery,Delivered,"874 Holly Avenue Apt. 922, Tranfurt, NJ 03860",South Michael,UK,97217,True
ORD001747,CUST1732,Kim Hartman,timothy65@gmail.com,2026-04-24 14:47:00,PROD497,Above Laptop,Sports,10,1348.14,0.28,28.86,9735.47,Cash on Delivery,Delivered,"643 Rhonda Creek Apt. 222, Tiffanystad, KS 10465",East Robert,Germany,40597,False
ORD001748,CUST1830,Melissa Brooks,mary55@lucas.org,2025-10-06 02:54:00,PROD123,City Phone,Groceries,9,853.39,0.3,19.43,5395.79,Wallet,Pending,"2247 Patterson Flats Apt. 807, North Brandonview, NC 94354",Nelsonmouth,Canada,86384,False
ORD001749,CUST2351,Linda Massey,dianesherman@hotmail.com,2025-12-17 07:15:00,PROD198,Door Phone,Electronics,7,241.89,0.03,41.75,1684.18,UPI,Delivered,"83387 Spencer Fords, Boydhaven, MI 67704",South Jasonchester,India,71086,False
ORD001750,CUST1297,Zachary Bailey,marvinhenry@morrison.info,2025-12-22 08:21:00,PROD293,Of Bag,Home,9,287.34,0.17,40.24,2186.67,Cash on Delivery,Processing,"Unit 3521 Box 9980, DPO AA 68188",Sandrafurt,India,04496,True
ORD001751,CUST5102,Tara Hickman,brian67@bright.biz,2025-07-05 06:20:00,PROD390,Recognize Phone,Beauty,4,559.08,0.12,22.32,1990.28,UPI,Delivered,"107 Alexander Streets, Drakeside, MT 58584",Lake Carolyn,UK,10362,False
ORD001752,CUST1262,Andrea Lynch,bbaker@hotmail.com,2025-08-15 04:45:00,PROD929,Store Shoes,Beauty,1,195.5,0.17,13.35,175.62,Wallet,Returned,"05374 Elizabeth Estate, Donaldville, VT 31353",East Joshua,India,73390,True
ORD001753,CUST3445,Kathleen Price,kimberly19@colon.com,2026-04-17 04:41:00,PROD500,Partner Shoes,Electronics,4,1029.11,0.18,38.35,3413.83,Wallet,Pending,"57247 Allison Rapid Suite 726, Austinmouth, OH 89223",Meganhaven,Germany,85479,True
ORD001754,CUST4156,Heather Hampton,rileylisa@patterson.org,2025-09-12 08:44:00,PROD521,College Book,Fashion,6,1810.14,0.14,39.48,9379.8,Debit Card,Shipped,"505 Monica Ridges Apt. 487, West Jennifer, MN 36312",Port Justin,Germany,42652,False
ORD001755,CUST6439,James Carter,baldwintony@hotmail.com,2025-01-09 00:18:00,PROD209,Why Phone,Electronics,2,323.14,0.03,38.58,665.47,Cash on Delivery,Processing,"2222 Parker Lane Apt. 533, North Dylantown, NH 48121",Port Melaniechester,UK,80651,True
ORD001756,CUST2874,Steven Kim,princedaniel@allen-spencer.org,2025-11-18 05:50:00,PROD132,Research Laptop,Books,6,695.17,0.01,33.28,4162.59,Wallet,Delivered,"120 Peterson Avenue Apt. 069, West Michaelstad, IN 77233",Port Douglas,USA,34365,True
ORD001757,CUST3348,Henry Graham,hunterdavis@kaufman.com,2025-01-29 08:27:00,PROD569,Customer Laptop,Electronics,7,51.95,0.03,28.08,380.82,Credit Card,Cancelled,"176 Jason Center Apt. 815, Silvashire, AZ 63628",West Joannchester,Australia,78847,True
ORD001758,CUST9722,Austin Franco,pberger@morton.info,2025-04-13 04:36:00,PROD832,Film Book,Electronics,7,141.94,0.03,1.47,965.24,Net Banking,Shipped,"73069 Marissa Drive, West Leeside, NC 76916",Taylorshire,Australia,31246,False
ORD001759,CUST3911,Martin Tran,drew85@flores.net,2025-08-11 10:14:00,PROD247,Would Watch,Books,5,627.55,0.22,48.53,2495.98,Debit Card,Shipped,"126 Jose Stream, Juliehaven, MT 43223",Christinaside,Australia,09408,False
ORD001760,CUST4358,Denise Ali,tgomez@jones-townsend.info,2025-07-16 00:06:00,PROD849,Put Book,Books,10,180.78,0.07,18.3,1699.55,Debit Card,Returned,"548 Torres Mountains, West Raymondberg, AK 95758",Port Nathantown,Germany,77101,True
ORD001761,CUST2663,Ellen Sims,alex12@osborne.biz,2025-06-29 17:26:00,PROD867,Indicate Bag,Fashion,2,984.88,0.12,8.45,1741.84,Net Banking,Shipped,"0505 Mary Walk Suite 576, Toddshire, NJ 75596",New Cole,Australia,79385,True
ORD001762,CUST7556,Derek Murray,markhernandez@gibbs.biz,2025-07-21 14:00:00,PROD256,System Chair,Fashion,9,787.01,0.13,40.46,6202.75,UPI,Shipped,"27647 Regina Trafficway, Jacobbury, CO 13701",Port Cynthiaton,India,17641,False
ORD001763,CUST5807,Jason Nunez,ocole@rodriguez.com,2026-03-29 13:54:00,PROD584,Account Watch,Groceries,9,886.79,0.26,13.48,5919.5,Credit Card,Cancelled,"45237 Jared Lights, Port James, HI 67999",Bakerberg,Australia,48263,True
ORD001764,CUST9360,Jamie Nolan,chodges@hotmail.com,2025-10-24 01:40:00,PROD410,Reason Phone,Sports,4,726.4,0.01,48.75,2925.29,Net Banking,Pending,"USS Johnson, FPO AP 47727",Samanthaborough,Germany,71866,True
ORD001765,CUST7199,John Watson,castanedajoseph@stephens.com,2025-03-06 07:20:00,PROD660,Long Shoes,Electronics,5,1624.33,0.09,15.36,7406.06,Debit Card,Delivered,"7949 Lauren Pines, West Elizabethville, KY 56558",Davismouth,India,33601,False
ORD001766,CUST3819,Brandon Smith,robert26@yahoo.com,2026-02-09 20:27:00,PROD117,Later Watch,Beauty,5,1211.18,0.23,8.18,4671.22,Cash on Delivery,Shipped,"5536 Tyler Unions Suite 665, Christineton, TN 30468",Juanberg,Germany,31039,False
ORD001767,CUST9957,Kristina Davenport,patrickcompton@mathis.biz,2025-11-26 02:49:00,PROD663,Bill Laptop,Sports,2,206.65,0.21,24.65,351.16,Debit Card,Processing,"836 Jennifer Plain, Lake Nathanielborough, CO 86780",Christopherborough,UK,10624,True
ORD001768,CUST9199,Christina Jordan,kmosley@hunter-wells.com,2025-01-02 21:27:00,PROD995,Food Chair,Sports,4,616.91,0.1,29.34,2250.22,Debit Card,Shipped,"2239 Timothy Light, New Hollychester, GA 22804",Alexamouth,Australia,87831,True
ORD001769,CUST5254,Virginia Fitzpatrick,davidwalters@yahoo.com,2025-09-28 16:17:00,PROD986,Safe Chair,Electronics,10,1603.73,0.16,49.65,13520.98,UPI,Delivered,"0874 Hill Way Suite 397, New Courtney, WA 64346",Richardmouth,India,64084,True
ORD001770,CUST5570,Rhonda Brown,joycebaker@martinez-hunter.org,2025-01-23 05:05:00,PROD184,Four Chair,Beauty,3,1631.28,0.11,9.8,4365.32,Debit Card,Returned,"92415 Willie Meadows Apt. 484, North Sydneyland, NV 06786",Kingville,USA,40384,True
ORD001771,CUST4927,Daniel Sanchez,andrewfuentes@yahoo.com,2025-03-02 22:25:00,PROD608,Position Shoes,Electronics,1,625.36,0.22,26.39,514.17,Cash on Delivery,Pending,"164 Michael Mountains Apt. 376, Adrianland, KY 09899",Huntertown,Australia,81588,False
ORD001772,CUST1810,Brian Brooks,rebecca14@howard.com,2025-01-28 01:12:00,PROD182,General Laptop,Groceries,3,129.65,0.21,5.25,312.52,UPI,Delivered,"736 Stephanie Mountain, New Phillip, CA 68325",New Jonathanhaven,India,68472,True
ORD001773,CUST2620,Janet Fernandez,mreeves@mcclure.info,2025-04-18 09:58:00,PROD703,Without Chair,Books,8,1627.52,0.07,37.51,12146.26,Cash on Delivery,Delivered,"644 Smith Brooks Apt. 604, Jenniferville, RI 81067",New Christopherhaven,Canada,63337,False
ORD001774,CUST1834,Anthony Thompson,jennifertaylor@yahoo.com,2025-01-24 23:06:00,PROD839,Cover Phone,Home,7,1768.79,0.05,49.38,11811.83,Credit Card,Shipped,"69504 Dustin Run Suite 059, West Stevenstad, MD 18961",South Katherine,Canada,86602,False
ORD001775,CUST2262,Debbie Harris,susanelliott@gmail.com,2026-03-09 20:29:00,PROD310,Specific Watch,Home,9,660.67,0.11,0.47,5292.44,Debit Card,Pending,"35996 Thomas Circle Suite 009, Mooreview, AL 92337",Christopherbury,Germany,15502,True
ORD001776,CUST9562,Jasmine Davis,haynesryan@collins-williams.com,2025-12-28 03:01:00,PROD862,Save Laptop,Books,8,1845.63,0.17,33.8,12288.78,Debit Card,Delivered,"60062 Gary Pike Suite 357, New Debbie, OK 39902",Nancyside,UK,74587,True
ORD001777,CUST9388,Gabriel Davidson,mmorris@yahoo.com,2026-01-02 07:29:00,PROD213,Prevent Chair,Sports,2,1891.26,0.03,1.37,3670.41,Net Banking,Returned,"5512 Carney Flats Apt. 676, Reedmouth, IL 11024",North Garyland,USA,32664,True
ORD001778,CUST8882,Philip Graves,kristi42@gmail.com,2026-04-03 06:43:00,PROD602,Fish Chair,Electronics,10,1758.83,0.18,49.39,14471.8,Wallet,Shipped,"4574 Christine Pike, New Heather, FL 49213",Jasonborough,USA,45274,False
ORD001779,CUST3982,Tara Morgan,bryan34@fisher-horn.biz,2025-06-23 07:02:00,PROD917,No Book,Sports,8,1757.22,0.17,5.3,11673.24,Credit Card,Pending,"471 Alvarez Islands, Snowtown, AZ 87593",North Laurentown,Australia,21778,False
ORD001780,CUST4181,Brian Taylor,daniel16@hotmail.com,2026-02-06 11:29:00,PROD917,Music Chair,Fashion,9,67.8,0.05,12.84,592.53,Debit Card,Shipped,"85414 Selena Lodge, Lake Dean, WA 17227",West Josephborough,UK,62734,True
ORD001781,CUST6773,Matthew Adams,cfreeman@pierce-pacheco.com,2025-03-25 03:25:00,PROD967,Respond Watch,Home,10,80.91,0.3,30.12,-596.49,Net Banking,Delivered,"132 Herrera Ferry Apt. 263, Michaelview, RI 89692",East Jamesfurt,Australia,96982,False
ORD001782,CUST2939,Chelsea Johnson,dmiller@gmail.com,2025-01-11 12:51:00,PROD351,Control Phone,Groceries,8,1366.07,0.11,21.85,9748.27,UPI,Returned,"4552 Rasmussen Points, Kimburgh, MS 01365",East Mark,Australia,37749,True
ORD001783,CUST2191,Michael Hall,greenenathan@yahoo.com,2025-02-15 10:03:00,PROD104,Safe Watch,Electronics,2,1678.27,0.27,41.17,2491.44,Debit Card,Delivered,"699 Elizabeth Coves Apt. 948, Nelsonville, IA 86934",New Heathertown,USA,05234,False
ORD001784,CUST2843,Brandon Rogers,april63@yahoo.com,2025-01-24 20:33:00,PROD734,Develop Phone,Groceries,5,1786.11,0.05,42.43,8526.45,Debit Card,Returned,"70289 Ortiz Mews, Lambside, ND 98289",Jasonland,Canada,50991,True
ORD001785,CUST7964,Austin Joseph,michelle14@hotmail.com,2025-05-28 17:54:00,PROD715,Power Chair,Groceries,5,1009.26,0.07,0.51,4693.57,Credit Card,Pending,"96543 Andrew Knoll Suite 710, Lake Brian, WI 19362",Riverachester,India,05939,False
ORD001786,CUST6975,Lori Fritz,mbishop@gmail.com,2026-03-16 07:02:00,PROD881,Glass Chair,Beauty,3,206.36,0.27,18.85,470.78,Wallet,Returned,"42314 Hammond Expressway Apt. 258, Williamsberg, WV 01142",New Bradleyview,UK,06759,False
ORD001787,CUST4812,Shelley Le,david41@smith-cobb.net,2025-07-26 22:50:00,PROD417,Happy Phone,Electronics,4,466.02,0.26,30.72,1410.14,Credit Card,Shipped,"347 Espinoza Rapid, Stoutchester, CA 24438",Port Robert,India,59776,False
ORD001788,CUST9037,Michael Norris,matthew96@boone.com,2025-01-09 03:56:00,PROD617,Agree Chair,Groceries,5,1824.61,0.13,38.44,7975.49,Wallet,Processing,"4425 Sarah Squares, Ricemouth, SC 24846",Leonchester,UK,66445,True
ORD001789,CUST3241,Alicia Garcia,elijahlogan@price-walls.com,2025-06-13 15:15:00,PROD659,State Chair,Electronics,9,677.24,0.22,45.72,4799.94,Net Banking,Pending,"702 Cathy Ville, Matthewstown, NE 88853",West Michelle,UK,13806,False
ORD001790,CUST6592,Melissa Dean,npeterson@wilson.com,2026-02-18 03:08:00,PROD470,Religious Book,Fashion,4,1186.59,0.23,24.89,3679.59,Net Banking,Pending,"79708 Williams Rue, South Kathryn, MI 72635",Whitestad,Australia,26494,True
ORD001791,CUST5843,Johnathan Johnson,jerry30@gonzalez.com,2026-01-26 21:51:00,PROD905,Idea Book,Books,10,926.41,0.07,19.17,8634.78,Cash on Delivery,Processing,"7413 Chad Courts Suite 196, New Kelly, WV 91249",Ericchester,Germany,86485,False
ORD001792,CUST4335,Brandon Turner,watkinsmartha@shea.com,2025-08-05 14:29:00,PROD162,Role Chair,Sports,3,78.17,0.02,5.09,234.91,Net Banking,Delivered,"56536 Crawford Fords, Torresborough, CO 98397",Markburgh,India,68008,False
ORD001793,CUST2002,Brandy Taylor,mariahhunt@yahoo.com,2025-07-16 08:48:00,PROD321,Share Laptop,Books,8,1065.46,0.19,11.49,6915.67,UPI,Returned,"934 Kelly Mill Suite 583, West Gregory, PA 65538",Lake Paultown,Germany,57283,True
ORD001794,CUST9245,Charles Spears,juan24@whitney-shaw.com,2025-09-29 00:49:00,PROD966,Use Book,Beauty,3,1777.89,0.09,3.64,4857.28,Net Banking,Shipped,"USNV Smith, FPO AA 26299",South Cynthia,Australia,25348,True
ORD001795,CUST9652,Laura King,david96@nicholson.com,2025-07-16 01:10:00,PROD512,Computer Shoes,Books,10,349.65,0.08,37.59,3254.37,Debit Card,Returned,"126 Sutton Haven, South Tom, SD 63554",Mendozaport,Canada,51601,False
ORD001796,CUST4389,Scott Lopez,adamfrench@hotmail.com,2025-01-24 14:26:00,PROD247,Early Watch,Electronics,7,505.09,0.0,32.64,3568.27,Cash on Delivery,Delivered,"9882 Maria Alley, Lake Stephanie, NJ 16311",Jonesport,USA,82170,False
ORD001797,CUST4569,Joshua Wilson,roberto16@hotmail.com,2025-04-17 23:35:00,PROD641,Analysis Watch,Beauty,7,954.4,0.21,17.91,5295.74,Wallet,Processing,"526 Lori Passage Apt. 287, Jenniferland, WI 11593",New Robinfurt,UK,09667,True
ORD001798,CUST4829,Isabella Jackson,jessicaashley@rose-williams.net,2025-07-28 21:44:00,PROD280,Mother Laptop,Beauty,1,1595.68,0.16,46.81,1387.18,UPI,Delivered,"9030 Justin Summit, Doyleland, HI 06958",South Jason,Germany,85694,True
ORD001799,CUST8770,David Rice,jacqueline12@hotmail.com,2025-05-13 00:22:00,PROD304,Produce Phone,Books,1,1376.17,0.28,30.2,1021.04,Cash on Delivery,Processing,"2230 John Street, East Jeffrey, RI 89072",Carlosville,India,32101,False
ORD001800,CUST6270,Wendy Aguilar,amberstanley@hotmail.com,2025-11-02 14:27:00,PROD521,Coach Watch,Electronics,5,1554.14,0.09,34.09,7105.43,Cash on Delivery,Returned,"7823 Smith Plaza Suite 229, Pachecochester, CT 40424",Ginahaven,UK,49889,False
ORD001801,CUST1452,Devin Johnson,lorireyes@gmail.com,2025-09-13 22:21:00,PROD347,For Chair,Groceries,6,513.11,0.13,3.85,2682.28,Wallet,Returned,"919 Thomas Extensions Apt. 130, New Josephborough, DE 38456",New Janiceville,Germany,99433,True
ORD001802,CUST4379,Mercedes Schultz DDS,andrewmorgan@lutz.org,2026-03-09 05:30:00,PROD284,Group Laptop,Beauty,4,1721.33,0.22,6.51,5377.06,Debit Card,Returned,"3271 Ashley Run Apt. 284, Kathleenville, WY 54156",Lake Nicholasborough,USA,90135,True
ORD001803,CUST7978,Rhonda Nelson,tina16@anderson.com,2025-09-04 03:06:00,PROD721,Deal Laptop,Books,2,1672.65,0.25,32.56,2541.53,Credit Card,Delivered,"4103 Jenkins Estate Apt. 659, Davidmouth, MN 70501",New Michael,UK,57076,True
ORD001804,CUST7621,Johnny Jones,xcampbell@klein-jenkins.net,2025-01-30 09:10:00,PROD690,Face Phone,Fashion,10,1766.67,0.11,14.45,15737.81,Credit Card,Cancelled,"29010 Marilyn Run, West Adriennemouth, DE 13404",Aliciaville,Germany,07471,True
ORD001805,CUST4066,James Anderson,pamelaschultz@hotmail.com,2026-04-27 03:53:00,PROD130,Industry Shoes,Beauty,7,1910.93,0.0,29.23,13405.74,Net Banking,Processing,"40812 Matthew Forks, South Tylerfurt, AR 19225",Davisside,Canada,76917,True
ORD001806,CUST1414,Joseph Chen,rhunt@yahoo.com,2025-02-18 08:11:00,PROD989,Behind Laptop,Books,7,540.93,0.25,3.03,2842.91,Net Banking,Cancelled,"347 Burgess Keys, North Deborahview, IN 00720",East Whitneyburgh,India,12869,True
ORD001807,CUST1176,Michael Terry,crystal14@young.biz,2026-02-17 02:25:00,PROD133,Our Book,Sports,4,894.07,0.23,44.41,2798.15,Debit Card,Returned,"59634 Kathleen Course Suite 689, East Joshua, AR 34359",New Michaelland,USA,26467,True
ORD001808,CUST8218,Cindy Ramos,ajones@yahoo.com,2025-07-31 14:11:00,PROD263,Scientist Phone,Home,5,1834.06,0.11,11.19,8172.76,Net Banking,Pending,"USCGC Jennings, FPO AA 73424",Melissaport,UK,90956,True
ORD001809,CUST5261,Susan Flynn,tmartinez@sellers.net,2026-04-14 17:00:00,PROD162,Improve Shoes,Home,9,448.47,0.17,37.07,3387.14,Wallet,Shipped,"44405 Gonzales Vista, Vernonmouth, CO 29656",Castanedafurt,Australia,20517,False
ORD001810,CUST9081,William Jones,breanna41@fitzgerald-moore.com,2025-02-25 22:38:00,PROD284,Author Phone,Groceries,4,1477.63,0.07,23.1,5519.88,Credit Card,Processing,"PSC 0170, Box 6686, APO AE 57894",North Heidi,USA,48082,True
ORD001811,CUST1974,Laura Kirby,romankevin@gmail.com,2026-02-25 12:14:00,PROD228,Start Chair,Books,6,1306.17,0.09,38.62,7170.31,Cash on Delivery,Delivered,"712 Stewart Key Suite 416, Randallchester, CT 44432",Mejiaville,UK,11398,False
ORD001812,CUST4365,Brenda Pineda,boyddiane@morgan.com,2025-07-22 20:21:00,PROD702,Over Watch,Home,3,909.97,0.05,32.23,2625.64,Wallet,Shipped,"2552 Stevens Common, Anthonybury, MI 80114",Amandahaven,Australia,55261,False
ORD001813,CUST7859,Jeffrey Wolf,fuentesjames@martin.info,2025-01-12 14:46:00,PROD866,Now Watch,Home,1,1013.8,0.16,15.07,866.66,Net Banking,Pending,"01339 Alec Bridge, Adrianbury, MT 45680",Marthashire,India,87190,True
ORD001814,CUST3718,Ashley Torres,acook@gmail.com,2025-01-23 17:00:00,PROD290,They Chair,Electronics,2,1132.26,0.25,8.59,1706.98,UPI,Pending,"90959 Douglas Mountain Apt. 463, Jacobsland, PA 75913",New Kathyhaven,Germany,55548,True
ORD001815,CUST3570,Kerry Fernandez,rickyblankenship@yahoo.com,2025-11-14 01:17:00,PROD456,Base Shoes,Fashion,5,1086.72,0.27,29.24,3995.77,Debit Card,Processing,"7717 Flores Rapid, Baldwinshire, ME 88751",Lake Paul,USA,13512,True
ORD001816,CUST6429,Dillon Fernandez,powersjoseph@hotmail.com,2026-05-06 05:15:00,PROD452,Certainly Chair,Electronics,6,139.14,0.05,18.71,811.81,Credit Card,Returned,"7050 Morgan Junction, West Russellview, ND 11032",Ramosshire,Canada,94299,True
ORD001817,CUST5666,Alexander Perez,aliciabrown@massey-miller.com,2025-06-22 09:21:00,PROD811,Age Chair,Fashion,1,455.94,0.12,25.21,426.44,Wallet,Cancelled,"843 Amy Track Apt. 404, Thompsonfort, NE 90590",Port Michael,USA,58178,True
ORD001818,CUST9804,Cathy Jenkins,osexton@mason.com,2025-04-09 05:18:00,PROD127,Effort Book,Sports,4,791.26,0.05,21.34,3028.13,Cash on Delivery,Pending,"6843 Mary Summit Apt. 954, Hartville, NH 94604",North Kimberly,Australia,62400,True
ORD001819,CUST8279,April Oliver,egriffin@yahoo.com,2025-03-04 04:53:00,PROD898,After Book,Groceries,5,1506.55,0.03,43.99,7350.76,Wallet,Pending,"10356 Lucas Square Suite 210, East Alishastad, WV 77877",Nathanieltown,UK,07684,False
ORD001820,CUST7577,Elizabeth Jones,cfrazier@yahoo.com,2026-04-10 19:38:00,PROD302,Short Laptop,Books,10,272.13,0.02,7.13,2674.0,Net Banking,Delivered,"5622 Frank Mission, Amberburgh, OH 28303",West Jamestown,Germany,15905,False
ORD001821,CUST2522,Maria Fletcher,qlopez@hernandez.com,2025-05-23 05:04:00,PROD679,Natural Shoes,Books,1,770.94,0.18,43.35,675.52,UPI,Returned,"Unit 3237 Box 7567, DPO AA 80629",Selenafurt,Canada,71973,True
ORD001822,CUST4803,Ronald Ramirez,eric89@hotmail.com,2025-10-28 04:11:00,PROD839,Oil Watch,Fashion,7,895.45,0.21,4.99,4956.83,Net Banking,Shipped,"5746 Moreno Springs Suite 856, Michaelshire, KY 18529",Bradleyview,Germany,51084,False
ORD001823,CUST1416,Bethany Delgado,rossdrew@hotmail.com,2025-06-13 04:42:00,PROD735,Near Watch,Electronics,9,1260.96,0.12,19.15,10005.95,Net Banking,Processing,"1187 Moreno Garden, Victorialand, LA 73873",Ortegamouth,USA,39898,True
ORD001824,CUST3251,Jason Gonzalez,finleywhitney@gmail.com,2025-01-03 18:37:00,PROD376,Audience Laptop,Fashion,3,1321.39,0.26,45.12,2978.61,Debit Card,Shipped,"77960 Contreras Parkways Suite 742, West Ginatown, MD 62192",Richardberg,Australia,09633,True
ORD001825,CUST4438,Dennis Russell,xmathews@reed.com,2025-02-02 11:44:00,PROD837,Attack Chair,Fashion,4,1720.82,0.11,15.89,6142.01,Credit Card,Shipped,"382 Hanson Place, Guerrerochester, WY 14662",Samuelchester,Canada,07456,True
ORD001826,CUST3288,Ashley Smith,christinaford@gmail.com,2025-06-03 07:42:00,PROD367,Watch Watch,Sports,1,1037.26,0.13,45.87,948.29,Debit Card,Delivered,"2264 Joann Greens Suite 552, Jenniferside, WY 26146",Dannyside,Germany,31759,False
ORD001827,CUST6264,Todd White,millerdenise@hotmail.com,2026-03-17 04:09:00,PROD817,Apply Phone,Groceries,2,1005.93,0.07,40.93,1911.96,Credit Card,Returned,"498 Anthony Track, Scottmouth, MA 47675",Cohenbury,Canada,38526,True
ORD001828,CUST4248,Claire Castro,lopezvirginia@cooke.com,2026-01-12 00:19:00,PROD313,Just Shoes,Groceries,9,968.79,0.01,24.64,8656.56,Debit Card,Delivered,"835 Alice Loaf Suite 329, Staffordhaven, WV 44397",Thomasville,Canada,85410,False
ORD001829,CUST5748,Anthony Thomas,hsweeney@yahoo.com,2025-07-01 03:22:00,PROD543,Happen Book,Electronics,10,1885.8,0.05,23.36,17938.46,Wallet,Cancelled,"066 Ashley Mountain, North Lisa, NE 38644",Lemouth,Germany,66303,False
ORD001830,CUST8163,Tammy Garza,valerieadams@yahoo.com,2026-01-12 16:33:00,PROD827,Improve Chair,Books,4,1659.94,0.16,48.63,5626.03,Debit Card,Shipped,"PSC 3128, Box 4209, APO AE 60601",Brendashire,UK,06305,True
ORD001831,CUST6937,Anna Miller,whitekaren@rios-huerta.net,2025-01-10 23:32:00,PROD412,Health Shoes,Groceries,5,798.81,0.04,29.23,3863.52,Cash on Delivery,Processing,"405 Larsen Stravenue Suite 523, Smithside, NV 65795",Watsonton,Germany,98923,False
ORD001832,CUST2741,Christopher Maynard,alvarezjustin@yahoo.com,2025-02-11 18:25:00,PROD646,Mr Shoes,Home,3,1113.12,0.05,43.48,3215.87,Cash on Delivery,Pending,"67484 Nelson Roads, North Kimberly, IL 18894",East Amy,Australia,87534,False
ORD001833,CUST1208,Roberta Sanchez,vyoung@yahoo.com,2025-03-28 09:28:00,PROD192,Official Chair,Fashion,3,1107.18,0.06,38.02,3160.27,Debit Card,Processing,"96459 Gardner Dam, Jamieberg, TN 10977",West Stephanie,USA,48432,False
ORD001834,CUST7840,Kathryn Stone,andrewstephens@rodriguez-leblanc.com,2025-02-14 09:36:00,PROD503,Manage Shoes,Groceries,10,354.13,0.0,0.67,3541.97,Cash on Delivery,Returned,"0779 Meagan Hills Suite 547, Destinymouth, CT 30720",West Lindseychester,UK,69500,True
ORD001835,CUST6919,Christine Nunez,eric45@hardy.com,2025-03-10 13:25:00,PROD540,Late Shoes,Fashion,1,528.24,0.25,17.13,413.31,Credit Card,Pending,"310 James Key Suite 872, Leeburgh, NJ 46372",Port Jacobland,UK,79922,False
ORD001836,CUST4598,Eric Rodriguez,joeharrington@noble.net,2025-11-28 01:01:00,PROD351,Allow Book,Groceries,4,1230.97,0.01,38.01,4912.65,Debit Card,Cancelled,"4970 Wong Views Suite 990, New Lorraineview, WA 87282",West Robert,Canada,25261,True
ORD001837,CUST1766,Rachel Jackson,andradevanessa@smith-williams.com,2025-03-10 05:19:00,PROD529,Amount Laptop,Sports,8,191.82,0.28,11.11,1115.99,Debit Card,Pending,"20532 Brad Radial, New Jennifer, WI 06962",West Rogerland,UK,59088,False
ORD001838,CUST1899,Samuel Lin,lboyer@yahoo.com,2025-12-04 01:20:00,PROD585,Table Watch,Groceries,7,565.57,0.03,34.25,3874.47,Debit Card,Delivered,"911 Lee Cape Suite 650, Robertsonhaven, NH 94475",Maxwellburgh,UK,61429,False
ORD001839,CUST4274,Christina Coleman,brian45@long.com,2025-04-22 22:33:00,PROD377,Site Watch,Electronics,6,25.6,0.17,11.41,138.9,Net Banking,Processing,"524 Donna Meadow, Kimberlymouth, ME 50516",Grayfurt,UK,83794,True
ORD001840,CUST2878,Monique King,gabriel84@smith.com,2026-03-15 07:43:00,PROD112,Development Bag,Groceries,2,415.14,0.26,9.91,624.32,Wallet,Delivered,"3784 Dennis Brook Suite 382, East Dylan, VA 87404",East Timothy,Germany,22053,False
ORD001841,CUST5522,Brenda Davies,mark15@wilson-snyder.com,2025-12-31 02:27:00,PROD936,Main Book,Electronics,5,278.75,0.06,4.96,1315.09,Cash on Delivery,Shipped,"1000 Paige Rapid Apt. 186, Lake Jessica, PA 99087",New Jason,USA,27516,False
ORD001842,CUST7913,Katie Lane,andersontara@hotmail.com,2025-04-02 14:30:00,PROD979,Republican Bag,Fashion,7,1049.1,0.14,21.01,6336.59,UPI,Pending,"55580 Wesley Land, Bartonmouth, CT 90888",North William,Canada,29778,False
ORD001843,CUST2639,Kristen Pace,ortegaamanda@yahoo.com,2025-04-03 19:02:00,PROD623,Establish Phone,Books,5,1760.6,0.24,23.67,6713.95,Credit Card,Shipped,"13813 Espinoza Springs Suite 184, New Jeremiah, WA 37178",Shawnland,India,62096,False
ORD001844,CUST5702,Tina Ali,maryfreeman@jones.com,2025-11-14 19:36:00,PROD673,Data Shoes,Books,4,349.01,0.21,2.06,1104.93,UPI,Processing,"9712 Lane Common Apt. 826, Lake Deborah, MD 55341",South Heatherport,Germany,15682,False
ORD001845,CUST9208,Lisa Price,gpowell@gmail.com,2025-02-09 15:10:00,PROD943,Ten Watch,Sports,4,540.99,0.13,16.76,1899.41,UPI,Processing,"921 Valerie Island, Torresstad, IA 03431",Morrisborough,UK,91080,True
ORD001846,CUST7848,Brian Green,ghinton@parks.biz,2025-03-26 11:55:00,PROD672,Offer Phone,Electronics,5,1546.56,0.11,11.27,6893.46,UPI,Processing,"4964 Gerald Mall Apt. 558, North Alex, MI 70585",Lake Jacquelineside,Australia,60796,False
ORD001847,CUST6552,Mark Finley,christina08@hotmail.com,2025-03-30 06:33:00,PROD332,Happen Phone,Groceries,7,1469.21,0.08,32.64,9494.35,UPI,Pending,"831 Scott Estates Suite 783, Brandonshire, TX 82592",East Shelby,Australia,66291,False
ORD001848,CUST1262,Justin Hughes,roachtravis@hotmail.com,2025-09-04 23:17:00,PROD955,Between Chair,Electronics,3,187.28,0.22,11.72,449.96,Wallet,Cancelled,"0207 Samuel Parks, Luisview, NJ 82634",New Josephhaven,USA,01256,False
ORD001849,CUST2537,Antonio Walton,johnbass@little.net,2025-10-01 02:16:00,PROD400,Per Shoes,Books,7,104.57,0.15,32.38,654.57,Wallet,Delivered,"13921 Guerrero Point, New Edwardfort, KY 38326",Lake Shane,Canada,55617,False
ORD001850,CUST6757,Erica Jones,ghoffman@yahoo.com,2025-05-22 06:29:00,PROD999,Well Watch,Home,1,795.38,0.11,27.11,735.0,Net Banking,Delivered,"65974 Henson Roads, West Zacharyville, HI 91903",Port Williambury,UK,29701,True
ORD001851,CUST7025,Stacy Cameron,robert97@hotmail.com,2025-12-14 12:48:00,PROD774,Prove Book,Beauty,4,811.24,0.28,45.07,2381.44,Credit Card,Pending,"126 Jenkins Ridges Apt. 699, Lake Jennifer, NV 88850",Lake Marychester,Canada,91731,False
ORD001852,CUST3735,Heather Mora,mwatson@yahoo.com,2026-02-23 16:47:00,PROD690,Letter Chair,Electronics,10,1144.65,0.28,7.46,8248.94,Credit Card,Delivered,"776 Lewis Shores Apt. 075, Lake Lisahaven, ID 86439",Port Thomas,Canada,29858,False
ORD001853,CUST4869,Diana Barton,ryanhart@cabrera-cole.info,2025-06-21 01:44:00,PROD472,Else Watch,Groceries,8,1301.38,0.25,19.25,7827.53,Net Banking,Shipped,"6052 Teresa Wells Apt. 213, North Danielle, NV 89687",Port Courtney,India,69351,False
ORD001854,CUST4461,Victoria Bird,matthew76@sherman.com,2026-04-06 01:14:00,PROD127,Moment Watch,Books,4,891.19,0.27,29.61,2631.88,Cash on Delivery,Processing,"9919 Robert Field, West Joycebury, ME 38984",New Margaretport,UK,60024,True
ORD001855,CUST7722,Joshua Preston,tmartinez@yahoo.com,2025-01-12 12:30:00,PROD978,Somebody Watch,Sports,2,1098.25,0.04,36.74,2145.38,Cash on Delivery,Delivered,"859 Allen Flats Suite 509, Damonberg, UT 91479",Maynardburgh,Germany,35365,True
ORD001856,CUST9231,Lawrence Martin,millerjennifer@gmail.com,2025-11-11 00:49:00,PROD878,Throw Book,Beauty,9,906.98,0.19,21.55,6633.43,Wallet,Processing,"7019 William Crest Suite 104, Jennifershire, PA 21301",South Lisahaven,India,80224,False
ORD001857,CUST9252,Mary Johnson,allenvictoria@holland.com,2025-08-30 06:36:00,PROD874,Image Watch,Books,7,412.68,0.2,8.46,2319.47,Credit Card,Cancelled,"3417 Pruitt Harbors, Houstonstad, ME 43448",Port Valeriebury,Australia,27559,False
ORD001858,CUST2932,Gina Matthews,julie15@hotmail.com,2026-02-13 20:20:00,PROD811,Item Watch,Electronics,1,1688.47,0.19,28.55,1396.21,UPI,Processing,"363 William Stravenue, Williammouth, AR 59018",Josemouth,Australia,24009,False
ORD001859,CUST7670,Emily Curtis,gutierrezjerry@murray-roman.biz,2026-01-27 22:48:00,PROD500,Positive Shoes,Fashion,2,1092.4,0.12,36.16,1958.78,Credit Card,Pending,"8134 Kyle Junctions Apt. 448, Hillshire, TX 41965",West Samantha,India,75309,False
ORD001860,CUST9338,Derek Richmond,benjamin63@hernandez.biz,2026-01-26 05:36:00,PROD959,Himself Phone,Electronics,1,951.76,0.28,29.01,714.28,Cash on Delivery,Processing,"71004 Michelle Meadow, Tiffanybury, KS 99636",Dawsonside,Canada,13347,True
ORD001861,CUST4823,Brooke Smith,chaneymichele@knight.com,2025-09-09 03:35:00,PROD574,Reason Laptop,Books,3,840.27,0.1,44.18,2312.91,Cash on Delivery,Processing,"59328 Ward Summit Apt. 192, Tiffanyville, NY 98016",North Nicole,India,56548,False
ORD001862,CUST9774,David Patel,josephwilson@duncan-snyder.biz,2026-02-26 09:39:00,PROD803,Can Bag,Fashion,5,347.37,0.18,7.89,1432.11,Credit Card,Processing,"79117 Chloe Way Apt. 335, East Jessicastad, CO 49435",West Ryan,Australia,93804,True
ORD001863,CUST7857,Shannon Ball,helen04@hotmail.com,2026-05-06 10:19:00,PROD560,Woman Laptop,Books,10,1386.2,0.03,17.94,13464.08,Wallet,Cancelled,"Unit 0941 Box 4771, DPO AA 72670",New Elizabeth,USA,71051,True
ORD001864,CUST9691,Joshua Anderson,gkelley@yahoo.com,2025-11-12 10:52:00,PROD266,Day Book,Fashion,9,881.18,0.0,12.92,7943.54,Wallet,Cancelled,"38647 Donald Stravenue Apt. 322, Ericchester, NV 73404",South William,Canada,10802,False
ORD001865,CUST2234,David Carter,ipugh@woods-carr.com,2025-12-04 07:51:00,PROD577,Evening Bag,Sports,1,1396.26,0.23,34.69,1109.81,Credit Card,Returned,"6434 Miller Key, Williston, UT 42672",Port Michael,UK,23647,False
ORD001866,CUST6631,Lynn Adams,joshuabrooks@hotmail.com,2025-09-15 00:24:00,PROD760,People Phone,Sports,7,1907.93,0.08,11.09,12298.16,Credit Card,Pending,"977 Weeks Greens, Taylorside, DE 98004",Elizabethtown,India,56591,False
ORD001867,CUST9372,Gregory Reeves,lmcmillan@turner.info,2025-11-30 08:56:00,PROD195,Life Book,Electronics,10,1842.41,0.2,45.06,14784.34,Debit Card,Returned,"Unit 4948 Box 7248, DPO AA 77108",South Dave,UK,23031,True
ORD001868,CUST1785,Shelby Cohen,morrisronald@chandler.com,2025-02-28 15:03:00,PROD308,Movie Laptop,Sports,10,1954.77,0.12,14.92,17216.9,Cash on Delivery,Delivered,"809 George Camp Apt. 521, Lake Jadeshire, WI 19401",Lake Michael,Canada,34478,True
ORD001869,CUST7793,Bradley Williams Jr.,jacksonchristopher@pope.com,2025-09-23 20:57:00,PROD663,Measure Shoes,Beauty,2,911.25,0.12,26.43,1630.23,UPI,Cancelled,"7998 Mason Ridge, Sarahburgh, WY 04950",East Mary,Germany,39776,False
ORD001870,CUST4012,Aaron Banks,smithtimothy@hotmail.com,2026-01-21 00:42:00,PROD756,Body Bag,Books,1,918.0,0.15,32.99,813.29,Cash on Delivery,Shipped,"68524 Smith Pass Suite 920, Davestad, WI 24983",Lake Michelle,Germany,55111,True
ORD001871,CUST7305,Tonya Smith,becky11@yahoo.com,2025-02-08 13:34:00,PROD979,Break Laptop,Fashion,1,848.85,0.18,5.62,701.68,Net Banking,Cancelled,"64873 Martinez Key, Port Danielmouth, OK 56347",Adrianaborough,UK,35768,False
ORD001872,CUST8475,Melissa Odom,efuller@yahoo.com,2025-03-09 00:35:00,PROD158,Forget Bag,Groceries,1,1063.12,0.25,12.01,809.35,Debit Card,Pending,"Unit 2959 Box 9571, DPO AP 40087",Powersfort,UK,07266,True
ORD001873,CUST4012,William Greene,halljacob@briggs-orr.org,2025-12-11 08:17:00,PROD757,Church Book,Home,5,440.59,0.24,19.07,1693.31,Wallet,Returned,"34051 Flores Stravenue Suite 631, Elizabethside, AR 49703",North Matthewberg,Australia,15690,False
ORD001874,CUST3336,Steven Boyd,carla19@gmail.com,2026-04-06 00:05:00,PROD405,Share Shoes,Beauty,3,26.85,0.22,40.53,103.36,UPI,Returned,"951 Harris Lock Suite 648, West Jeffreyborough, NV 35085",Port Julieland,USA,74795,False
ORD001875,CUST5073,Stephanie Petersen,kwright@hill.com,2025-11-02 00:37:00,PROD109,Cold Shoes,Sports,2,1877.88,0.05,11.14,3579.11,UPI,Shipped,"518 Darlene Oval Suite 517, West Justinbury, OR 73645",Lake Rachelview,Canada,48628,False
ORD001876,CUST5811,Dawn Moses,villegasjustin@williams-williams.com,2025-07-27 22:03:00,PROD348,Along Watch,Home,4,1222.04,0.19,22.44,3981.85,Debit Card,Processing,"USCGC Willis, FPO AA 80877",New Amandaborough,Australia,25169,False
ORD001877,CUST9729,Wendy Lee,wlawrence@gmail.com,2025-01-22 11:22:00,PROD934,Improve Watch,Groceries,4,1398.31,0.13,25.06,4891.18,UPI,Pending,"30750 Elliott Ports Apt. 640, North Nicholasville, OK 14205",Hansonstad,Germany,13339,True
ORD001878,CUST9958,Robert Nguyen,fernandezmark@porter.com,2026-05-13 07:55:00,PROD250,Seem Laptop,Home,7,1655.0,0.08,43.86,10702.06,Cash on Delivery,Cancelled,"85665 Wilkerson Gardens, Samanthahaven, WY 19869",Holmeshaven,Canada,96456,False
ORD001879,CUST3083,John Nielsen,gregorymiller@yahoo.com,2025-09-13 07:33:00,PROD336,Among Watch,Electronics,6,556.51,0.21,20.56,2658.42,Net Banking,Processing,"78176 John Stravenue, West Matthew, ND 15439",Lake Joyville,UK,22182,False
ORD001880,CUST8939,Julie Garcia,gardnershannon@hotmail.com,2025-11-06 19:33:00,PROD975,Trade Bag,Fashion,7,570.99,0.02,18.64,3935.63,Debit Card,Shipped,"6760 Jonathan Shoals, Port Tiffany, NV 54410",Tylerburgh,Australia,44883,True
ORD001881,CUST3110,Shannon Gardner,christopher61@yahoo.com,2026-05-03 08:11:00,PROD111,Painting Watch,Books,10,1051.25,0.06,48.06,9929.81,Net Banking,Cancelled,"40905 Galvan Hills, Melissachester, SD 97958",Duaneville,India,55682,False
ORD001882,CUST3528,Juan Bryan,lauracherry@hotmail.com,2026-05-01 18:37:00,PROD702,Anything Bag,Sports,7,357.96,0.27,18.85,1848.03,Cash on Delivery,Cancelled,"6752 Newman Falls Apt. 315, Lawrencefort, MO 46004",North Whitneyview,Canada,48836,True
ORD001883,CUST8602,Rebecca Kim,cwalker@salinas.com,2025-04-21 10:48:00,PROD827,Outside Watch,Books,9,1470.93,0.26,19.99,9816.38,Wallet,Cancelled,"1662 Melissa Rest, West Henry, AL 11624",Brightmouth,USA,23228,False
ORD001884,CUST5120,Gwendolyn Wagner,laurahamilton@rogers.com,2026-04-15 13:00:00,PROD722,Thank Chair,Fashion,5,247.23,0.08,8.63,1145.89,Credit Card,Cancelled,"82332 Brett Islands, North Joshua, VA 52806",Navarrotown,Germany,59898,True
ORD001885,CUST7593,Thomas Hays,jessewolf@yahoo.com,2025-11-05 16:47:00,PROD110,International Laptop,Electronics,4,1952.22,0.18,7.74,6411.02,Credit Card,Processing,"6287 Lee Coves, Amybury, MS 38208",North Melvin,Germany,92730,False
ORD001886,CUST2103,Laurie King,grayjames@hotmail.com,2025-01-26 20:42:00,PROD911,Determine Book,Beauty,8,1860.24,0.04,30.85,14317.49,Cash on Delivery,Returned,"21688 Steven Court, Port Victoria, UT 44332",Tracyland,Australia,18044,True
ORD001887,CUST1273,Nicole Garcia,sydneyschwartz@smith-curtis.info,2026-03-13 01:55:00,PROD309,Paper Phone,Groceries,5,1463.52,0.17,10.89,6084.5,Wallet,Pending,"5576 Reilly Throughway Suite 253, Hayesville, NM 16602",North Jeremy,UK,48576,False
ORD001888,CUST6361,Karen Adams,oscar92@gmail.com,2025-03-19 20:53:00,PROD952,Accept Bag,Books,9,942.8,0.01,30.64,8430.99,UPI,Delivered,"42237 Richard Lights, Jeremyborough, VA 25747",Sabrinamouth,USA,82667,True
ORD001889,CUST4826,Tabitha Jones,susanaustin@yahoo.com,2025-06-01 00:21:00,PROD444,Soldier Chair,Fashion,10,1939.39,0.19,2.78,15711.84,Credit Card,Processing,"067 Mccoy Crossroad, Lake Stephanieville, WI 12747",Morabury,Canada,10352,False
ORD001890,CUST3049,Andrew Oneill,philip05@wong.com,2025-08-07 13:38:00,PROD682,Pay Chair,Groceries,2,1246.66,0.08,45.29,2339.14,Wallet,Delivered,"8651 James Ville Suite 372, South Kendra, NC 30660",Lake Caroline,India,22327,False
ORD001891,CUST8349,Daniel Parker,amejia@montoya.info,2025-07-25 17:08:00,PROD730,Study Watch,Books,1,174.92,0.2,12.3,152.24,Credit Card,Pending,"95928 Jonathan Freeway Apt. 245, West Shawn, VT 89685",North Richardhaven,Canada,35282,False
ORD001892,CUST1110,Julie Becker,dustinlewis@adams.com,2025-10-20 10:30:00,PROD417,Family Shoes,Groceries,3,1516.6,0.2,36.63,3676.47,UPI,Shipped,"485 Osborne Turnpike Suite 451, Gregorystad, DC 81849",West Davidton,UK,63369,False
ORD001893,CUST6173,Dale Riley,rebeccaanderson@yahoo.com,2025-03-03 22:10:00,PROD970,Stock Watch,Electronics,6,454.95,0.02,9.71,2684.82,Credit Card,Returned,"23955 Richardson Route Apt. 591, South Gerald, MT 61920",Littleborough,India,08401,False
ORD001894,CUST7865,Tonya Murray,melissacarr@scott.biz,2025-09-08 15:12:00,PROD188,College Chair,Sports,3,151.18,0.3,17.48,334.96,Cash on Delivery,Processing,"3919 Kathleen Tunnel Apt. 828, New Maryborough, VA 42504",South Joelhaven,USA,40266,True
ORD001895,CUST4248,Teresa Morgan,myersdavid@gmail.com,2025-03-17 22:21:00,PROD628,Reveal Watch,Fashion,10,1489.7,0.18,36.11,12251.65,Debit Card,Cancelled,"78566 Charles Squares Suite 272, Jerryhaven, DE 40480",Monicachester,UK,46495,True
ORD001896,CUST5695,Ryan Adams,james01@yahoo.com,2025-04-08 09:46:00,PROD663,Event Phone,Electronics,3,1621.68,0.26,15.53,3615.66,UPI,Delivered,"84554 Marsh Corners, Lake Douglas, RI 90513",Anitaborough,UK,10842,False
ORD001897,CUST1084,Anthony Howard,spencerabigail@young.com,2025-01-14 14:47:00,PROD808,Civil Chair,Books,9,834.89,0.04,11.27,7224.72,Net Banking,Pending,"417 Russell Tunnel, Williamsfurt, NC 26888",New Franklin,Germany,93233,True
ORD001898,CUST2471,Dylan Sutton,georgevanessa@freeman-murphy.com,2026-02-03 19:04:00,PROD594,Partner Bag,Fashion,8,1261.6,0.29,34.4,7200.29,Cash on Delivery,Shipped,"9590 Donald Forge, Martinborough, DE 21707",Jeffreyborough,USA,57078,False
ORD001899,CUST6800,Jasmine Perkins,simmonscynthia@yahoo.com,2025-02-10 08:22:00,PROD621,Fire Laptop,Home,7,389.21,0.08,30.25,2536.76,UPI,,"148 Isaiah Cliffs, Reneemouth, UT 65222",North Pamela,Canada,45983,True
ORD001900,CUST7429,William Martin,natasha55@gmail.com,2026-01-09 23:51:00,PROD785,Class Book,Fashion,2,645.32,0.25,13.03,981.01,Wallet,Returned,"0583 Brown Estate Apt. 884, New Edward, ND 83635",Walterhaven,Australia,76325,True
ORD001901,CUST5027,Annette Ross,alyssamitchell@yahoo.com,2026-04-17 12:03:00,PROD948,Similar Chair,Electronics,8,1643.41,0.0,14.25,13161.53,Cash on Delivery,Cancelled,"36141 Calderon Fort Suite 072, Barrberg, AK 06409",Brianport,Germany,01111,False
ORD001902,CUST9944,Jessica Austin,jwells@kirk.com,2026-04-03 09:07:00,PROD253,Pay Shoes,Electronics,9,556.2,0.01,38.06,4993.8,Wallet,Cancelled,"054 Nicole Hill Suite 840, Danielport, CT 34616",Lake Williamhaven,India,61180,True
ORD001903,CUST7090,Kenneth Bailey DDS,kbishop@gmail.com,2025-10-29 12:25:00,PROD940,Perhaps Phone,Sports,0,1535.52,0.22,2.0,3595.12,Net Banking,Cancelled,"9016 Craig Inlet, Bradfordbury, AL 82170",Thomasville,Australia,40447,False
ORD001904,CUST6270,Ernest Mcknight,dillon67@ramirez-hamilton.com,2025-11-18 22:47:00,PROD261,Start Phone,Beauty,1,1321.84,0.16,0.62,1110.97,UPI,Delivered,"678 Wilcox Ford Suite 164, South Carlos, DE 12873",Trujillostad,India,77526,False
ORD001905,CUST7840,Wanda Taylor,hwilson@turner-kelley.com,2025-05-25 22:27:00,PROD235,Investment Shoes,Electronics,10,417.26,0.06,11.84,3934.08,Debit Card,Returned,"325 Alejandro Walk Apt. 028, Lake David, OK 87919",West Chaseland,Canada,12264,False
ORD001906,CUST8985,Amber Miller,taylor81@yahoo.com,2025-06-03 08:54:00,PROD143,Right Phone,Beauty,1,1008.76,0.15,2.67,860.12,Wallet,Delivered,"94238 Jacob Cliff Apt. 458, West Melissa, WA 01647",Lake Tylershire,Canada,24151,False
ORD001907,CUST2518,Mathew Cox,robertroberts@yahoo.com,2026-05-12 01:38:00,PROD653,Face Chair,Beauty,3,86.85,0.2,5.87,214.31,Cash on Delivery,Returned,"702 Weber Coves Suite 466, Obrienberg, AL 63912",New Stephen,Australia,17742,False
ORD001908,CUST7202,Patricia Haynes,hicksrobert@hotmail.com,2026-03-20 07:05:00,PROD202,Effect Laptop,Home,2,403.39,0.26,7.26,604.28,Wallet,Delivered,"453 Bautista Well Apt. 829, Lake Jameshaven, MD 51538",East Angelaview,Germany,00753,False
ORD001909,CUST7607,Brittany Holmes,donnaarnold@hotmail.com,2025-10-15 01:21:00,PROD133,Whatever Book,Books,3,1601.68,0.07,32.91,4501.6,Cash on Delivery,Pending,"47904 Bryant Common Suite 379, South Patricia, WV 57031",New Kaylaberg,Australia,33154,True
ORD001910,CUST5466,Bridget Rubio,fleminggerald@herrera-fisher.info,2025-03-17 00:20:00,PROD472,Side Bag,Home,4,1203.24,0.14,0.35,4139.5,UPI,Delivered,"465 Harris Ridge, East Henry, DE 17249",South Cindyborough,UK,42476,True
ORD001911,CUST5739,Sabrina Ayala,jeremysimpson@torres.com,2026-03-19 17:43:00,PROD499,Away Bag,Electronics,3,1837.48,0.27,4.0,4028.08,Wallet,Pending,"PSC 6083, Box 8814, APO AP 77061",Amberburgh,Canada,88379,False
ORD001912,CUST3167,Michael Lee,roger61@silva.com,2026-01-09 07:36:00,PROD993,Space Watch,Fashion,5,845.34,0.24,40.2,3252.49,Debit Card,Delivered,"13375 Christopher Green, Ebonyport, NV 17701",South Anthony,Germany,07221,False
ORD001913,CUST9759,Wanda Odonnell,kelsey22@hotmail.com,2026-04-18 00:23:00,PROD408,Gun Laptop,Fashion,4,1952.56,0.04,19.22,7517.05,UPI,Returned,"03748 Holland Pine Apt. 743, Lake Brent, AR 52950",Port Deborahside,UK,32813,False
ORD001914,CUST7444,Trevor Freeman,xwebb@hotmail.com,2025-01-04 06:58:00,PROD342,Heart Laptop,Books,7,1036.29,0.01,46.41,7227.9,Net Banking,Pending,"1573 Jesse Forges Apt. 790, East Amanda, OR 38645",West Samuelport,USA,89504,False
ORD001915,CUST8027,Jamie Garcia,hcrosby@hernandez.com,2026-03-01 00:23:00,PROD372,Main Chair,Electronics,1,262.89,0.16,32.05,252.88,Wallet,Returned,"48099 Moore Greens Apt. 756, Port Shannonbury, NV 20322",North Thomastown,Canada,08842,True
ORD001916,CUST4887,Frank Rivera,sstevens@yahoo.com,2025-01-06 06:37:00,PROD754,End Laptop,Fashion,1,1186.77,0.3,2.94,833.68,UPI,Returned,"7444 Kristen Overpass, Lake Raymondfort, WA 93781",East Andrewburgh,USA,38035,True
ORD001917,CUST8659,Ms. Brandy Craig,castrojeffrey@villanueva.com,2025-11-08 08:21:00,PROD812,State Phone,Home,3,1378.68,0.23,23.0,3207.75,Debit Card,Shipped,"039 Brian Ville Apt. 803, Josephville, IA 58306",North Edward,India,93720,True
ORD001918,CUST6715,Rebecca Johnson,wiseamber@hotmail.com,2026-05-12 12:02:00,PROD934,His Watch,Home,1,1248.45,0.16,2.15,-1050.85,Cash on Delivery,Delivered,"22927 Christy Divide Apt. 986, Port Becky, AZ 55492",North Joshua,Germany,56713,False
ORD001919,CUST5612,Kristina Lozano,amyyork@jones.biz,2026-02-20 08:40:00,PROD810,Media Book,Home,10,1903.88,0.01,14.29,18862.7,Debit Card,Cancelled,"986 Nelson Harbor Apt. 185, North Danielview, GA 58218",West Matthew,Canada,60712,True
ORD001920,CUST6740,Noah Braun,gtaylor@thompson-walker.com,2025-03-05 17:01:00,PROD642,Color Shoes,Home,9,245.95,0.16,19.46,1878.84,UPI,Returned,"75215 Tony Stream Apt. 311, Jeffreyland, MS 50794",New Eric,Germany,61057,False
ORD001921,CUST9110,Jacob Aguilar,halexander@armstrong.com,2025-07-27 05:55:00,PROD153,Current Book,Beauty,3,1196.25,0.21,7.47,2842.58,Net Banking,Delivered,"5740 Sparks Fort Suite 869, Davisport, MO 21248",New Clarence,UK,65709,True
ORD001922,CUST1171,Mr. Randy Nguyen,milleralexander@olson.info,2025-05-01 13:06:00,PROD403,Now Watch,Groceries,7,1681.51,0.09,21.15,10732.37,Cash on Delivery,Delivered,"263 Fowler Cliffs, Sheltonton, HI 24876",Brianhaven,USA,12095,False
ORD001923,CUST6982,Crystal Craig,qkaufman@carter.com,2026-04-07 12:01:00,PROD127,She Laptop,Home,3,397.5,0.24,3.14,909.44,Debit Card,Cancelled,"Unit 4727 Box 8792, DPO AA 37553",Velasquezmouth,Australia,10439,True
ORD001924,CUST6682,Alexander Schaefer,kcarroll@hotmail.com,2025-02-04 14:14:00,PROD639,Every Watch,Sports,2,849.21,0.24,15.8,1306.6,Credit Card,Pending,"613 Patterson Place, East Shawn, OH 17659",Tiffanyborough,Germany,04396,True
ORD001925,CUST5347,Kelly Wise,thompsontonya@potts.biz,2025-04-02 08:19:00,PROD157,Director Bag,Books,2,422.33,0.18,15.38,708.0,UPI,Cancelled,"6710 Susan Loaf, East Jenna, WA 13892",East Logan,Australia,17610,False
ORD001926,CUST6231,Patricia Grimes,tonywhite@hotmail.com,2025-04-20 03:43:00,PROD840,Create Watch,Electronics,6,1390.32,0.3,23.38,5862.72,Wallet,Pending,"12520 Joseph Ferry Apt. 918, New Kathleen, FL 38725",Rochafurt,Australia,86814,True
ORD001927,CUST5920,Thomas Guerrero,leeconnor@carlson.com,2026-01-24 20:59:00,PROD967,Possible Bag,Books,9,1276.26,0.16,21.74,9670.27,Wallet,Returned,"1376 Moreno Hollow Apt. 967, New Kellymouth, RI 20602",New Jenniferview,USA,81971,False
ORD001928,CUST9108,Hayley Clarke,knoxjose@yahoo.com,2025-06-19 12:56:00,PROD370,Would Bag,Beauty,2,1109.69,0.06,16.11,2102.33,Wallet,Cancelled,"593 Brown Courts Apt. 752, Zimmermanfort, DC 45023",Floydmouth,UK,06702,False
ORD001929,CUST8835,Christopher Jensen,olivialopez@jackson-adams.com,2025-10-08 00:23:00,PROD967,Research Watch,Groceries,8,103.11,0.06,12.14,787.53,Cash on Delivery,Returned,"0307 Gardner Isle Suite 677, East Christine, TN 64063",New Alex,India,58671,False
ORD001930,CUST9009,Bobby Harris,zsimmons@howell-evans.org,2025-05-06 00:51:00,PROD347,Run Shoes,Fashion,2,1129.51,0.05,30.17,2176.24,Debit Card,Delivered,"3722 Victor Harbor, East Ricardoport, TN 47141",Johnburgh,Australia,78501,False
ORD001931,CUST4048,Tony Cox,ortegamark@hotmail.com,2025-04-19 21:08:00,PROD989,Fast Phone,Fashion,4,1133.22,0.26,14.45,3368.78,UPI,Pending,"492 Amanda Villages, Jenniferton, DC 18173",West Raven,USA,11249,True
ORD001932,CUST3708,Patricia Humphrey,robertsanchez@hotmail.com,2026-02-22 12:59:00,PROD549,Simple Watch,Fashion,8,755.24,0.26,32.64,4503.66,Wallet,Shipped,"0704 Matthew Square Apt. 759, North Samuel, CA 04874",Markborough,Australia,85043,True
ORD001933,CUST1355,Stephen Griffin,mirandarobert@gmail.com,2025-04-25 23:34:00,PROD689,News Laptop,Home,6,1305.15,0.01,11.91,7764.5,Cash on Delivery,Processing,"5853 Garza Shores Suite 881, Dawsonhaven, AZ 82275",Riveraville,India,75784,True
ORD001934,CUST4480,Nicole Romero,dawn73@gmail.com,2025-08-05 19:12:00,PROD404,Because Watch,Beauty,4,1523.49,0.05,13.95,5803.21,Credit Card,Processing,"545 Mitchell Neck Suite 060, Joanside, NY 88298",West Amber,Canada,49423,True
ORD001935,CUST6604,Diane Raymond,melissamccarthy@miller-moyer.com,2026-04-01 19:00:00,PROD229,Last Watch,Electronics,8,666.14,0.1,4.21,4800.42,Net Banking,Shipped,"0156 Peter Throughway Apt. 805, South Valerie, FL 03976",New Markfurt,Germany,31717,False
ORD001936,CUST1061,Jenny Gill,rwilliams@yahoo.com,2025-10-19 22:38:00,PROD833,Protect Chair,Books,10,143.53,0.17,11.06,1202.36,UPI,Pending,"37558 Zachary Flats, East Desiree, OR 33137",West Melissa,USA,67507,True
ORD001937,CUST9073,Kenneth Martin,everettlindsay@graham-clark.info,2025-12-11 04:11:00,PROD560,Popular Watch,Books,7,1985.83,0.22,7.53,10850.16,Debit Card,Processing,"90028 Aaron Brooks, East Julie, MT 12302",Castrohaven,USA,94548,True
ORD001938,CUST1463,Jennifer Scott,jdudley@neal-osborne.com,2025-08-01 23:32:00,PROD921,About Watch,Electronics,1,1910.11,0.12,14.94,1695.84,Debit Card,Delivered,"50122 Michael Flats Suite 375, South Charles, NH 52291",Odonnellfurt,Canada,22418,False
ORD001939,CUST3216,Larry Buchanan,rodriguezelizabeth@andrade-williams.info,2025-01-27 07:24:00,PROD745,Main Book,Electronics,1,673.44,0.09,31.2,644.03,Cash on Delivery,Shipped,"6083 Ewing Lane Suite 917, Albertside, ID 12974",East Jeffrey,India,42294,False
ORD001940,CUST8116,Courtney George,dakotaburns@gmail.com,2026-02-10 22:19:00,PROD584,Pull Chair,Groceries,1,268.89,0.15,0.93,229.49,UPI,Returned,"5141 Ramirez Street, Nealhaven, OK 73863",East Chelsea,Canada,59992,True
ORD001941,CUST3619,Sherry Ashley,crice@burnett.org,2025-08-08 14:26:00,PROD114,Wrong Chair,Electronics,3,745.64,0.28,42.09,1652.67,Debit Card,Delivered,"55501 Carl Rapid Apt. 499, Davidborough, MA 76089",Joeltown,Australia,11508,False
ORD001942,CUST7744,Jasmine Nelson,rogerssylvia@yahoo.com,2025-04-08 16:42:00,PROD846,Establish Laptop,Home,6,1270.41,0.24,47.19,5840.26,Wallet,Shipped,"5210 Benjamin Trace, New Amy, AL 83283",Joneschester,UK,03407,False
ORD001943,CUST8936,Terri Jones,johnsonrichard@franklin-gomez.com,2025-06-11 19:31:00,PROD866,Amount Phone,Groceries,10,421.69,0.16,10.88,3553.08,Wallet,Cancelled,"PSC 8486, Box 5425, APO AP 43905",Everetthaven,Australia,50802,False
ORD001944,CUST6160,Catherine Williamson,justin17@gmail.com,2026-03-08 19:50:00,PROD933,Affect Book,Electronics,2,519.09,0.27,25.3,783.17,UPI,Pending,"3929 Helen Valley Suite 907, Port Noahhaven, NM 19076",West Katherine,Canada,99884,True
ORD001945,CUST5214,Theresa Chen,murraymichael@gmail.com,2025-03-15 13:49:00,PROD490,Arm Laptop,Fashion,7,596.71,0.04,37.27,4047.16,Credit Card,Cancelled,"04830 Myers Mountain Apt. 255, New Eric, VA 40736",New Jim,USA,91826,True
ORD001946,CUST1066,Pamela Martin,brian34@clark.com,2025-12-05 03:21:00,PROD816,Want Laptop,Fashion,10,580.19,0.28,11.4,4188.77,Cash on Delivery,Pending,"USS Jones, FPO AA 34135",Webbtown,UK,33133,False
ORD001947,CUST5983,Rebecca Levine,weaverheather@gmail.com,2026-01-15 22:58:00,PROD609,Difference Book,Fashion,3,279.25,0.06,29.58,817.06,Cash on Delivery,Cancelled,"10443 Barry Track, New Ambershire, IA 33815",Lake Bethanychester,USA,91841,False
ORD001948,CUST9623,Nicholas Leblanc,elizabeth65@yahoo.com,2025-07-23 22:29:00,PROD244,Near Shoes,Fashion,9,1393.69,0.02,25.67,12318.02,Net Banking,Cancelled,"52776 Mcdonald Lakes, Skinnerport, FL 76695",South Tristan,Canada,03523,False
ORD001949,CUST7298,Daniel Lara,tsummers@ramirez.com,2025-01-30 10:42:00,PROD814,Believe Laptop,Beauty,9,1945.2,0.09,19.4,15950.59,Debit Card,Pending,"523 Theresa Rest, Jonesport, WA 03352",Lake Louis,Australia,65871,False
ORD001950,CUST5440,Daniel Thompson,brittany86@sanford.com,2025-10-22 20:23:00,PROD500,Wide Laptop,Groceries,7,615.36,0.22,28.75,3388.62,Cash on Delivery,Cancelled,"37347 Santos Forge Apt. 658, Williammouth, NE 47187",Sandrafurt,Germany,82030,False
ORD001951,CUST9873,Andrea Lowe,cynthiabowman@hotmail.com,2025-12-18 14:39:00,PROD347,Million Laptop,Groceries,5,1136.9,0.24,9.64,4329.86,Wallet,Returned,"144 Sheryl Pine Apt. 687, Wilsontown, MD 03592",Randyville,UK,94426,True
ORD001952,CUST7835,Raymond Cox,snyderkerry@garrett.org,2025-04-14 12:51:00,PROD185,Turn Watch,Books,2,106.14,0.16,28.7,207.02,Debit Card,Processing,"58890 Tony Street, Bassshire, AL 10880",South William,India,84614,True
ORD001953,CUST6415,Peter Jackson,brianwilliams@hotmail.com,2025-08-03 10:22:00,PROD611,Under Bag,Sports,6,1466.25,0.21,20.32,6970.35,Net Banking,Shipped,"Unit 1697 Box 6905, DPO AA 32845",Kathrynfurt,Germany,72817,False
ORD001954,CUST8060,Morgan Rowe,umiller@gmail.com,2026-01-20 11:56:00,PROD381,Room Laptop,Electronics,8,707.37,0.3,8.61,3969.88,Credit Card,Delivered,"71073 Matthew Mission, Cindyberg, HI 31970",Port Tinaport,UK,67179,False
ORD001955,CUST6855,Pamela Fields,zmarquez@gmail.com,2025-06-22 16:50:00,PROD173,Type Watch,Books,7,1617.67,0.26,14.56,8394.09,UPI,Pending,"04631 Alicia Lights, Savageland, ND 65373",West Andrew,Germany,42373,False
ORD001956,CUST8738,Edward Harvey,walkercody@carter-ramos.org,2025-02-24 04:11:00,PROD403,Partner Laptop,Fashion,5,1723.84,0.08,38.49,7968.15,Debit Card,Cancelled,"35054 Shannon Walk Suite 471, Holtshire, ID 54114",East Christophermouth,USA,31159,False
ORD001957,CUST1686,Diana Santos,kimberlycardenas@yahoo.com,2026-04-13 17:27:00,PROD847,South Laptop,Books,1,1027.55,0.07,15.91,971.53,Credit Card,Delivered,"584 Nichols Center Apt. 227, Krausetown, CT 73115",South Katherinefort,USA,17081,False
ORD001958,CUST9399,Jerry Lee,rachel51@hotmail.com,2025-04-10 01:56:00,PROD758,Summer Watch,Electronics,10,600.11,0.28,7.69,4328.48,Debit Card,Processing,"7421 Melissa Point Apt. 063, Kennethfort, AK 90009",Garymouth,India,95782,False
ORD001959,CUST2133,Yolanda Lopez MD,jason49@martinez-collins.net,2026-01-10 01:34:00,PROD317,Kind Book,Beauty,10,1473.09,0.07,49.16,13748.9,Wallet,Shipped,"25350 Susan Falls, Villaview, MO 84347",East Jerryview,India,65008,False
ORD001960,CUST8978,Colleen Woods,allison77@rogers.com,2025-11-23 02:52:00,PROD238,Several Chair,Home,10,953.88,0.15,42.23,8150.21,UPI,Cancelled,"PSC 0402, Box 3420, APO AE 30135",Davidsonside,USA,40046,False
ORD001961,CUST8602,Randy Clark,martinezlee@jenkins.biz,2025-02-26 06:23:00,PROD309,Others Book,Groceries,7,1220.74,0.16,14.94,7192.89,Net Banking,Pending,"5869 Jensen Rest, Weavermouth, UT 15471",Lake Dawn,Australia,41078,False
ORD001962,CUST5115,Ethan Flores,mjimenez@castaneda-perkins.com,2025-06-03 16:00:00,PROD793,Number Laptop,Home,10,647.13,0.19,47.67,5289.42,Wallet,Cancelled,"66633 Lopez Passage Apt. 911, Jordanville, NY 23076",Catherinemouth,Australia,60309,True
ORD001963,CUST1725,Henry Downs,glasssarah@stephenson-acevedo.biz,2025-03-13 21:27:00,PROD920,Hot Shoes,Electronics,1,341.33,0.19,13.51,289.99,UPI,Returned,"5126 Sutton Unions Suite 907, Lindastad, ID 67806",West Sharon,Canada,54663,True
ORD001964,CUST3516,Keith Walker,gsingleton@yahoo.com,2025-06-20 16:17:00,PROD141,Room Shoes,Electronics,10,1683.86,0.01,9.56,16679.77,Wallet,Shipped,"309 Tucker Camp, Ashleymouth, WA 48215",Millerview,Australia,74499,False
ORD001965,CUST6058,Melinda Hall,connor67@hotmail.com,2025-12-07 14:30:00,PROD168,Threat Phone,Books,5,1067.52,0.14,30.48,4620.82,Cash on Delivery,Pending,"925 Melanie Courts, Dawnbury, IL 99269",Danielleburgh,Germany,80864,True
ORD001966,CUST9519,Timothy Miller,gbarker@west-baker.com,2025-04-14 00:32:00,PROD994,Start Watch,Beauty,9,1510.46,0.04,30.32,13080.69,Wallet,Returned,"732 Stephen Place Apt. 169, Johnville, OH 19254",Mullinsfort,Germany,88222,True
ORD001967,CUST1510,Miguel Owens,cooperjennifer@nunez.com,2025-10-20 13:10:00,PROD854,Society Bag,Home,4,1295.17,0.07,48.55,4866.58,Cash on Delivery,Delivered,"994 Douglas Crossing, South Keithfurt, ME 17676",South Kyle,Canada,39382,False
ORD001968,CUST4437,William Davenport,debrajohnson@gmail.com,2026-01-02 19:48:00,PROD201,Appear Chair,Books,5,335.66,0.13,24.03,1484.15,Debit Card,Cancelled,"4318 Benjamin Inlet Apt. 460, Port Tabithaside, MI 34521",Santanafurt,Australia,30381,True
ORD001969,CUST7087,George Hunt,dkim@hebert-schroeder.org,2025-07-16 12:11:00,PROD194,Her Chair,Sports,10,431.2,0.29,45.74,3107.26,Credit Card,Pending,"035 Lambert Village Suite 428, East Melissa, NY 37188",Rossland,UK,70981,True
ORD001970,CUST9990,Jennifer Church,ewingchristopher@gmail.com,2025-05-31 04:56:00,PROD707,Father Chair,Electronics,7,1647.54,0.25,28.16,8677.74,Net Banking,Delivered,"9370 Thomas Divide, West Donald, VT 27992",Davisbury,USA,68431,True
ORD001971,CUST1441,Kimberly Brown,bgarcia@gmail.com,2025-03-10 14:46:00,PROD255,Third Shoes,Fashion,3,444.03,0.14,22.52,1168.12,Net Banking,Cancelled,"5487 Joanna Center Suite 461, Nicholasview, IA 67679",Richardton,Australia,16541,True
ORD001972,CUST8340,Jay Morgan,cpetty@hotmail.com,2025-01-19 22:52:00,PROD156,Player Bag,Sports,7,636.14,0.08,39.97,4136.71,UPI,Cancelled,"9753 Blake Row, Frederickshire, IL 17001",Dennisbury,UK,71509,False
ORD001973,CUST6142,Melissa Sanders,jennifer42@lopez.net,2025-10-25 10:45:00,PROD307,Across Phone,Sports,5,145.85,0.24,21.04,575.27,Credit Card,Shipped,"71865 Stephen Lodge Apt. 204, Morganmouth, MD 57399",Walkerfurt,Canada,98700,True
ORD001974,CUST9095,Jeanette Hester,sabrinathomas@cochran.com,2026-03-08 14:47:00,PROD716,Western Laptop,Sports,4,928.22,0.02,29.16,3667.78,Wallet,Shipped,"03799 Rebecca Hollow, Hartborough, VA 06523",East Jessemouth,Germany,59136,False
ORD001975,CUST9384,Laura Huynh,tsoto@reed.com,2025-09-19 19:48:00,PROD553,Perform Watch,Fashion,7,339.46,0.25,10.5,1792.67,Wallet,Shipped,"201 Jason Bridge, Manuelfort, KY 94016",Lake Andreamouth,India,06970,True
ORD001976,CUST2782,Taylor Mccarthy,holdencassandra@taylor.biz,2026-05-07 00:43:00,PROD284,Smile Laptop,Beauty,8,800.19,0.05,29.68,6111.12,Cash on Delivery,Returned,"268 Christopher Plaza, Lake Andrewborough, OH 26414",South Kara,Canada,98435,True
ORD001977,CUST9847,Valerie Blackburn,evanssheri@yahoo.com,2025-11-20 10:47:00,PROD635,Moment Bag,Books,2,1096.63,0.24,4.99,1671.87,Cash on Delivery,Cancelled,"456 Rebecca Stravenue, Amandahaven, SD 10300",South Hollyport,India,87200,True
ORD001978,CUST1600,Rebecca English,sarahbrown@henry.com,2026-02-22 00:41:00,PROD994,Sell Laptop,Electronics,8,19.05,0.12,35.76,169.87,Net Banking,Cancelled,"201 Wendy Points, North Timothybury, VA 19070",Evansmouth,Canada,68505,True
ORD001979,CUST4668,Andrew Weber,david88@gmail.com,2025-04-23 15:49:00,PROD381,Food Bag,Sports,3,1181.01,0.04,27.66,3428.97,Cash on Delivery,Processing,"2537 Taylor Rapid Suite 178, Anafort, NM 06180",East Brandy,UK,66940,False
ORD001980,CUST8540,Cheryl Brown,scott19@smith.com,2025-11-08 14:58:00,PROD623,Single Phone,Books,1,489.01,0.09,21.04,466.04,Wallet,Shipped,"41024 Michael Islands, Harriston, MS 21166",Francoport,Australia,37412,True
ORD001981,CUST2663,Theresa Mcdonald,iflowers@hotmail.com,2026-05-14 06:21:00,PROD884,Join Shoes,Groceries,6,1382.58,0.0,24.34,8319.82,Cash on Delivery,Processing,"8729 Martinez Ways Apt. 429, Richardsonside, CO 08109",Lake Tammyport,USA,08806,True
ORD001982,CUST6856,Allen Luna,samantha23@hughes.com,2025-06-15 10:21:00,PROD230,Measure Bag,Electronics,1,1364.28,0.23,22.0,1072.5,Wallet,Pending,"1528 Tracie Inlet, Davidstad, MT 74413",West Meganhaven,UK,39897,True
ORD001983,CUST4428,Laurie Cook,agoodman@martinez-williams.com,2025-09-22 08:45:00,PROD207,Measure Laptop,Home,5,530.5,0.09,49.09,2462.87,Credit Card,Cancelled,"788 Rivera Crossroad, Walkerburgh, WA 68948",Kennethbury,Germany,30742,False
ORD001984,CUST1806,Erica Pearson,browntimothy@smith-thomas.com,2026-05-02 01:41:00,PROD303,Friend Watch,Sports,2,1506.32,0.28,48.89,2217.99,Net Banking,Shipped,"0627 Caldwell Streets, Thomaston, NY 70074",East William,India,52032,False
ORD001985,CUST8378,Deborah James,matthewramirez@hotmail.com,2025-11-18 12:52:00,PROD732,Fly Watch,Sports,9,1205.47,0.22,29.14,8491.54,Credit Card,Delivered,"892 Summers Shores, Shaunport, MT 82577",Jenniferborough,USA,30723,True
ORD001986,CUST5807,Robert Robinson,amy18@ward.com,2025-11-24 09:51:00,PROD125,Eat Chair,Fashion,5,717.54,0.15,13.17,3062.72,Net Banking,Delivered,"92580 Salazar Port Suite 373, East Carlos, RI 27329",Figueroastad,Australia,44575,False
ORD001987,CUST8860,Juan Dillon,patriciasmith@smith.info,2026-05-04 09:52:00,PROD323,Technology Chair,Books,1,137.46,0.07,6.74,134.58,Wallet,Shipped,"9513 Stephanie Summit, Randyland, ID 90058",Natalieville,Australia,33925,True
ORD001988,CUST3413,Mark Williams,danielbrittany@hotmail.com,2026-03-21 03:22:00,PROD778,Woman Watch,Fashion,10,1890.08,0.11,35.32,16857.03,Credit Card,Processing,"77160 Jill Points, Port Daniel, IA 41002",Harrisville,Canada,48746,False
ORD001989,CUST7034,Matthew Allen,james75@gmail.com,2026-05-08 17:49:00,PROD822,Technology Bag,Home,4,1422.79,0.04,41.49,5505.0,Cash on Delivery,Shipped,"Unit 8612 Box 2400, DPO AE 18159",Audreyfort,USA,93397,True
ORD001990,CUST6684,Joshua Patel,fowlerjackson@hotmail.com,2025-04-27 05:19:00,PROD741,Material Bag,Home,2,754.95,0.3,18.64,1075.57,Wallet,Cancelled,"USNV Smith, FPO AP 70037",Watsonfort,USA,92682,False
ORD001991,CUST5171,Debbie Taylor,christopher80@flowers.com,2026-02-13 12:01:00,PROD498,Provide Shoes,Beauty,8,1821.21,0.09,39.74,13298.15,Credit Card,Delivered,"841 Bowen Station, Nancyfort, SD 78025",South Dawn,Germany,55036,False
ORD001992,CUST2882,Sara Manning,adamwood@houston.info,2025-10-06 09:41:00,PROD534,Accept Laptop,Books,2,1843.55,0.15,37.04,3171.08,Credit Card,Cancelled,"330 Robinson Road Suite 815, Lake Paul, LA 38658",East Emily,Germany,27537,True
ORD001993,CUST2176,Dennis Schaefer,perezandrew@rodriguez.org,2026-05-01 05:57:00,PROD761,Believe Chair,Home,3,158.46,0.2,20.22,400.52,Credit Card,Cancelled,"75597 Jackson Walk Suite 348, Jodiport, AR 44224",West Sara,USA,99163,False
ORD001994,CUST4332,Karen Rogers,mcguiredylan@gmail.com,2026-03-05 08:42:00,PROD810,Once Watch,Groceries,8,776.27,0.27,35.26,4568.68,Net Banking,Shipped,"1371 Sutton Plain, South Jeremiahberg, NM 16497",Oscarstad,Germany,45488,True
ORD001995,CUST4297,Joseph Graham,kathleenwelch@hotmail.com,2026-01-12 04:37:00,PROD889,Life Laptop,Groceries,3,1074.35,0.09,31.85,2964.83,Debit Card,Processing,"38322 Brown Ridge, Johnberg, UT 38839",East Noahmouth,UK,72543,False
ORD001996,CUST2909,Christopher Richardson,joebarber@johnson.net,2026-05-12 23:01:00,PROD671,Health Shoes,Books,10,1453.39,0.18,35.35,11953.15,Net Banking,Processing,"1438 Thomas Oval, Rebeccaton, OK 34476",Tylerland,UK,70512,False
ORD001997,CUST3286,Susan Waters,margaretthomas@russell.com,2025-03-05 19:47:00,PROD420,Issue Bag,Books,7,1979.95,0.12,47.63,12244.12,Debit Card,Pending,"4733 Brown Wall, Marcfurt, LA 83123",West Dannystad,Germany,61233,True
ORD001998,CUST9916,Mary Vang,kherman@thomas.com,2026-02-20 01:08:00,PROD140,Present Laptop,Fashion,3,271.61,0.21,11.01,654.73,Cash on Delivery,Cancelled,"2851 Rodriguez Alley Apt. 745, Hillchester, OR 85754",West Andrew,UK,56787,False
ORD001999,CUST8411,Victoria Alvarez,xroberts@brooks.info,2025-10-11 07:57:00,PROD729,Brother Laptop,Home,7,979.0,0.19,0.81,5551.74,Debit Card,Delivered,"3070 Cathy Isle Apt. 042, Robinsonbury, AR 23716",Howardmouth,Australia,65665,False
ORD002000,CUST2026,Dennis Carter,olong@dougherty-garcia.com,2025-05-22 12:07:00,PROD568,Nature Book,Groceries,5,591.06,0.19,10.56,2404.35,Net Banking,Shipped,"89740 Kathy Spur, West Renee, UT 90697",Ramirezborough,Germany,48190,False
